NOM_MUN,zona,IM_2020,IMN_2020,GM_2020,egresos_resp,area_verde_total_m2,POB_TOTAL,tasa_resp_ageb,centroid_x,centroid_y
Tláhuac,Sur,124.066204177179,0.969158667818335,Muy bajo,284,2092.4071342189,702.0,40455.84045584046,-99.05109537484556,19.280456524704064
Tláhuac,Sur,120.80833551499,0.94370941938267,Medio,284,0.0,3561.0,7975.287840494243,-99.0334086072156,19.285004468388507
Tláhuac,Sur,124.438434534854,0.972066391802945,Muy bajo,284,36224.153719216,2415.0,11759.83436853002,-99.05395186457136,19.280040445389425
Tláhuac,Sur,121.111476082887,0.946077439835088,Medio,284,11598.6088705693,5343.0,5315.365899307505,-99.02060253434158,19.289738412170166
Tláhuac,Sur,121.772197343134,0.951238746579553,Bajo,284,30736.4623640238,9689.0,2931.1590463412117,-98.99818630596026,19.268913895631265
Tláhuac,Sur,119.176843514251,0.930964815608589,Medio,284,1871.6810151606,7502.0,3785.6571580911755,-99.0426242708988,19.31093507442025
Tláhuac,Sur,122.822913805033,0.959446549608771,Bajo,284,1916.672573092,9088.0,3125.0,-99.05029184147868,19.308813644869183
Tláhuac,Sur,123.475952222143,0.964547840863371,Bajo,284,913989.9785629112,7148.0,3973.1393396754333,-99.0446816543244,19.28030810385253
Tláhuac,Sur,119.694692917295,0.935010060975073,Medio,284,0.0,3617.0,7851.810893005252,-99.03251989459297,19.30583374125665
Tláhuac,Sur,121.653858051123,0.950314324402245,Bajo,284,0.0,2156.0,13172.541743970314,-99.04664260063556,19.31319652421851
Tláhuac,Sur,121.3234455821,0.947733266083963,Bajo,284,37788.8309952254,4723.0,6013.127249629472,-98.9645909908258,19.223119994393944
Tláhuac,Sur,120.693348411983,0.942811183248945,Medio,284,13112.777283544,4071.0,6976.172930483911,-98.96680376028904,19.22848938238913
Tláhuac,Sur,122.836526329557,0.959552885546274,Bajo,284,4044.009694978,1655.0,17160.12084592145,-98.99438553814916,19.275254137339157
Tláhuac,Sur,123.889987977393,0.967782132938704,Muy bajo,284,2019.898139705,2196.0,12932.604735883424,-99.05741036058518,19.281492489780824
Tláhuac,Sur,121.741549504961,0.9509993371593,Bajo,284,0.0,3465.0,8196.248196248196,-99.06024299123236,19.287944199624004
Tláhuac,Sur,123.045650169364,0.961186482570861,Bajo,284,457.7892163888,4873.0,5828.032013133593,-99.05011517563597,19.305803460563048
Tláhuac,Sur,122.09362754607,0.953749638803108,Bajo,284,7659.08716758944,2814.0,10092.395167022032,-99.0568473757602,19.293415435910727
Tláhuac,Sur,122.697508781868,0.958466932589019,Bajo,284,346.577207417,4075.0,6969.325153374232,-99.06179009905216,19.30168732312332
Tláhuac,Sur,120.429595448779,0.940750843995823,Medio,284,1014.366461026,1796.0,15812.917594654788,-99.01078016118852,19.29608705333061
Tláhuac,Sur,124.963739669884,0.976169878552139,Muy bajo,284,82002.3613015977,1877.0,15130.527437400107,-99.05249478706676,19.28600086118181
Tláhuac,Sur,122.78253613581,0.959131134396597,Bajo,284,324832.97344900004,3675.0,7727.891156462585,-99.06209637353972,19.28653792798753
Tláhuac,Sur,122.282583018922,0.955225688107273,Bajo,284,31680.128358840804,1211.0,23451.692815854665,-99.00962091646944,19.27919171938685
Tláhuac,Sur,122.045034757628,0.95337005015989,Bajo,284,5591.057881435,5957.0,4767.500419674333,-99.05543349985304,19.30704722573985
Tláhuac,Sur,119.958931221426,0.937074191529531,Medio,284,4286.307029694,5135.0,5530.671859785783,-99.03923391404508,19.311554933517296
Tláhuac,Sur,122.678824622762,0.958320978943794,Bajo,284,349180.9064571904,548.0,51824.81751824818,-99.06308020939554,19.283763264386064
Tláhuac,Sur,120.916292416108,0.944552738215253,Medio,284,3105.6784941455003,5265.0,5394.112060778727,-99.0587044600594,19.29918317900092
Tláhuac,Sur,122.576926263896,0.957524987171607,Bajo,284,41428.831403217,2582.0,10999.225406661502,-99.0579519513548,19.296127220805637
Tláhuac,Sur,123.356788961877,0.963616982155002,Bajo,284,4132.5911613057,1979.0,14350.68216270844,-99.0611692006716,19.29203968873115
Tláhuac,Sur,123.515453245509,0.964856408046808,Bajo,284,48639.767411361005,1301.0,21829.362029208303,-99.05445490663892,19.28358522015775
Tláhuac,Sur,119.131313145868,0.930609149442613,Medio,284,4569.382685053,3577.0,7939.614201845122,-99.04707392244522,19.302583452457306
Tláhuac,Sur,122.948744932955,0.960429495199115,Bajo,284,0.0,4499.0,6312.513891975995,-99.0473395459704,19.30617524800923
Tláhuac,Sur,121.009708020813,0.945282465892585,Medio,284,0.0,4283.0,6630.866215269671,-99.04576066914684,19.305662843978315
Tláhuac,Sur,121.847333633229,0.95182568310507,Bajo,284,43859.61053402,5241.0,5418.813203587101,-99.00755523849917,19.256253898480526
Tláhuac,Sur,122.423009265904,0.956322645295203,Bajo,284,635.4453173244999,3150.0,9015.873015873016,-99.0537428127602,19.29930520444047
Tláhuac,Sur,122.205533398721,0.954623805364382,Bajo,284,419.930683167,1716.0,16550.11655011655,-98.99465263578662,19.272081418335805
Tláhuac,Sur,122.272784936398,0.955149149160433,Bajo,284,216.908625672,3835.0,7405.475880052151,-99.05240682855984,19.29665870851259
Tláhuac,Sur,121.120359995139,0.946146837626534,Medio,284,23048.093709861,3768.0,7537.1549893842885,-99.00247779210513,19.28782508488035
Tláhuac,Sur,121.71567053976,0.950797180386588,Bajo,284,29923.061942103,2090.0,13588.516746411484,-99.00911853647062,19.28439817352337
Tláhuac,Sur,120.087519528843,0.93807867517228,Medio,284,0.0,3892.0,7297.019527235354,-99.03268883461207,19.28841398004872
Tláhuac,Sur,121.956904175647,0.952681607098443,Bajo,284,26593.595648414,3183.0,8922.400251335217,-99.01292206269702,19.29005449005576
Tláhuac,Sur,121.119958711585,0.946143702949873,Medio,284,2704.85561483,2853.0,9954.433929197336,-99.01158921691616,19.29325701054936
Tláhuac,Sur,120.571432788357,0.941858824110018,Medio,284,1669.9715234106,4060.0,6995.073891625615,-99.00542881199404,19.293482276083108
Tláhuac,Sur,121.776554129717,0.951272780162746,Bajo,284,0.0,3863.0,7351.799119855034,-99.03863206281603,19.290487871388795
Tláhuac,Sur,121.519067803968,0.949261393531715,Bajo,284,5495.8025327492,3995.0,7108.886107634543,-99.04770988177488,19.2892051195353
Tláhuac,Sur,122.65491061498,0.958134171681668,Bajo,284,5065.239794171401,5895.0,4817.642069550467,-99.04297409031903,19.28850285588253
Tláhuac,Sur,122.397788850268,0.956125632864772,Bajo,284,6689.161109464,1728.0,16435.185185185186,-98.9939146813902,19.2782706611366
Tláhuac,Sur,121.388521347921,0.948241613566089,Bajo,284,0.0,3703.0,7669.4571968674045,-99.03278199968923,19.291507158387933
Tláhuac,Sur,121.60384098059,0.94992360980138,Bajo,284,0.0,2664.0,10660.66066066066,-99.05763644000731,19.287701610077324
Tláhuac,Sur,121.65221870429,0.950301518439463,Bajo,284,391.909316556,4898.0,5798.285014291548,-99.0509099490973,19.292954240685784
Tláhuac,Sur,121.155229709642,0.946419226761663,Medio,284,15410.39356576,3179.0,8933.62692670651,-99.003208648772,19.28329972548562
Tláhuac,Sur,121.769879791139,0.951220642732343,Bajo,284,27828.3011695954,5601.0,5070.523120871273,-99.02967716450732,19.300300652964783
Tláhuac,Sur,120.917997718445,0.944566059397699,Medio,284,847.5743184231001,6573.0,4320.705918150008,-99.05321474669128,19.29020520582226
Tláhuac,Sur,120.71084524428,0.942947861942325,Medio,284,28034.480461022,2643.0,10745.365115399169,-99.03801351075155,19.29479746889221
Tláhuac,Sur,121.280142052705,0.947394995149199,Bajo,284,44205.4436486247,3480.0,8160.919540229886,-99.04841858036605,19.296026194826283
Tláhuac,Sur,121.869653721532,0.95200003926587,Bajo,284,222.992248217,3792.0,7489.451476793249,-99.03092281103449,19.295169358156457
Tláhuac,Sur,122.704242947543,0.958519537366263,Bajo,284,84567.43255840019,1053.0,26970.56030389364,-98.99893149649452,19.275099845423163
Tláhuac,Sur,121.653307416665,0.950310023052321,Bajo,284,5515.6020805743,3155.0,9001.584786053883,-99.01766306481755,19.296133393037703
Tláhuac,Sur,122.089194073901,0.953715006180872,Bajo,284,9112.837337495,2251.0,12616.614837849844,-99.0064320039848,19.2790638045038
Tláhuac,Sur,122.643054606178,0.958041556986374,Bajo,284,73376.6217052575,2660.0,10676.691729323307,-99.00324929985936,19.279191963977617
Tláhuac,Sur,122.863753207925,0.959765571711237,Bajo,284,12097.536115916,2181.0,13021.5497478221,-98.99873799907172,19.27861500378833
Tláhuac,Sur,121.348730776723,0.947930784543555,Bajo,284,12891.0525990059,5666.0,5012.354394634663,-98.99478000876182,19.28677293151108
Tláhuac,Sur,123.305965672365,0.96321996967377,Bajo,284,5571.1825775411,2480.0,11451.612903225807,-99.00541691446864,19.272298112536365
Tláhuac,Sur,122.764179128292,0.958987736336913,Bajo,284,121.276113764,1599.0,17761.100687929957,-99.00346869897668,19.27434527211258
Tláhuac,Sur,121.735625735253,0.950953062891485,Bajo,284,5140.4112743661,7862.0,3612.3123887051643,-99.00556678944297,19.26152293269447
Tláhuac,Sur,121.14608772865,0.946347813033984,Medio,284,0.0,4259.0,6668.231979337873,-99.03813931004164,19.28357402856901
Tláhuac,Sur,121.793987438373,0.95140896263326,Bajo,284,21094.7977711031,3676.0,7725.788900979326,-99.00282230789034,19.264926553361928
Tláhuac,Sur,123.003213989913,0.96085498704864,Bajo,284,0.0,2822.0,10063.784549964565,-99.0423688838477,19.293418285565743
Tláhuac,Sur,121.79806540618,0.951440818188713,Bajo,284,1327.6538325848,3091.0,9187.96505985118,-99.05723915819851,19.28955492940355
Tláhuac,Sur,124.377004984981,0.971586527192635,Muy bajo,284,1267.75975296,1886.0,15058.324496288442,-99.05177611367732,19.28234963396369
Tláhuac,Sur,123.02224497501,0.961003649968457,Bajo,284,2057.118410859,4936.0,5753.646677471637,-99.04459387025368,19.29597697621621
Tláhuac,Sur,122.030808267678,0.953258918154696,Bajo,284,0.0,406.0,69950.73891625616,-98.99298615383007,19.238886425407863
Tláhuac,Sur,121.955431117103,0.952670100117423,Bajo,284,37696.85477588,2720.0,10441.176470588236,-98.9898360377045,19.231335794243808
Tláhuac,Sur,121.125086581158,0.946183759944255,Medio,284,14925.4328975636,1754.0,16191.562143671608,-99.00767680027334,19.28857962843575
Tláhuac,Sur,118.886948359886,0.928700263360262,Medio,284,16385.5857495459,2209.0,12856.496152105025,-98.9627463301527,19.322451104950584
Tláhuac,Sur,121.272540728201,0.947335616452325,Bajo,284,6987.46410151,4106.0,6916.7072576717,-98.9999012375583,19.245720082418952
Tláhuac,Sur,120.840312217966,0.943959209396506,Medio,284,94854.2936628658,2516.0,11287.758346581877,-99.00197259783656,19.255906782080658
Tláhuac,Sur,117.846868134823,0.920575546625095,Alto,284,12799.86127346,1799.0,15786.548082267926,-99.02824432849644,19.281052920579228
Tláhuac,Sur,120.911353434237,0.944514156740771,Medio,284,0.0,832.0,34134.61538461538,-98.97718094414384,19.219313816417458
Tláhuac,Sur,118.821371320602,0.928188000117795,Medio,284,0.0,74.0,383783.7837837838,-98.97964233525316,19.221188557040502
Tláhuac,Sur,124.196767013239,0.97017857573848,Muy bajo,284,167.142453856,945.0,30052.910052910054,-99.0419891685007,19.301072792297305
Tláhuac,Sur,123.120709686704,0.961772819376398,Bajo,284,8965.270985227,3396.0,8362.779740871614,-99.04301613328974,19.30236436140413
Tláhuac,Sur,122.108964120128,0.953869442369125,Bajo,284,13632.095962873,6748.0,4208.654416123296,-99.03817559286392,19.29997002774532
Tláhuac,Sur,122.110257437542,0.953879545279825,Bajo,284,12635.282896572,2980.0,9530.20134228188,-99.03895134037616,19.305010537165277
Tláhuac,Sur,120.678527672279,0.942695409187482,Medio,284,7850.512018304,4445.0,6389.201349831271,-99.03720813738904,19.30846704259493
Tláhuac,Sur,121.870631205945,0.952007675007587,Bajo,284,0.0,3513.0,8084.258468545402,-99.0412224607248,19.30718427830352
Tláhuac,Sur,121.311336348052,0.947638673288,Bajo,284,4394.26204158,1088.0,26102.94117647059,-98.97028743300186,19.220876313644077
Tláhuac,Sur,118.967295428324,0.929327904532383,Medio,284,269063.064064,2511.0,11310.234966148944,-99.03604810817728,19.275263826321044
Tláhuac,Sur,117.836521899713,0.920494725715791,Alto,284,0.0,1920.0,14791.666666666666,-99.02839702627692,19.27715027625959
Tláhuac,Sur,122.459967938229,0.95661135258558,Bajo,284,279531.65754925844,5292.0,5366.591080876795,-99.00966164898335,19.26538116374624
Tláhuac,Sur,115.077224652509,0.898940130232266,Muy alto,284,270722.3870807229,5167.0,5496.419585833172,-99.0226825405131,19.26514830299454
Tláhuac,Sur,121.657827408482,0.9503453315336,Bajo,284,2232.28579846899,11218.0,2531.645569620253,-99.00325603030323,19.23752290995789
Tláhuac,Sur,119.379048946546,0.932544368627793,Medio,284,0.0,3046.0,9323.703217334209,-99.03402577354522,19.280743521347752
Tláhuac,Sur,120.308875535592,0.939807825298515,Medio,284,0.0,183.0,155191.25683060108,-98.99830859696876,19.297088454452904
Tláhuac,Sur,120.879344972492,0.944264118639346,Medio,284,391930.347703626,4384.0,6478.102189781022,-98.9960789725096,19.29298524924129
Tláhuac,Sur,122.701904408598,0.958501269576867,Bajo,284,23135.3671501,306.0,92810.45751633987,-98.96922352858904,19.211819927770925
Tláhuac,Sur,121.827817043048,0.95167322682041,Bajo,284,6356.064788175,2619.0,10843.833524245896,-98.97278027416496,19.21733535732985
Tláhuac,Sur,121.660896208259,0.950369303846801,Bajo,284,54725.5259436821,4795.0,5922.8362877997915,-98.97176006502971,19.308629196471596
Tláhuac,Sur,121.950972861391,0.95263527389545,Bajo,284,0.0,2145.0,13240.09324009324,-99.00729717421903,19.24300204492402
Tláhuac,Sur,120.993357190578,0.945154739337611,Medio,284,6627.30306113,6166.0,4605.903340901719,-99.01048648524336,19.243930901305287
Tláhuac,Sur,121.07526330517,0.945794559193711,Medio,284,0.0,444.0,63963.963963963964,-99.01830402326276,19.30504976238701
Tláhuac,Sur,120.535212157884,0.941575882125863,Medio,284,27087.226649241,8372.0,3392.259913999045,-99.01818379248832,19.300982456159367
Tláhuac,Sur,121.18467534671,0.946649245037662,Bajo,284,52718.1805654934,5116.0,5551.2118842845975,-98.95571908691292,19.225450314760536
Tláhuac,Sur,120.918185747439,0.944567528209694,Medio,284,2778.261776778,8857.0,3206.503330698882,-99.00081454012164,19.23069147235865
Tláhuac,Sur,120.536565193214,0.941586451530534,Medio,284,2067.5622141542,2558.0,11102.423768569195,-98.99618945594275,19.247390499793184
Tláhuac,Sur,120.748127620143,0.943239097883364,Medio,284,34782.50390645199,3055.0,9296.235679214402,-98.99487909269186,19.24050752025252
Tláhuac,Sur,120.113916529865,0.938284878646582,Medio,284,25534.639688669,1696.0,16745.28301886792,-98.9941013675057,19.227641307434386
Tláhuac,Sur,120.769478545351,0.94340588330546,Medio,284,26646.864299559,4504.0,6305.506216696271,-98.96793463489382,19.314602115316664
Azcapotzalco,Norte,123.754891878362,0.966726812867999,Muy bajo,328,304256.250047826,2513.0,13052.128929566255,-99.20998332517918,19.49800122701612
Azcapotzalco,Norte,123.033313967192,0.961090116785016,Bajo,328,10075.30106493,8920.0,3677.1300448430493,-99.19253867710032,19.49463118293681
Azcapotzalco,Norte,117.333188752144,0.916562875894141,Alto,328,90733.2256244158,408.0,80392.1568627451,-99.18367949437751,19.506161137957367
Azcapotzalco,Norte,122.327303911402,0.955575030951012,Bajo,328,328044.4005180701,7093.0,4624.277456647399,-99.21179661514,19.49133230673071
Azcapotzalco,Norte,121.282873254391,0.947416330272688,Bajo,328,0.0,4333.0,7569.813062543272,-99.21740283038127,19.478866346472486
Azcapotzalco,Norte,120.540824664591,0.94161972492382,Medio,328,0.0,4912.0,6677.524429967427,-99.21823168968965,19.47597887318485
Azcapotzalco,Norte,124.794535648892,0.974848120183999,Muy bajo,328,58515.719332006,5000.0,6560.000000000001,-99.21447932548124,19.48524255055044
Azcapotzalco,Norte,118.597609566681,0.926440057196697,Alto,328,18589.6729429561,400.0,82000.0,-99.16517375716724,19.50163138933452
Azcapotzalco,Norte,122.118855764198,0.953946712183678,Bajo,328,52057.2907242114,5802.0,5653.2230265425715,-99.20695111603344,19.474475714971717
Azcapotzalco,Norte,122.045509063716,0.95337375526121,Bajo,328,34654.175531928995,7747.0,4233.896992384149,-99.19312714966016,19.47423922319085
Azcapotzalco,Norte,122.711085572266,0.958572989384921,Bajo,328,17419.4201197966,3183.0,10304.743952246308,-99.20595790558043,19.513008598681783
Azcapotzalco,Norte,120.643494665011,0.942421744470498,Medio,328,74285.0840055681,5593.0,5864.47344895405,-99.20060177097106,19.512495347527054
Azcapotzalco,Norte,123.244993834925,0.962743680541371,Bajo,328,55633.0603744884,4235.0,7744.982290436836,-99.20789114121249,19.50996292134534
Azcapotzalco,Norte,124.190322445943,0.970128233195182,Muy bajo,328,2746.293639922,3486.0,9409.064830751577,-99.1748876996984,19.50329210827652
Azcapotzalco,Norte,124.48786551496,0.972452528085151,Muy bajo,328,30326.1191311752,3991.0,8218.491606113756,-99.18740278954051,19.46830568095335
Azcapotzalco,Norte,122.876654767048,0.959866353853599,Bajo,328,60072.2852492792,4768.0,6879.194630872483,-99.20296263441278,19.509739258941504
Azcapotzalco,Norte,123.366011195881,0.963689022789122,Bajo,328,10843.75647655,3761.0,8721.084817867588,-99.18180669357204,19.460874476910995
Azcapotzalco,Norte,123.306350201949,0.963222973474696,Bajo,328,7072.35221649,3346.0,9802.749551703528,-99.20257491082002,19.506389292815506
Azcapotzalco,Norte,121.931287408925,0.952481498521938,Bajo,328,10295.8555376612,3049.0,10757.62545096753,-99.20067420465328,19.499455469338308
Azcapotzalco,Norte,122.040227207479,0.953332495380746,Bajo,328,44291.428038025,2176.0,15073.529411764704,-99.20693931465892,19.50679427698356
Azcapotzalco,Norte,122.725693232664,0.958687098950737,Bajo,328,165686.4946507846,9866.0,3324.548956010541,-99.18713755179547,19.50003643859182
Azcapotzalco,Norte,123.854412313094,0.96750422918847,Muy bajo,328,33347.61204529518,11139.0,2944.6090313313584,-99.19553568876144,19.49793986329905
Azcapotzalco,Norte,122.317298595533,0.955496873174986,Bajo,328,28922.887449072,5027.0,6524.766262184205,-99.198222524216,19.492392356805684
Azcapotzalco,Norte,123.005759972032,0.960874875306326,Bajo,328,16404.014643411,4165.0,7875.15006002401,-99.14895449772212,19.475974740477845
Azcapotzalco,Norte,124.236936027901,0.97049236101945,Muy bajo,328,17760.2879728382,6574.0,4989.351992698509,-99.18682004921207,19.47595143046136
Azcapotzalco,Norte,124.609149371237,0.973399952094428,Muy bajo,328,51356.4493182164,6915.0,4743.311641359363,-99.16062221653895,19.46910443357147
Azcapotzalco,Norte,122.558601881628,0.957381843968142,Bajo,328,8270.451648668999,4220.0,7772.511848341232,-99.14639058782537,19.46975701138229
Azcapotzalco,Norte,121.757035000356,0.951120304042968,Bajo,328,61677.865876437,6499.0,5046.930296968764,-99.20053617542013,19.475267158282893
Azcapotzalco,Norte,124.636451199437,0.973613223739374,Muy bajo,328,22730.021374146,6226.0,5268.230003212336,-99.1846796348087,19.47216433007826
Azcapotzalco,Norte,123.678339161714,0.96612881174935,Bajo,328,57163.674925119296,9195.0,3567.1560630777594,-99.1554396982378,19.466675409283404
Azcapotzalco,Norte,122.38496192589,0.956025433741049,Bajo,328,22610.569177412,2450.0,13387.755102040815,-99.14655080717502,19.46585959466795
Azcapotzalco,Norte,122.772657058426,0.959053962748286,Bajo,328,20212.719506215,4954.0,6620.91239402503,-99.1864314574704,19.463331996403586
Azcapotzalco,Norte,123.213515793592,0.962497785885316,Bajo,328,27763.6334265589,3028.0,10832.23249669749,-99.17385721997483,19.46026347477911
Azcapotzalco,Norte,123.099946492999,0.961610625092437,Bajo,328,19012.8137986303,4395.0,7463.0261660978385,-99.1631009594424,19.46063950542812
Azcapotzalco,Norte,124.039964572753,0.968953693867217,Muy bajo,328,32275.3026248688,2418.0,13564.929693961953,-99.1677894869752,19.46553863522286
Azcapotzalco,Norte,121.467465928384,0.948858299028019,Bajo,328,19951.208554013003,1719.0,19080.86096567772,-99.16432408044182,19.463172994960917
Azcapotzalco,Norte,124.230864031162,0.970444928857648,Muy bajo,328,67430.923050222,1602.0,20474.406991260923,-99.20927523216145,19.506309083873848
Azcapotzalco,Norte,123.545600669226,0.965091908416962,Bajo,328,43928.7220349892,3643.0,9003.568487510294,-99.1676391204271,19.459879075326644
Azcapotzalco,Norte,124.603775331384,0.973357972110114,Muy bajo,328,35028.5044211474,2047.0,16023.44894968246,-99.20947890462467,19.50356049055628
Azcapotzalco,Norte,122.80958255006,0.959342410843536,Bajo,328,2644.19726399,4525.0,7248.618784530387,-99.16015050828358,19.476290317507036
Azcapotzalco,Norte,122.951320130725,0.960449611678514,Bajo,328,5598.146368558,4230.0,7754.137115839244,-99.15637871285011,19.47534020862643
Azcapotzalco,Norte,120.701083273262,0.942871605085029,Medio,328,32496.8020956618,7063.0,4643.919014583038,-99.19807126248074,19.48864412738083
Azcapotzalco,Norte,124.28166449644,0.97084176304453,Muy bajo,328,42656.728380759,3133.0,10469.19885094159,-99.19157166946133,19.48978666776236
Azcapotzalco,Norte,123.506879890246,0.964789436210117,Bajo,328,15500.929199766,6122.0,5357.726233257105,-99.193020418281,19.48610112382873
Azcapotzalco,Norte,122.696059848262,0.958455614062972,Bajo,328,4737.66898182,5718.0,5736.271423574676,-99.18771637127804,19.488248360326452
Azcapotzalco,Norte,122.802516451772,0.959287213133177,Bajo,328,37325.1295114911,3817.0,8593.135970657584,-99.18460783101588,19.483539682927443
Azcapotzalco,Norte,124.384484254037,0.971644952438117,Muy bajo,328,3251.2507955508,8373.0,3917.3533978263467,-99.18111754946824,19.486541993744822
Azcapotzalco,Norte,122.209884341882,0.954657793300947,Bajo,328,109108.790720302,2352.0,13945.578231292517,-99.1767138352102,19.487212340064595
Azcapotzalco,Norte,122.572101730154,0.957487299723,Bajo,328,3787.0669521858,4283.0,7658.1835162269435,-99.17721616952778,19.48151795159629
Azcapotzalco,Norte,123.198981667062,0.962384250738504,Bajo,328,210171.088616276,6325.0,5185.770750988142,-99.17077816523307,19.481135596752942
Azcapotzalco,Norte,122.827206646195,0.959480083674308,Bajo,328,8884.747001931,4207.0,7796.529593534585,-99.18227801222656,19.480316809596275
Azcapotzalco,Norte,123.455449495799,0.964387681252769,Bajo,328,23022.0177302084,6312.0,5196.4512040557665,-99.17937708410771,19.47710713198795
Azcapotzalco,Norte,124.139820854722,0.969733733700371,Muy bajo,328,30092.3190601744,4754.0,6899.45309213294,-99.17788356052354,19.472913067025587
Azcapotzalco,Norte,124.158101955766,0.969876538807146,Muy bajo,328,194488.8056387409,2409.0,13615.608136156083,-99.17352258450326,19.471266717991767
Azcapotzalco,Norte,124.924885530036,0.975866364580187,Muy bajo,328,297186.96130899,2837.0,11561.508635882976,-99.19272413003988,19.506554143875725
Azcapotzalco,Norte,124.158851282341,0.969882392265386,Muy bajo,328,43803.549982125,2313.0,14180.717682663208,-99.2010267301862,19.49517829804216
Azcapotzalco,Norte,122.749396435792,0.958872259485949,Bajo,328,4059.60332213,3407.0,9627.238039330789,-99.16329348969676,19.475184067990654
Azcapotzalco,Norte,122.955180245427,0.960479765447195,Bajo,328,1555.91147803,4040.0,8118.8118811881195,-99.15549819696388,19.47880714685116
Azcapotzalco,Norte,122.783270920821,0.959136874261594,Bajo,328,6049.839207917999,3454.0,9496.236247828605,-99.15170572857508,19.470727331694345
Azcapotzalco,Norte,122.442829371673,0.956477472529827,Bajo,328,4294.3148494,3168.0,10353.535353535353,-99.1491436111502,19.4707920200144
Azcapotzalco,Norte,123.342410075713,0.963504659687726,Bajo,328,3260.7384540297003,4456.0,7360.861759425494,-99.18622874988858,19.50518627517128
Azcapotzalco,Norte,124.423750244137,0.971951683629811,Muy bajo,328,182930.15278529,1532.0,21409.921671018277,-99.17292347088475,19.472915115671984
Azcapotzalco,Norte,125.248676164975,0.978395695613495,Muy bajo,328,56823.343981446,1433.0,22889.04396371249,-99.20607081092014,19.50238543552035
Azcapotzalco,Norte,122.666292361266,0.958223081616021,Bajo,328,12484.5598797,4894.0,6702.084184715978,-99.2048695424714,19.488347236382527
Azcapotzalco,Norte,124.054846903176,0.969069949052281,Muy bajo,328,392751.2417774306,5703.0,5751.358933894442,-99.17831570470028,19.49853429888085
Azcapotzalco,Norte,122.764815527834,0.958992707651515,Bajo,328,381330.2398043371,7288.0,4500.548847420418,-99.1807433472006,19.49527205335513
Azcapotzalco,Norte,120.866818803349,0.944166268902749,Medio,328,3854.412362041,5495.0,5969.0627843494085,-99.18462875745128,19.493884746452554
Azcapotzalco,Norte,123.155494599528,0.962044546072616,Bajo,328,0.0,4162.0,7880.826525708793,-99.1860602765082,19.491204132809838
Azcapotzalco,Norte,122.589485873925,0.957623098135868,Bajo,328,11732.727595773,7064.0,4643.26160815402,-99.17837593158632,19.49132569341176
Azcapotzalco,Norte,121.216631438062,0.946898874041212,Bajo,328,9109.70649586,3953.0,8297.495572982545,-99.15234022523566,19.47574833908432
Azcapotzalco,Norte,124.198855392329,0.970194889372878,Muy bajo,328,57790.93851223269,2831.0,11586.012009890497,-99.19997372172246,19.485086421910516
Azcapotzalco,Norte,123.730336735705,0.966534997300637,Muy bajo,328,15163.2485233528,2939.0,11160.258591357606,-99.2019207313627,19.48051311213752
Azcapotzalco,Norte,122.699153091492,0.958479777319259,Bajo,328,12335.642551247,4475.0,7329.608938547485,-99.15535865066812,19.471711526290456
Azcapotzalco,Norte,123.41470947972,0.964069435522818,Bajo,328,13917.986903298,2696.0,12166.172106824926,-99.18036002051257,19.468567233354488
Azcapotzalco,Norte,124.976244227799,0.976267559469925,Muy bajo,328,23796.2133080087,2400.0,13666.666666666666,-99.18024333740468,19.465451586638416
Azcapotzalco,Norte,123.163952771759,0.962110618142649,Bajo,328,33294.6663302246,3775.0,8688.741721854305,-99.17449632600152,19.466022832938915
Azcapotzalco,Norte,123.708455194851,0.96636406690807,Muy bajo,328,15396.557405304,2653.0,12363.362231436111,-99.16842544606055,19.468317874018336
Azcapotzalco,Norte,123.741382186962,0.966621280224308,Muy bajo,328,14816.777098177,2850.0,11508.771929824561,-99.16480829270571,19.469800889906377
Azcapotzalco,Norte,122.998838251737,0.960820805422711,Bajo,328,14104.965141447,2282.0,14373.356704645048,-99.16277823878512,19.46640707241338
Azcapotzalco,Norte,123.156771467393,0.962054520485603,Bajo,328,8466.577088279,2314.0,14174.589455488333,-99.15025774426128,19.465305991995404
Azcapotzalco,Norte,124.674482230322,0.973910307892731,Muy bajo,328,7661.382319861001,1996.0,16432.865731462927,-99.1804523284705,19.46309792925066
Azcapotzalco,Norte,123.869807712239,0.96762449227401,Muy bajo,328,24753.736119637,3004.0,10918.774966711053,-99.16932435334802,19.463703681271188
Azcapotzalco,Norte,124.520418841137,0.972706822463218,Muy bajo,328,180171.250875,1810.0,18121.546961325967,-99.17082335781718,19.47286813700789
Azcapotzalco,Norte,123.770931496211,0.966852108348505,Muy bajo,328,28849.544223787,2334.0,14053.12767780634,-99.20243465399564,19.496684954094327
Azcapotzalco,Norte,123.37084116073,0.963726752663502,Bajo,328,19756.83039999,7559.0,4339.19830665432,-99.20436242879951,19.49202140233072
Azcapotzalco,Norte,122.758823983495,0.958945903953698,Bajo,328,15111.52797738,1689.0,19419.775014801657,-99.1993554677026,19.481455406129
Azcapotzalco,Norte,123.691851523658,0.966234365254335,Bajo,328,21063.56738433,7035.0,4662.402274342573,-99.2075652834072,19.48322141726714
Azcapotzalco,Norte,124.530842839907,0.972788250833087,Muy bajo,328,23083.962345068,2953.0,11107.34845919404,-99.20467766610922,19.49844354920814
Azcapotzalco,Norte,123.754829220068,0.966726323404905,Muy bajo,328,748.961763295,1337.0,24532.535527299926,-99.2054498327602,19.494481503279516
Azcapotzalco,Norte,124.899484228087,0.975667939133707,Muy bajo,328,196813.6553921,2543.0,12898.151789225323,-99.16663906278006,19.47310151697795
Azcapotzalco,Norte,124.681612759863,0.973966008915882,Muy bajo,328,189947.10297931,927.0,35382.955771305285,-99.16679442082253,19.47184551393232
Azcapotzalco,Norte,118.009976067255,0.921849684635165,Alto,328,125963.3491941784,821.0,39951.27892813642,-99.16234977555462,19.49271997736525
Azcapotzalco,Norte,121.284305653871,0.947427519640342,Bajo,328,54423.040701161095,5207.0,6299.212598425197,-99.16052500028728,19.483705663186512
Azcapotzalco,Norte,122.095858492299,0.953767066118545,Bajo,328,582283.558916836,1841.0,17816.404128191203,-99.19769646835856,19.50425558805459
Azcapotzalco,Norte,123.210640695888,0.962475326700088,Bajo,328,321188.47211738303,3311.0,9906.372697070372,-99.19420426787975,19.51078716921165
Azcapotzalco,Norte,123.781688481799,0.966936137886534,Muy bajo,328,295723.55328550003,4239.0,7737.673979712196,-99.1953030410494,19.508643624151816
Azcapotzalco,Norte,120.621482536506,0.942249793976171,Medio,328,0.0,5135.0,6387.536514118792,-99.21446601445318,19.47746168358397
Azcapotzalco,Norte,123.188263919931,0.96230052771659,Bajo,328,54624.14122480271,5263.0,6232.186965608968,-99.20854252739194,19.480082601192223
Azcapotzalco,Norte,122.012353034975,0.953114752796697,Bajo,328,6741.098088545999,7053.0,4650.503331915496,-99.21141319178196,19.47579416184808
Azcapotzalco,Norte,122.112577320973,0.953897667339337,Bajo,328,3358.3773135990004,5116.0,6411.258795934325,-99.21642913920674,19.482258716848925
Azcapotzalco,Norte,122.367257520807,0.955887133566886,Bajo,328,24798.114050027,4552.0,7205.623901581722,-99.18793576915655,19.482505245475902
Azcapotzalco,Norte,123.063609207635,0.961326771844012,Bajo,328,27374.4395282358,7644.0,4290.947148090006,-99.19442263408855,19.480573453700217
Coyoacán,Sur,123.796301417072,0.9670502886577,Muy bajo,409,73947.8942904672,3836.0,10662.148070907195,-99.13324128753476,19.325349885009796
Coyoacán,Sur,124.850712100746,0.97528694956226,Muy bajo,409,25223.5712743028,784.0,52168.36734693877,-99.18279536242072,19.33616305343099
Coyoacán,Sur,123.20609523498,0.962439819263816,Bajo,409,20046.111602703,1380.0,29637.681159420288,-99.1766883889355,19.34868756315162
Coyoacán,Sur,124.866667853672,0.975411589921428,Muy bajo,409,131862.6532490764,5787.0,7067.565232417487,-99.10502193867543,19.303442809230315
Coyoacán,Sur,124.265030908253,0.970711827690451,Muy bajo,409,257677.1339804192,3324.0,12304.452466907342,-99.120784916764,19.31893833393488
Coyoacán,Sur,121.557543739687,0.949561953114817,Bajo,409,7305.3593234,6786.0,6027.114647804303,-99.1412836648704,19.303698755850046
Coyoacán,Sur,125.139756492861,0.977544855974887,Muy bajo,409,71543.287118554,2651.0,15428.140324405884,-99.1205437465148,19.30468677014792
Coyoacán,Sur,123.734750890418,0.96656947902214,Muy bajo,409,398230.179097493,1658.0,24668.275030156816,-99.17083453751803,19.35430965261982
Coyoacán,Sur,125.717471471735,0.982057748772873,Muy bajo,409,1314208.8383846572,2795.0,14633.273703041144,-99.19478523020996,19.30661607612036
Coyoacán,Sur,124.871076391503,0.975446027765962,Muy bajo,409,18935.40691996,1616.0,25309.40594059406,-99.11568310938448,19.303679701951477
Coyoacán,Sur,124.575776625225,0.973139256715855,Muy bajo,409,30790.669082753,1428.0,28641.45658263305,-99.16168109238664,19.354565758297294
Coyoacán,Sur,123.14507100519,0.961963120862021,Bajo,409,6020.807526494,3328.0,12289.663461538461,-99.1610717327626,19.30305141102485
Coyoacán,Sur,125.482778164462,0.980224412655824,Muy bajo,409,16070.338509942,1542.0,26523.994811932556,-99.12579670324884,19.30621720012284
Coyoacán,Sur,124.359947859881,0.97145328332701,Muy bajo,409,61269.25949025,3635.0,11251.71939477304,-99.12116592690016,19.32207591548774
Coyoacán,Sur,124.330219314828,0.971221055079914,Muy bajo,409,27836.2126685023,2890.0,14152.249134948097,-99.10658415323262,19.325764162760567
Coyoacán,Sur,123.948640160661,0.968240301802481,Muy bajo,409,36967.9258180402,1832.0,22325.32751091703,-99.10592752192808,19.323108709098875
Coyoacán,Sur,123.246513389586,0.962755550732617,Bajo,409,54268.7193086,4299.0,9513.840428006513,-99.14783909053492,19.353595660701785
Coyoacán,Sur,124.391523335633,0.97169993910421,Muy bajo,409,16792.988449929002,691.0,59189.580318379165,-99.1407897425389,19.336652837354933
Coyoacán,Sur,124.258377834276,0.970659856371148,Muy bajo,409,3441.79993864,1569.0,26067.55895474825,-99.16524921898964,19.35541539045318
Coyoacán,Sur,124.518709091287,0.972693466538469,Muy bajo,409,47815.816974379,3006.0,13606.12109115103,-99.15565322069604,19.35580915245153
Coyoacán,Sur,125.360158744092,0.979266555720631,Muy bajo,409,53078.583820997,2297.0,17805.83369612538,-99.13288419491371,19.35252891203477
Coyoacán,Sur,123.76523681383,0.966807623624997,Muy bajo,409,710648.040142828,2825.0,14477.87610619469,-99.14037146683565,19.351397291995927
Coyoacán,Sur,121.480389340648,0.948959251878929,Bajo,409,62161.503593595,5743.0,7121.713390214174,-99.14966264721328,19.30308349973506
Coyoacán,Sur,124.385595647183,0.971653634224651,Muy bajo,409,105956.7025979658,3531.0,11583.120928915321,-99.1298924836176,19.3555131674263
Coyoacán,Sur,123.83804419305,0.967376367571989,Muy bajo,409,48075.956571265,6992.0,5849.54233409611,-99.12458393075272,19.35448447370648
Coyoacán,Sur,125.040942467437,0.976772957859066,Muy bajo,409,56321.31277358,2198.0,18607.825295723385,-99.13495877749742,19.347849080303792
Coyoacán,Sur,119.143829137517,0.930706919676439,Medio,409,5265.738251559,2280.0,17938.59649122807,-99.1311296970372,19.340804802272068
Coyoacán,Sur,125.772810836805,0.982490039143042,Muy bajo,409,74876.2812188992,1544.0,26489.63730569948,-99.12845698981226,19.308368870931755
Coyoacán,Sur,124.042456415063,0.968973159205019,Muy bajo,409,55812.7320359422,5005.0,8171.828171828171,-99.12560322715284,19.32593780364288
Coyoacán,Sur,123.752464131724,0.966707848221558,Muy bajo,409,25476.8651516815,2983.0,13711.029165269862,-99.13407726390082,19.31697579278721
Coyoacán,Sur,124.012146503285,0.968736389539056,Muy bajo,409,45891.318734636,3535.0,11570.01414427157,-99.12124009793725,19.326269595888792
Coyoacán,Sur,123.260961945815,0.962868417436326,Bajo,409,16443.325134325598,2754.0,14851.12563543936,-99.11065589141938,19.326876997984748
Coyoacán,Sur,122.278685739272,0.955195244019945,Bajo,409,22440.6290888768,3845.0,10637.191157347204,-99.10505122533962,19.31744293647544
Coyoacán,Sur,124.676427499321,0.973925503604767,Muy bajo,409,5868.968951392901,540.0,75740.74074074074,-99.13884728987756,19.336215762154804
Coyoacán,Sur,125.351413397911,0.979198240355377,Muy bajo,409,12700.328305138,5698.0,7177.957177957178,-99.18262676818934,19.305294596477893
Coyoacán,Sur,125.251699150808,0.978419310045339,Muy bajo,409,27428.593012366,2900.0,14103.448275862069,-99.14390275421374,19.34448220098815
Coyoacán,Sur,125.244824588501,0.978365608542244,Muy bajo,409,62656.65951013,2789.0,14664.754392255289,-99.13386164506343,19.343653402450176
Coyoacán,Sur,124.303437159351,0.971011842923425,Muy bajo,409,93147.60884482,1649.0,24802.910855063677,-99.13000126815,19.3480533045182
Coyoacán,Sur,124.928477878706,0.97589442666103,Muy bajo,409,107380.9811773686,5523.0,7405.395618323375,-99.12537873614303,19.346195433992577
Coyoacán,Sur,123.830849022715,0.967320161599194,Muy bajo,409,103655.9610946068,6100.0,6704.918032786885,-99.1228771788008,19.3485653353649
Coyoacán,Sur,122.474829846787,0.95672744824269,Bajo,409,55954.3519835682,8705.0,4698.449167145319,-99.11950823374552,19.342398991856246
Coyoacán,Sur,125.457476776201,0.980026767697611,Muy bajo,409,7517.0785556949,740.0,55270.27027027027,-99.17928010223898,19.34455794484999
Coyoacán,Sur,124.680586353589,0.973957991014924,Muy bajo,409,11466.119051831,1305.0,31340.996168582373,-99.17164700278964,19.34454547166595
Coyoacán,Sur,125.515294845258,0.980478420773922,Muy bajo,409,1214.2153006558,2851.0,14345.843563661872,-99.1838112182964,19.33974996091839
Coyoacán,Sur,124.719574440804,0.974262551333483,Muy bajo,409,5911.55911173,2301.0,17774.880486744893,-99.1808014024958,19.340865572556005
Coyoacán,Sur,122.244678761492,0.954929594260609,Bajo,409,0.0,5221.0,7833.748324075848,-99.15696583744425,19.31767190885235
Coyoacán,Sur,121.199629038514,0.946766057671072,Bajo,409,3978.89145454,6381.0,6409.65365930105,-99.15168793800682,19.317943963852088
Coyoacán,Sur,122.702314599963,0.958504473838006,Bajo,409,0.0,6633.0,6166.1390019598975,-99.14794638591046,19.317593242681745
Coyoacán,Sur,123.327448929388,0.963387788822383,Bajo,409,66323.12512896,2696.0,15170.623145400594,-99.14363566970589,19.317804387752947
Coyoacán,Sur,124.672124172995,0.973891887633058,Muy bajo,409,18358.04228792,2647.0,15451.45447676615,-99.128812342061,19.317840802740182
Coyoacán,Sur,125.238948673481,0.978319708097311,Muy bajo,409,46388.298770563,1749.0,23384.79130931961,-99.12671007976756,19.31396486612343
Coyoacán,Sur,124.979452732689,0.976292623107079,Muy bajo,409,18663.792488297702,1211.0,33773.7407101569,-99.1131529867786,19.31372569879149
Coyoacán,Sur,124.299229824736,0.970978976802969,Muy bajo,409,20663.60685093,4471.0,9147.841646164168,-99.1418790471716,19.31338549819628
Coyoacán,Sur,124.389494972898,0.97168409429507,Muy bajo,409,21115.573097878,3454.0,11841.34337000579,-99.11776195906252,19.321770720995428
Coyoacán,Sur,125.258103925106,0.978469341740652,Muy bajo,409,5675.256390092,2243.0,18234.507356219347,-99.1166975483792,19.315167552582988
Coyoacán,Sur,123.574684720817,0.96531910212279,Bajo,409,6936.7516804694005,2494.0,16399.35846030473,-99.11765458251196,19.31312877283534
Coyoacán,Sur,119.991184605909,0.937326142875555,Medio,409,13031.433952343,3600.0,11361.111111111111,-99.10996165259398,19.319929863991334
Coyoacán,Sur,122.538030513931,0.95722114815703,Bajo,409,6640.299687548,2828.0,14462.517680339462,-99.11134283917988,19.31877211848361
Coyoacán,Sur,121.994100352794,0.952972169687431,Bajo,409,5129.5200588423,3216.0,12717.66169154229,-99.109416675747,19.316437368070005
Coyoacán,Sur,124.609359849263,0.973401596269845,Muy bajo,409,114804.674187282,2877.0,14216.19742787626,-99.11937514340842,19.309293290829533
Coyoacán,Sur,122.50153449097,0.95693605491001,Bajo,409,34907.730649232704,4541.0,9006.826690156353,-99.1063240752424,19.30912272802674
Coyoacán,Sur,123.735860963187,0.966578150494384,Muy bajo,409,19313.7991020669,5908.0,6922.816519972918,-99.10270373027214,19.31017441779224
Coyoacán,Sur,124.576190016953,0.973142485977029,Muy bajo,409,7526.24497517,1682.0,24316.290130796668,-99.1707359102248,19.310794272205975
Coyoacán,Sur,125.154812489113,0.977662467772291,Muy bajo,409,5213.339497374,1941.0,21071.612570839774,-99.17139979254635,19.30822948035611
Coyoacán,Sur,123.567617516023,0.965263895768824,Bajo,409,19780.4244433763,4758.0,8596.048759983187,-99.1021793469106,19.31718581611594
Coyoacán,Sur,123.859625590188,0.967544953354379,Muy bajo,409,38439.025717406,1436.0,28481.894150417826,-99.1255150105668,19.33675363770974
Coyoacán,Sur,125.038187701862,0.976751438663304,Muy bajo,409,19006.199357699,2090.0,19569.37799043062,-99.16013988576591,19.347653974041148
Coyoacán,Sur,122.015687163759,0.953140797760609,Bajo,409,35320.773951438,8213.0,4979.909898940704,-99.1617651012327,19.341669872151293
Coyoacán,Sur,122.465362383306,0.956653491967847,Bajo,409,33632.5366372038,4212.0,9710.351377018043,-99.15065461663887,19.34025383054277
Coyoacán,Sur,124.02998480548,0.968875735667245,Muy bajo,409,33291.110606609,1968.0,20782.52032520325,-99.14603834396227,19.339326399642086
Coyoacán,Sur,123.051575238782,0.961232766991524,Bajo,409,34708.677329173,2494.0,16399.35846030473,-99.13865657563304,19.340696572625497
Coyoacán,Sur,125.06227872632,0.97693962871333,Muy bajo,409,26919.8868222655,3376.0,12114.928909952607,-99.1250095543971,19.34084100553274
Coyoacán,Sur,126.109947320114,0.985123622939721,Muy bajo,409,0.0,1268.0,32255.52050473186,-99.18589263047367,19.339231417715013
Coyoacán,Sur,122.166032213929,0.954315236919948,Bajo,409,22301.1385236571,2908.0,14064.649243466301,-99.1118152214742,19.32223857461657
Coyoacán,Sur,124.109926421276,0.969500209595357,Muy bajo,409,58587.753745524,2116.0,19328.922495274102,-99.17000032831844,19.339700124202626
Coyoacán,Sur,121.249495388655,0.947155594900747,Bajo,409,18175.6500211739,4224.0,9682.765151515152,-99.1071894214482,19.31965213832468
Coyoacán,Sur,122.549811303879,0.957313175270836,Bajo,409,23367.499719157,5344.0,7653.443113772455,-99.16842855677277,19.33708922298573
Coyoacán,Sur,123.637915584706,0.965813037922777,Bajo,409,40300.729124287,5501.0,7435.011816033449,-99.15818011103534,19.337025692514672
Coyoacán,Sur,124.320210574138,0.971142870550465,Muy bajo,409,50178.344088261,1476.0,27710.027100271,-99.14409132955112,19.33497103008866
Coyoacán,Sur,122.80517649474,0.95930799239145,Bajo,409,30901.312171574,2615.0,15640.535372848948,-99.12619639355252,19.333988552117997
Coyoacán,Sur,123.982845972448,0.968507504778525,Muy bajo,409,30475.39484329,2382.0,17170.445004198154,-99.14069341326277,19.328290849385727
Coyoacán,Sur,120.720000999501,0.943019383269119,Medio,409,1880.165186261,11640.0,3513.745704467354,-99.170597016217,19.3237636658876
Coyoacán,Sur,121.696428322843,0.950646867402993,Bajo,409,4322.977648878,14061.0,2908.754711613683,-99.16613987491267,19.332269816923517
Coyoacán,Sur,123.330024194454,0.963407905827474,Bajo,409,44663.9477036463,5019.0,8149.033672046225,-99.11958130844076,19.330805997807268
Coyoacán,Sur,123.477141849005,0.964557133782359,Bajo,409,7571.927516859,2321.0,17621.71477811288,-99.11503051643416,19.332710285518825
Coyoacán,Sur,122.558885928362,0.957384062834729,Bajo,409,23623.0430942002,4167.0,9815.214782817375,-99.11830963008616,19.326669919266845
Coyoacán,Sur,123.458485157945,0.964411394707215,Bajo,409,19149.7537935324,3755.0,10892.14380825566,-99.11139745437428,19.324781143539305
Coyoacán,Sur,121.207881411318,0.946830522113154,Bajo,409,0.0,9838.0,4157.349054685912,-99.16696497446732,19.328605669082197
Coyoacán,Sur,121.582196105055,0.949754528149546,Bajo,409,0.0,12525.0,3265.469061876247,-99.16304526533172,19.326989621519218
Coyoacán,Sur,121.044878434644,0.945557203978116,Medio,409,12362.0524727499,8559.0,4778.595630330646,-99.15797522830437,19.322524507850684
Coyoacán,Sur,124.392021957311,0.971703834149792,Muy bajo,409,36761.665601074805,5772.0,7085.932085932085,-99.11164584944882,19.304079568784392
Coyoacán,Sur,121.599229324249,0.949887585271206,Bajo,409,162209.442398675,10461.0,3909.7600611796192,-99.15480032710566,19.32490361296134
Coyoacán,Sur,121.971048866992,0.952792100123611,Bajo,409,152252.036704,5469.0,7478.5152678734685,-99.14867778946568,19.32443066562151
Coyoacán,Sur,120.677424975683,0.942686795335136,Medio,409,12007.9023677287,9058.0,4515.345550894237,-99.16946986070398,19.317315139078303
Coyoacán,Sur,124.205733627533,0.970248619567267,Muy bajo,409,41153.04854523,2670.0,15318.352059925095,-99.13423738830498,19.320769524240752
Coyoacán,Sur,120.720372967688,0.943022288945124,Medio,409,833.552310931,13042.0,3136.022082502684,-99.16656461583696,19.322169526301177
Coyoacán,Sur,121.784979010852,0.951338592175223,Bajo,409,10290.7787788082,10152.0,4028.7628053585504,-99.16175352794164,19.31822134187197
Coyoacán,Sur,122.804439995937,0.959302239138956,Bajo,409,9139.929968453,6525.0,6268.199233716475,-99.15252714725716,19.31371803520846
Coyoacán,Sur,121.994193203215,0.952972895000105,Bajo,409,28065.220897993,9422.0,4340.904266610061,-99.15240591284392,19.3106382837904
Coyoacán,Sur,121.314715045703,0.947665066407191,Bajo,409,97851.091201058,6521.0,6272.044165005368,-99.15238743457428,19.30692022003289
Coyoacán,Sur,121.707856363589,0.950736138972308,Bajo,409,0.0,6606.0,6191.341204965183,-99.14548736472588,19.31259326557822
Coyoacán,Sur,124.835252903957,0.975166188113438,Muy bajo,409,18877.616489706,1633.0,25045.92774035517,-99.11364710947724,19.308821592316345
Coyoacán,Sur,125.169905840529,0.977780371374231,Muy bajo,409,18028.931103748,2546.0,16064.414768263943,-99.1216784889208,19.31557361745536
Coyoacán,Sur,124.475191620276,0.972353524372014,Muy bajo,409,11376.310143935,2461.0,16619.260463226332,-99.12222986975102,19.313044078493476
Coyoacán,Sur,123.762809143797,0.966788659576963,Muy bajo,409,12768.1463536439,2436.0,16789.819376026273,-99.10403490441838,19.321037274261723
Coyoacán,Sur,124.242128549758,0.970532923053241,Muy bajo,409,22117.9462103794,5249.0,7791.960373404458,-99.10404631613392,19.31376713760038
Coyoacán,Sur,124.704474053875,0.974144592772752,Muy bajo,409,178527.743961561,2844.0,14381.15330520394,-99.10070433330768,19.31655610221276
Coyoacán,Sur,124.932152025071,0.9759231277148,Muy bajo,409,38891.573859873,1779.0,22990.44406970208,-99.12548503006288,19.33089669253228
Coyoacán,Sur,124.162661335588,0.969912154972753,Muy bajo,409,8756.6671744579,1973.0,20729.853015712113,-99.11532657095826,19.32240978405556
Coyoacán,Sur,125.38415756998,0.979454025549995,Muy bajo,409,40756.277026732,3327.0,12293.357379020139,-99.17509830330695,19.341901881246837
Coyoacán,Sur,122.603461788685,0.957732272741636,Bajo,409,45987.471242253,8113.0,5041.2917539751015,-99.14386645076806,19.323963619588465
Coyoacán,Sur,123.671973954586,0.966079089137931,Bajo,409,12663.929175218,4561.0,8967.331725498794,-99.14353866393851,19.32782165712281
Coyoacán,Sur,122.443984928769,0.956486499308579,Bajo,409,22501.99563302,8986.0,4551.524593812597,-99.16246268677122,19.33413862759989
Coyoacán,Sur,124.061011594324,0.969118105308052,Muy bajo,409,52791.9110076983,4132.0,9898.35430784124,-99.10972191902924,19.31189182658541
Coyoacán,Sur,121.764621873051,0.951179569847722,Bajo,409,12284.37545411,8080.0,5061.881188118812,-99.1593436524178,19.30985207183219
Coyoacán,Sur,123.293227489147,0.963120463762712,Bajo,409,92862.677692964,3244.0,12607.891491985205,-99.15838377552193,19.305123806612382
Coyoacán,Sur,124.247727936755,0.970576663364939,Muy bajo,409,42512.774237742,2055.0,19902.676399026765,-99.17727584555612,19.30641976659371
Coyoacán,Sur,124.943089659226,0.976008568411695,Muy bajo,409,8550.44412931,1688.0,24229.857819905214,-99.17271732370074,19.309509051955263
Coyoacán,Sur,125.381602751924,0.979434068269284,Muy bajo,409,41430.30219728,1494.0,27376.17135207497,-99.17508810705937,19.308842289592285
Coyoacán,Sur,125.50319630477,0.980383911512036,Muy bajo,409,394.654454744,386.0,105958.54922279793,-99.17428215060006,19.30722908441065
Coyoacán,Sur,123.007493771717,0.960888419099365,Bajo,409,12675.2511522365,2811.0,14549.982212735682,-99.11521658762216,19.32993965513301
Coyoacán,Sur,123.989716491878,0.968561174700183,Muy bajo,409,18234.6454942164,3625.0,11282.758620689656,-99.1152138655042,19.32631934487036
Coyoacán,Sur,123.335394987542,0.963449860449269,Bajo,409,3834406.2230164334,326.0,125460.12269938651,-99.18502680011568,19.321505233401503
Coyoacán,Sur,125.616016076036,0.981265217262851,Muy bajo,409,30555.14908739,1003.0,40777.66699900299,-99.1390295856968,19.334240060761903
Coyoacán,Sur,122.850681978193,0.959663464165688,Bajo,409,62989.55071988701,3117.0,13121.591273660571,-99.137971821816,19.32828670424724
Coyoacán,Sur,121.955681538883,0.952672056318472,Bajo,409,14719.8473062271,6516.0,6276.856967464703,-99.16548476739958,19.313233968493783
Coyoacán,Sur,124.879133620711,0.975508967819438,Muy bajo,409,5120.968358516,2483.0,16472.009665726946,-99.16591991019877,19.30477625741652
Coyoacán,Sur,125.026553466281,0.976660556377263,Muy bajo,409,7014.1601270460005,3853.0,10615.10511289904,-99.17863318570956,19.337969657202727
Coyoacán,Sur,125.353387442095,0.979213660848362,Muy bajo,409,3781.699972103,2498.0,16373.098478783028,-99.16937479431762,19.307409771178357
Coyoacán,Sur,123.770431140152,0.966848199754586,Muy bajo,409,23347.499196745,2171.0,18839.24458774758,-99.1650967670938,19.348269306623195
Coyoacán,Sur,123.393796351933,0.963906070010028,Bajo,409,16900.6380918713,1803.0,22684.414864115362,-99.17060351844854,19.3482682158257
Coyoacán,Sur,124.221306062563,0.97037026559076,Muy bajo,409,20277.09840844,1977.0,20687.910976226605,-99.18706276390624,19.340274684265964
Coyoacán,Sur,125.537379842916,0.980650940494754,Muy bajo,409,14273.1836052859,710.0,57605.633802816905,-99.18252164008432,19.3441408380137
Coyoacán,Sur,124.962218165965,0.97615799313402,Muy bajo,409,1947.475713592,2821.0,14498.404820985466,-99.16717885449036,19.308599706629835
Coyoacán,Sur,125.586460899133,0.981034343302744,Muy bajo,409,19398.284973838,1576.0,25951.776649746193,-99.18117310376482,19.337576891293168
Coyoacán,Sur,123.773169164735,0.966869588175993,Muy bajo,409,34864.95694563,5065.0,8075.02467917078,-99.15430567477156,19.346450811693003
Coyoacán,Sur,124.57833979226,0.973159279215656,Muy bajo,409,41268.750615540994,3895.0,10500.641848523748,-99.15263108386672,19.35080044691455
Coyoacán,Sur,119.335505678174,0.932204224942024,Medio,409,9015.125080185,4074.0,10039.273441335297,-99.11595552767412,19.340234660787857
Coyoacán,Sur,122.428394488204,0.956364712632598,Bajo,409,31212.988943925,12827.0,3188.5865751929523,-99.15322678048936,19.33090474302716
Coyoacán,Sur,123.656782164737,0.96596041657187,Bajo,409,37296.87578356,6576.0,6219.586374695864,-99.15236098119696,19.337051806144757
Coyoacán,Sur,125.670882240249,0.981693811165354,Muy bajo,409,20601.5528902,645.0,63410.85271317829,-99.13314463295475,19.314882273256263
Coyoacán,Sur,124.583953981293,0.97320313515532,Muy bajo,409,91101.0741858368,4685.0,8729.98932764141,-99.13235377002404,19.3296625678971
Coyoacán,Sur,125.420363143768,0.979736849916977,Muy bajo,409,21978.630903087,2502.0,16346.922462030376,-99.13498156357475,19.335418897429385
Coyoacán,Sur,124.076870110476,0.969241986090003,Muy bajo,409,39913.694088548,3477.0,11763.01409260857,-99.13059534796098,19.33459100551176
Coyoacán,Sur,124.137871717204,0.969718507768922,Muy bajo,409,28954.775044656,2398.0,17055.8798999166,-99.13765825810329,19.33873394113825
Coyoacán,Sur,122.986576880767,0.960725024190158,Bajo,409,28970.641034038,3022.0,13534.083388484447,-99.13030107778886,19.34062505114939
Coyoacán,Sur,125.953285716903,0.983899841236448,Muy bajo,409,0.0,754.0,54244.031830238724,-99.17271165347536,19.30351424740566
Coyoacán,Sur,125.140631099977,0.977551688077739,Muy bajo,409,13324.293031512,1151.0,35534.31798436143,-99.17030327801707,19.304442960476845
Coyoacán,Sur,125.739592469291,0.982230549711406,Muy bajo,409,4742.350685364,3170.0,12902.208201892745,-99.17516225239328,19.3046774622978
Coyoacán,Sur,122.314168255131,0.955472420129498,Bajo,409,25327.026163111,10554.0,3875.307940117491,-99.1719167192076,19.32932123827742
Coyoacán,Sur,123.745100817935,0.96665032877515,Muy bajo,409,45852.570171915,4591.0,8908.734480505336,-99.1756394733892,19.33299499569402
Coyoacán,Sur,124.987456147202,0.976355142780341,Muy bajo,409,97822.778087327,4242.0,9641.678453559642,-99.13774854552788,19.31141611413882
Coyoacán,Sur,122.230545763065,0.954819192576132,Bajo,409,37457.20552314,3996.0,10235.235235235235,-99.13082660843604,19.31154164188461
Coyoacán,Sur,118.936565953613,0.929087857398102,Medio,409,147216.2433840433,3621.0,11295.222314277824,-99.11281095676358,19.332237133644927
Coyoacán,Sur,120.520802174315,0.941463316737314,Medio,409,13539.192967719,7676.0,5328.295987493486,-99.12016029737973,19.335228856022358
Cuajimalpa de Morelos,Sur,123.120094568892,0.961768014306697,Bajo,167,63572.7966321086,6474.0,2579.5489650911336,-99.25908335305382,19.38785260928548
Cuajimalpa de Morelos,Sur,122.941977363435,0.960376629483561,Bajo,167,87576.6494892091,4304.0,3880.111524163569,-99.2730479202034,19.372481258278835
Cuajimalpa de Morelos,Sur,122.53378039877,0.957187947850994,Bajo,167,187600.3963947113,10984.0,1520.393299344501,-99.2564760892458,19.38392674257288
Cuajimalpa de Morelos,Sur,120.986572558037,0.945101740332127,Medio,167,0.0,4220.0,3957.345971563981,-99.2922219766891,19.32881641668533
Cuajimalpa de Morelos,Sur,122.252385014677,0.954989792620998,Bajo,167,56991.8240713103,9292.0,1797.2449418854928,-99.26559832505,19.389542024441923
Cuajimalpa de Morelos,Sur,124.111094863178,0.969509337025377,Muy bajo,167,23068.7407347501,7179.0,2326.2292798439894,-99.28844955213376,19.35907538986901
Cuajimalpa de Morelos,Sur,120.653652614889,0.942501094566172,Medio,167,8105.652077122,4726.0,3533.6436732966567,-99.28525603401334,19.375238705604165
Cuajimalpa de Morelos,Sur,121.67762897658,0.95050001395889,Bajo,167,3551.726881475,6459.0,2585.5395572069983,-99.28989940428744,19.3724441949416
Cuajimalpa de Morelos,Sur,122.111184123444,0.953886784202629,Bajo,167,1997.260048875,3494.0,4779.622209502003,-99.288581941628,19.36861037994292
Cuajimalpa de Morelos,Sur,121.880027851817,0.952081078081821,Bajo,167,305.914048663,4578.0,3647.881170816951,-99.28641653742176,19.37078619795285
Cuajimalpa de Morelos,Sur,123.134318418334,0.961879125685239,Bajo,167,34749.6830178488,6409.0,2605.710719300983,-99.28685430386189,19.36474987164385
Cuajimalpa de Morelos,Sur,121.093273626878,0.94593524907384,Medio,167,1577.928425331,2849.0,5861.705861705862,-99.29169771332434,19.367701408263567
Cuajimalpa de Morelos,Sur,124.088003644466,0.969328957082961,Muy bajo,167,17895.7832963,4195.0,3980.929678188319,-99.2946899533176,19.365459265306207
Cuajimalpa de Morelos,Sur,123.191812347848,0.962328246704978,Bajo,167,52388.42126904435,10533.0,1585.4932118105003,-99.29769204287614,19.36149761783195
Cuajimalpa de Morelos,Sur,120.331814068967,0.939987012520325,Medio,167,5980.940265806,7804.0,2139.9282419272167,-99.31013686086324,19.34828143801396
Cuajimalpa de Morelos,Sur,122.958400965085,0.960504924501541,Bajo,167,58973.028319205,4941.0,3379.8826148552926,-99.28641628900095,19.35561514563085
Cuajimalpa de Morelos,Sur,126.057855312304,0.984716699706859,Muy bajo,167,1152374.195480481,14609.0,1143.1309466767061,-99.27320191017672,19.35914237624195
Cuajimalpa de Morelos,Sur,122.499219270671,0.95691796927714,Bajo,167,3177.898021597,6497.0,2570.4171155918116,-99.30299726282618,19.345407327855455
Cuajimalpa de Morelos,Sur,122.280792124133,0.955211698308681,Bajo,167,44299.783528134,6200.0,2693.548387096774,-99.29106520026272,19.34936006802996
Cuajimalpa de Morelos,Sur,118.471260520256,0.925453065821207,Alto,167,5442.06257328,2945.0,5670.628183361629,-99.28907507433696,19.34122526798109
Cuajimalpa de Morelos,Sur,120.576168680856,0.941895819126479,Medio,167,7098.299797861,7681.0,2174.196068220284,-99.27906403152964,19.340751869032108
Cuajimalpa de Morelos,Sur,121.731981573742,0.950924596068155,Bajo,167,100814.0709355624,14170.0,1178.546224417784,-99.27039880392564,19.348926995952677
Cuajimalpa de Morelos,Sur,122.363725016665,0.955859538969063,Bajo,167,1922.044108089,11767.0,1419.2232514659643,-99.3021399877033,19.35455955372037
Cuajimalpa de Morelos,Sur,121.426536576538,0.948538574278056,Bajo,167,0.0,7474.0,2234.412630452234,-99.30510235820584,19.361250098883385
Cuajimalpa de Morelos,Sur,120.044350559397,0.937741455369378,Medio,167,5819.200860312,8867.0,1883.3878425623097,-99.3189743631256,19.35386253659969
Cuajimalpa de Morelos,Sur,121.566649845337,0.949633086597774,Bajo,167,0.0,599.0,27879.799666110182,-99.31972340098626,19.3470942100835
Cuajimalpa de Morelos,Sur,122.744941485338,0.958837459083403,Bajo,167,10861.244040753,3190.0,5235.1097178683385,-99.28100471505,19.370600856735805
Cuajimalpa de Morelos,Sur,121.321546873472,0.947718434084093,Bajo,167,336517.58809536335,4253.0,3926.640018810251,-99.27935187601815,19.378663105964566
Cuajimalpa de Morelos,Sur,119.246969506749,0.931512613567915,Medio,167,38324.20115344,15087.0,1106.913236561278,-99.33195700887087,19.313320659296448
Cuajimalpa de Morelos,Sur,119.747226057483,0.935420430168666,Medio,167,0.0,1414.0,11810.46676096181,-99.32546968142584,19.33871333103229
Cuajimalpa de Morelos,Sur,121.608331369814,0.949958687038306,Bajo,167,6528.20145319,9541.0,1750.3406351535477,-99.32649945147864,19.33050400322608
Gustavo A. Madero,Norte,117.867638507223,0.920737796986341,Alto,934,0.0,5806.0,16086.806751636237,-99.12981464007956,19.540708836761965
Gustavo A. Madero,Norte,124.261354017779,0.97068310520074,Muy bajo,934,8312.527583809,11779.0,7929.365820528059,-99.1722033938496,19.527376562702464
Gustavo A. Madero,Norte,121.418134660013,0.948472941656499,Bajo,934,31209.655837341,7776.0,12011.316872427984,-99.08254311062272,19.504271047693585
Gustavo A. Madero,Norte,122.330569986664,0.95560054430633,Bajo,934,14930.688001618,4302.0,21710.832171083217,-99.16310472935189,19.520856722474484
Gustavo A. Madero,Norte,122.217506776362,0.954717336901042,Bajo,934,54996.453956996,3614.0,25843.940232429442,-99.09963176860128,19.45161013730851
Gustavo A. Madero,Norte,122.956490006011,0.96048999680578,Bajo,934,170022.0250433092,3195.0,29233.176838810643,-99.15509483715331,19.52897217629529
Gustavo A. Madero,Norte,122.504188760581,0.95695678906898,Bajo,934,5240.851030596,3669.0,25456.527664213678,-99.1678474128294,19.5228137231353
Gustavo A. Madero,Norte,119.966304349821,0.937131787643964,Medio,934,47246.652228869,4357.0,21436.768418636675,-99.07670941973036,19.50121194548945
Gustavo A. Madero,Norte,120.687706308099,0.942767109248934,Medio,934,14218.54612031,3589.0,26023.96210643633,-99.06543618758177,19.477929166677683
Gustavo A. Madero,Norte,125.261545426392,0.978496225458291,Muy bajo,934,18746.67586321,2523.0,37019.42132382085,-99.15647266921948,19.50491600993424
Gustavo A. Madero,Norte,121.206352822963,0.946818581354072,Bajo,934,20866.775739368,5034.0,18553.833929280892,-99.13681768982369,19.466664288012662
Gustavo A. Madero,Norte,121.703609377975,0.950702963113115,Bajo,934,6722.91889374,7055.0,13238.8377037562,-99.10479577952432,19.45348784668478
Gustavo A. Madero,Norte,123.520311250331,0.96489435695895,Bajo,934,34527.931734342,3163.0,29528.928232690483,-99.05432365391172,19.45358144537265
Gustavo A. Madero,Norte,120.756581651424,0.94330513760585,Medio,934,0.0,5144.0,18157.076205287714,-99.0666364594402,19.482545135891392
Gustavo A. Madero,Norte,122.583037847428,0.957572728570595,Bajo,934,19191.176234427,4611.0,20255.909780958576,-99.12575212491336,19.464604217956868
Gustavo A. Madero,Norte,121.823851874706,0.951642252412084,Bajo,934,0.0,4482.0,20838.911200356983,-99.15079476604322,19.54176579725968
Gustavo A. Madero,Norte,120.824664873662,0.943836978209846,Medio,934,0.0,4982.0,18747.49096748294,-99.0665168101212,19.496367347505554
Gustavo A. Madero,Norte,125.640488713291,0.981456388328956,Muy bajo,934,54716.042585242,4331.0,21565.45832371277,-99.15661529558524,19.51057148812916
Gustavo A. Madero,Norte,120.161808193459,0.93865899036537,Medio,934,0.0,5726.0,16311.561299336361,-99.13997066441397,19.57069976906151
Gustavo A. Madero,Norte,123.080936532205,0.961462126406586,Bajo,934,19409.41244795,2870.0,32543.55400696864,-99.11913443962683,19.46051242190176
Gustavo A. Madero,Norte,120.149976008274,0.938566561771235,Medio,934,0.0,4888.0,19108.019639934533,-99.1432982784948,19.56581430816835
Gustavo A. Madero,Norte,120.385160646841,0.940403735984126,Medio,934,10364.4307307,5544.0,16847.041847041848,-99.14667083810409,19.5616451352412
Gustavo A. Madero,Norte,123.971997245481,0.968422758591244,Muy bajo,934,10179.246714988,2140.0,43644.85981308411,-99.10221981289187,19.5090053024235
Gustavo A. Madero,Norte,120.970613874447,0.944977077079708,Medio,934,122093.950174992,6250.0,14943.999999999998,-99.15980146975404,19.52447630093859
Gustavo A. Madero,Norte,124.540750241164,0.972865643736879,Muy bajo,934,89926.495996343,5682.0,16437.873988032385,-99.1497064534124,19.52373403816075
Gustavo A. Madero,Norte,120.926383173856,0.944631563431204,Medio,934,136242.4818620259,5194.0,17982.28725452445,-99.1347918869826,19.51942079192446
Gustavo A. Madero,Norte,120.933732976046,0.944688977330067,Medio,934,0.0,3836.0,24348.27945776851,-99.0691613800852,19.49091074433779
Gustavo A. Madero,Norte,122.868030784333,0.959798986534232,Bajo,934,31076.6901771,3663.0,25498.225498225496,-99.14322515837026,19.47579413529216
Gustavo A. Madero,Norte,123.135440195231,0.961887888585737,Bajo,934,17704.746095615,3006.0,31071.19095143047,-99.14209582118828,19.473086267529684
Gustavo A. Madero,Norte,122.331042569424,0.955604235945654,Bajo,934,32576.63979753,5876.0,15895.166780122532,-99.14125722525064,19.469397604291377
Gustavo A. Madero,Norte,121.619804925778,0.950048314155434,Bajo,934,1908.66951088,5556.0,16810.655147588193,-99.12979548043964,19.46459790631
Gustavo A. Madero,Norte,122.568042435929,0.957455590038564,Bajo,934,19759.025347820003,5032.0,18561.20826709062,-99.11096161374172,19.45533824894833
Gustavo A. Madero,Norte,122.557728462915,0.95737502114865,Bajo,934,110277.642556132,2918.0,32008.224811514734,-99.0755582517332,19.450960757317905
Gustavo A. Madero,Norte,121.746032519273,0.951034356786178,Bajo,934,2297213.93742206,6176.0,15123.056994818653,-99.05484688714084,19.4494539260957
Gustavo A. Madero,Norte,120.433405436262,0.94078060618947,Medio,934,0.0,4023.0,23216.505095699726,-99.06935158279148,19.49931380446287
Gustavo A. Madero,Norte,123.140617681385,0.961928333166253,Bajo,934,33218.40393027,2630.0,35513.307984790874,-99.05555020171452,19.45689542438867
Gustavo A. Madero,Norte,122.906687347842,0.960100957113904,Bajo,934,182854.47987832,3306.0,28251.663641863277,-99.09175801727224,19.453829988815688
Gustavo A. Madero,Norte,122.875073340581,0.959854000343002,Bajo,934,82067.54497697,4245.0,22002.35571260306,-99.09785549365758,19.454080926895653
Gustavo A. Madero,Norte,121.478580227434,0.948945119764842,Bajo,934,107713.106809267,2407.0,38803.48982135438,-99.06960614157704,19.44856958067082
Gustavo A. Madero,Norte,120.401978592611,0.940535111470507,Medio,934,14649.886450771,5374.0,17379.977670264234,-99.0616656736164,19.447026392310928
Gustavo A. Madero,Norte,122.802681437237,0.959288501937773,Bajo,934,40468.944475,766.0,121932.11488250653,-99.1525029071732,19.495907136041364
Gustavo A. Madero,Norte,121.867911685079,0.951986431130283,Bajo,934,0.0,3550.0,26309.859154929578,-99.07116677174687,19.477749391734605
Gustavo A. Madero,Norte,121.41863760758,0.948476870494308,Bajo,934,35485.898446617,3449.0,27080.313134241806,-99.07018022536325,19.45224224331673
Gustavo A. Madero,Norte,121.165241131923,0.946497432238697,Bajo,934,0.0,4264.0,21904.315196998123,-99.1493481668479,19.5563951508482
Gustavo A. Madero,Norte,120.263168997828,0.939450782963387,Medio,934,1560.300301023,5099.0,18317.31712100412,-99.130263279306,19.54536423318577
Gustavo A. Madero,Norte,124.017576699612,0.968778808196682,Muy bajo,934,291923.49173294,3663.0,25498.225498225496,-99.1477780309926,19.531465272107337
Gustavo A. Madero,Norte,125.015969771961,0.976577880525641,Muy bajo,934,169136.384374,2212.0,42224.23146473779,-99.14601356965682,19.524670732131828
Gustavo A. Madero,Norte,124.77236201962,0.974674908106235,Muy bajo,934,0.0,1856.0,50323.275862068964,-99.1537414631345,19.500725693744453
Gustavo A. Madero,Norte,120.892291845954,0.944365254760338,Medio,934,34603.27484561,4250.0,21976.470588235294,-99.07968632231686,19.497015013693908
Gustavo A. Madero,Norte,118.979135649017,0.929420395896885,Medio,934,0.0,6184.0,15103.492884864167,-99.07542252402784,19.49520569764689
Gustavo A. Madero,Norte,121.300764548642,0.947556090354956,Bajo,934,0.0,3949.0,23651.55735629273,-99.070326010951,19.494109716020727
Gustavo A. Madero,Norte,123.425892809212,0.964156795499569,Bajo,934,1188.508114246,2433.0,38388.820386354295,-99.1369201206642,19.490078850641968
Gustavo A. Madero,Norte,124.760374286715,0.97458126443164,Muy bajo,934,18698.791634174,3057.0,30552.829571475304,-99.13927621152696,19.48745629267701
Gustavo A. Madero,Norte,121.546633983047,0.949476730186607,Bajo,934,0.0,6118.0,15266.426936907488,-99.1109313253422,19.489563475664674
Gustavo A. Madero,Norte,121.200311478689,0.94677138863784,Bajo,934,64405.0873437,6233.0,14984.758543237605,-99.08878051479684,19.49262659089785
Gustavo A. Madero,Norte,121.463625954301,0.948828302590303,Bajo,934,108471.41790164,4698.0,19880.800340570455,-99.08305856002488,19.4926815018122
Gustavo A. Madero,Norte,120.535102288595,0.941575023868173,Medio,934,8357.24918593,3646.0,25617.114646187605,-99.07349666793976,19.491664535212237
Gustavo A. Madero,Norte,120.534726222279,0.941572086179121,Medio,934,23145.41775667,61.0,1531147.5409836066,-99.1458224993726,19.48322448369295
Gustavo A. Madero,Norte,121.397611322813,0.948312621041614,Bajo,934,50816.709648398006,7970.0,11718.946047678795,-99.11054942963456,19.485007406494343
Gustavo A. Madero,Norte,121.250825354262,0.947165984093396,Bajo,934,18505.710003019,7001.0,13340.951292672476,-99.1050837855376,19.48684307907159
Gustavo A. Madero,Norte,123.006342255868,0.960879423889322,Bajo,934,62925.143277044,2212.0,42224.23146473779,-99.09025118977358,19.4892549696112
Gustavo A. Madero,Norte,121.846748032225,0.951821108609595,Bajo,934,60576.6300874,2602.0,35895.465026902384,-99.08458737803508,19.489167972824383
Gustavo A. Madero,Norte,122.014139045813,0.953128704443686,Bajo,934,8357.24918593,6216.0,15025.740025740026,-99.07658202442528,19.48689007789324
Gustavo A. Madero,Norte,121.593888987793,0.949845868565198,Bajo,934,8357.24918593,6197.0,15071.808939809585,-99.07179876686098,19.487618309892845
Gustavo A. Madero,Norte,122.013075960433,0.953120400019312,Bajo,934,20864.789715333,5453.0,17128.186319457178,-99.14425843667092,19.480760958677465
Gustavo A. Madero,Norte,121.845590119517,0.951812063429683,Bajo,934,31778.724128558,3003.0,31102.231102231104,-99.137530811545,19.476686428634554
Gustavo A. Madero,Norte,124.030859656228,0.968882569673262,Muy bajo,934,53373.303939269,2240.0,41696.42857142857,-99.12318347863244,19.48163623698713
Gustavo A. Madero,Norte,121.727331426786,0.950888270863733,Bajo,934,153540.21504441998,3220.0,29006.211180124224,-99.10367156109103,19.48412018349918
Gustavo A. Madero,Norte,122.408773785024,0.956211443056231,Bajo,934,0.0,2827.0,33038.556773965334,-99.10120528545356,19.48437889596554
Gustavo A. Madero,Norte,122.490895280209,0.956852945384774,Bajo,934,0.0,5471.0,17071.833302869676,-99.08024370554824,19.48397144059186
Gustavo A. Madero,Norte,121.778897578007,0.951291086302098,Bajo,934,195.00430777,4658.0,20051.52425933877,-99.07328235315896,19.48394333836687
Gustavo A. Madero,Norte,124.37413887457,0.971564138212767,Muy bajo,934,3349.892421242,4358.0,21431.84947223497,-99.1293956996517,19.474528191493004
Gustavo A. Madero,Norte,123.222569553796,0.962568510465282,Bajo,934,21699.883456751,3199.0,29196.623944982806,-99.12747914265807,19.47409960751671
Gustavo A. Madero,Norte,124.071987770311,0.969203847079296,Muy bajo,934,1593.261508885,3490.0,26762.177650429796,-99.1257517908711,19.47339968348959
Gustavo A. Madero,Norte,123.79627449986,0.967050078390537,Muy bajo,934,9173.4366455991,2467.0,37859.74868261046,-99.12413024752932,19.47283698951067
Gustavo A. Madero,Norte,123.929172691573,0.968088229233389,Muy bajo,934,24278.853474770003,637.0,146624.80376766092,-99.10902588452346,19.477199151787524
Gustavo A. Madero,Norte,121.033673879404,0.945469678193781,Medio,934,73331.5736055,751.0,124367.50998668442,-99.0835425392337,19.45317375423109
Gustavo A. Madero,Norte,122.022046538191,0.953190474809196,Bajo,934,18316.3911242,7456.0,12526.824034334762,-99.08056835192988,19.48008618670508
Gustavo A. Madero,Norte,121.981384240572,0.952872836186714,Bajo,934,3007.187522397,4341.0,21515.779774245566,-99.07358640603226,19.480607890504288
Gustavo A. Madero,Norte,120.807073273479,0.94369955922527,Medio,934,2144.13373941,3544.0,26354.401805869078,-99.06885579190886,19.479347408125847
Gustavo A. Madero,Norte,123.874454348169,0.967660790051619,Muy bajo,934,33142.179081816,3082.0,30304.99675535367,-99.11497485653535,19.47450879408864
Gustavo A. Madero,Norte,123.290296361602,0.963097566893377,Bajo,934,32911.517874900004,2749.0,33975.99126955256,-99.11820859314578,19.473495492364723
Gustavo A. Madero,Norte,120.572347198558,0.941865967139646,Medio,934,1365.23907206,10026.0,9315.77897466587,-99.13515339236884,19.55721740623905
Gustavo A. Madero,Norte,124.283715130028,0.970857781825225,Muy bajo,934,100904.10563,1533.0,60926.28832354859,-99.15067365289607,19.496320713752716
Gustavo A. Madero,Norte,122.599244192668,0.957699326462957,Bajo,934,27103.931295763003,2946.0,31704.005431093006,-99.10690214779848,19.462449298649734
Gustavo A. Madero,Norte,122.616220502439,0.957831939029547,Bajo,934,20878.6087608,4036.0,23141.724479682853,-99.10137480428044,19.462496350727285
Gustavo A. Madero,Norte,121.628156295642,0.950113551925426,Bajo,934,24749.315149290003,3677.0,25401.142235518088,-99.10220813628676,19.46021351530292
Gustavo A. Madero,Norte,123.51137178355,0.964824525196351,Bajo,934,172652.576735975,2810.0,33238.43416370107,-99.09289933245536,19.462894937355337
Gustavo A. Madero,Norte,123.499007826964,0.964727942603423,Bajo,934,169508.805727077,3106.0,30070.830650354153,-99.08913580993354,19.463495345053847
Gustavo A. Madero,Norte,120.067426875221,0.937921718896017,Medio,934,17910.95208544,4413.0,21164.74053931566,-99.11624258860212,19.463365602425664
Gustavo A. Madero,Norte,122.153606314135,0.954218170449906,Bajo,934,16092.65936532,4422.0,21121.664405246494,-99.11107597484477,19.458783217113197
Gustavo A. Madero,Norte,119.043610109247,0.929924046205198,Medio,934,13726.240577872,5296.0,17635.951661631418,-99.10355976297502,19.457372273030128
Gustavo A. Madero,Norte,122.378531990371,0.955975205495711,Bajo,934,59063.71145296,3997.0,23367.525644233174,-99.09488184508986,19.457206401864774
Gustavo A. Madero,Norte,123.729955562355,0.966532019717346,Muy bajo,934,20488.58343351,2986.0,31279.303415941056,-99.06387648327588,19.458315030073773
Gustavo A. Madero,Norte,122.99773785057,0.960812209501397,Bajo,934,43878.46612306,4272.0,21863.295880149813,-99.148235365126,19.52886337203891
Gustavo A. Madero,Norte,125.248803091637,0.978396687116986,Muy bajo,934,84473.1264873,812.0,115024.63054187193,-99.15226507348792,19.50240650843799
Gustavo A. Madero,Norte,122.307016496079,0.955416553269369,Bajo,934,69596.76666883999,5898.0,15835.876568328247,-99.07521666972642,19.471128877590964
Gustavo A. Madero,Norte,120.062750958426,0.937885192387277,Medio,934,0.0,5676.0,16455.25017618041,-99.10014818781735,19.498499180229445
Gustavo A. Madero,Norte,124.512182352841,0.972642482104967,Muy bajo,934,40386.22531661,3021.0,30916.914928831513,-99.15335160860842,19.50596525313785
Gustavo A. Madero,Norte,123.939163924438,0.968166276998265,Muy bajo,934,1764.944498766,1247.0,74899.75942261428,-99.1310709456608,19.490562024442944
Gustavo A. Madero,Norte,125.115789721763,0.977357636545529,Muy bajo,934,61591.583023832,1798.0,51946.60734149055,-99.12455686076504,19.490288151945308
Gustavo A. Madero,Norte,124.101711166985,0.96943603510918,Muy bajo,934,53598.94852998,2566.0,36399.064692127824,-99.141085148756,19.49449705726971
Gustavo A. Madero,Norte,124.880319548687,0.975518231844122,Muy bajo,934,45922.175740374,1842.0,50705.754614549405,-99.13584075481546,19.493136398885337
Gustavo A. Madero,Norte,122.291699600124,0.955296903421316,Bajo,934,8132.78386326,3949.0,23651.55735629273,-99.06771906178064,19.4748022615535
Gustavo A. Madero,Norte,122.519030478865,0.957072727007243,Bajo,934,143661.12363565998,2954.0,31618.144888287068,-99.08601741975173,19.472479343347786
Gustavo A. Madero,Norte,121.781518842148,0.95131156263471,Bajo,934,18965.56600743,3197.0,29214.8889583985,-99.10866023016396,19.45964428606986
Gustavo A. Madero,Norte,121.75452627341,0.951100706808725,Bajo,934,0.0,4716.0,19804.919423240033,-99.15342743527532,19.55103822334596
Gustavo A. Madero,Norte,121.366574734541,0.948070174851351,Bajo,934,2621.41415532,7933.0,11773.603932938358,-99.13428766837885,19.544415000820734
Gustavo A. Madero,Norte,121.720626339245,0.950835893233963,Bajo,934,0.0,4422.0,21121.664405246494,-99.14750222529663,19.53968189505613
Gustavo A. Madero,Norte,122.412566319001,0.956241068909631,Bajo,934,20474.35835361,5552.0,16822.76657060519,-99.14320740795446,19.54063858575161
Gustavo A. Madero,Norte,123.921541502443,0.968028617245254,Muy bajo,934,346039.891984433,2091.0,44667.6231468197,-99.15342357328426,19.534418669990657
Gustavo A. Madero,Norte,122.359554499751,0.955826960454688,Bajo,934,0.0,3017.0,30957.905203844875,-99.14959496733564,19.53744440297039
Gustavo A. Madero,Norte,122.733604598156,0.958748899571559,Bajo,934,37522.75386466,2660.0,35112.78195488722,-99.13385863103338,19.51539950394313
Gustavo A. Madero,Norte,123.800369938853,0.96708207042434,Muy bajo,934,66196.135923661,2901.0,32195.79455360221,-99.12796894450528,19.495152441478037
Gustavo A. Madero,Norte,123.758359082604,0.966753897367493,Muy bajo,934,30345.127510036,3163.0,29528.928232690483,-99.12473291987592,19.508079522004792
Gustavo A. Madero,Norte,122.205089154138,0.954620335092271,Bajo,934,13654.85124714,4646.0,20103.314679294017,-99.12129444850994,19.506963524652832
Gustavo A. Madero,Norte,124.198999077386,0.970196011786673,Muy bajo,934,11129.533496543,1820.0,51318.681318681316,-99.12620424949372,19.505185295383587
Gustavo A. Madero,Norte,125.225745859376,0.978216572663985,Muy bajo,934,41739.45875721,747.0,125033.4672021419,-99.13028135500257,19.50399395232532
Gustavo A. Madero,Norte,124.990609186183,0.976379773138614,Muy bajo,934,34897.329518891005,699.0,133619.4563662375,-99.12884268359178,19.503475528781436
Gustavo A. Madero,Norte,124.255319447015,0.970635965396621,Muy bajo,934,6489.112695004,2691.0,34708.28688219992,-99.12448258697584,19.50207569426952
Gustavo A. Madero,Norte,123.29795169946,0.963157367522312,Bajo,934,22663.23908464,2822.0,33097.094259390506,-99.14305566353951,19.49051260576994
Gustavo A. Madero,Norte,121.031475310177,0.945452503795345,Medio,934,14847.33557469,5776.0,16170.360110803325,-99.09867331255988,19.504087482257106
Gustavo A. Madero,Norte,124.611707501928,0.973419935252199,Muy bajo,934,51771.5757673386,3178.0,29389.55317809943,-99.13024276513502,19.49882651076077
Gustavo A. Madero,Norte,124.482409928304,0.972409911087795,Muy bajo,934,65481.963457089,2303.0,40555.79678679982,-99.12408868199888,19.49578949334954
Gustavo A. Madero,Norte,122.814672088998,0.959382168413379,Bajo,934,0.0,2712.0,34439.52802359882,-99.11024794264848,19.500664878846774
Gustavo A. Madero,Norte,120.644364581729,0.942428539933718,Medio,934,0.0,4407.0,21193.55570683004,-99.09842410488896,19.50115433831292
Gustavo A. Madero,Norte,121.572577306557,0.949679389702296,Bajo,934,3766.415219104,3830.0,24386.422976501308,-99.0910729797071,19.50378908055402
Gustavo A. Madero,Norte,124.445042761571,0.972118012792275,Muy bajo,934,39585.928970221,3937.0,23723.647447294894,-99.1151903028343,19.467847869729688
Gustavo A. Madero,Norte,122.52481998734,0.957117952476646,Bajo,934,23376.162961009995,3787.0,24663.32189067864,-99.12046794700107,19.46877732351412
Gustavo A. Madero,Norte,124.174567120214,0.970005158498121,Muy bajo,934,27848.12260174,3291.0,28380.431479793377,-99.12218619876664,19.465455601209715
Gustavo A. Madero,Norte,121.673623106769,0.950468721605949,Bajo,934,12524.849959662,4354.0,21451.538814882868,-99.11131862512948,19.47221837215592
Gustavo A. Madero,Norte,123.118214882593,0.961753330902126,Bajo,934,57947.765713477,3934.0,23741.738688357906,-99.1073236713005,19.470919003321512
Gustavo A. Madero,Norte,122.696501493572,0.958459064030533,Bajo,934,51022.97548166,2052.0,45516.569200779726,-99.10356116996124,19.469815151882365
Gustavo A. Madero,Norte,122.446338606028,0.95650488535281,Bajo,934,33078.392647939,3806.0,24540.199684708354,-99.1053333811011,19.466232707815347
Gustavo A. Madero,Norte,122.620484916041,0.957865251029639,Bajo,934,46839.83458521,2455.0,38044.806517311605,-99.09802452885874,19.46675149266174
Gustavo A. Madero,Norte,122.902745813564,0.960070167326021,Bajo,934,255554.78860886,6163.0,15154.957001460329,-99.08790318543396,19.477431168400063
Gustavo A. Madero,Norte,122.238323594847,0.954879950081675,Bajo,934,19598.07158486,6882.0,13571.636152281313,-99.08158168121663,19.47588849292754
Gustavo A. Madero,Norte,123.522617171435,0.964912369949992,Bajo,934,26801.41387276,4250.0,21976.470588235294,-99.06860722634438,19.470414969893334
Gustavo A. Madero,Norte,121.752529706528,0.951085110376863,Bajo,934,1843.79234896,12036.0,7760.053173811898,-99.1411720024168,19.545223701283646
Gustavo A. Madero,Norte,125.548024162887,0.980734089931229,Muy bajo,934,14011.883857698,1484.0,62938.005390835584,-99.1319958466716,19.504697608578542
Gustavo A. Madero,Norte,122.276787693759,0.955180417200081,Bajo,934,12792.03854533,1911.0,48874.934589220305,-99.09460730494284,19.499292410073004
Gustavo A. Madero,Norte,123.276985237754,0.962993585384943,Bajo,934,113590.74553867,2221.0,42053.12922107159,-99.1442839466126,19.536769104963003
Gustavo A. Madero,Norte,123.359771917378,0.963640283884904,Bajo,934,76099.026815932,5244.0,17810.83142639207,-99.1443963942808,19.533176609382537
Gustavo A. Madero,Norte,124.406741089203,0.971818814489128,Muy bajo,934,958.273084827,1993.0,46864.02408429503,-99.14657728010816,19.533181821103057
Gustavo A. Madero,Norte,122.420682439208,0.95630446899751,Bajo,934,186367.92016829,6515.0,14336.147352264006,-99.0761508804316,19.468275065172676
Gustavo A. Madero,Norte,120.1242166689,0.938365339470633,Medio,934,159418.96800897,2773.0,33681.93292463037,-99.0828817059408,19.45587125308016
Gustavo A. Madero,Norte,124.326567486604,0.971192528367095,Muy bajo,934,29879.1148464607,2422.0,38563.17093311313,-99.0669449948321,19.45674560523365
Gustavo A. Madero,Norte,122.439620453884,0.956452405667259,Bajo,934,161977.51475986,4267.0,21888.914928521208,-99.08097556060784,19.47044896217694
Gustavo A. Madero,Norte,114.984866420763,0.898218662356027,Muy alto,934,412352.297191697,384.0,243229.16666666666,-99.0966389907467,19.46171857849572
Gustavo A. Madero,Norte,122.615964427068,0.957829938664764,Bajo,934,22121.04901736,1767.0,52857.95132993775,-99.07115175560916,19.455327665299706
Gustavo A. Madero,Norte,123.448679482833,0.964334796449924,Bajo,934,42753.383273816,2642.0,35352.006056018174,-99.06084718124794,19.45099640752745
Gustavo A. Madero,Norte,124.196600822834,0.970177277521346,Muy bajo,934,40928.516987306,3728.0,25053.648068669525,-99.06408157918996,19.453631689432942
Gustavo A. Madero,Norte,120.833258235893,0.943904106333472,Medio,934,0.0,6248.0,14948.783610755443,-99.13880748744712,19.561928744201943
Gustavo A. Madero,Norte,120.021970036081,0.937566627112919,Medio,934,0.0,4420.0,21131.221719457015,-99.13594524893172,19.57467820087024
Gustavo A. Madero,Norte,122.992750382841,0.96077324927357,Bajo,934,0.0,2343.0,39863.42296201451,-99.08620112440111,19.485344133293985
Gustavo A. Madero,Norte,124.170608178331,0.969974232728552,Muy bajo,934,129558.447218591,1196.0,78093.64548494984,-99.14749674403916,19.514579950552505
Gustavo A. Madero,Norte,125.281652554257,0.978653294801912,Muy bajo,934,20922.844524728003,2997.0,31164.4978311645,-99.14269023145498,19.511989242624
Gustavo A. Madero,Norte,123.307396379202,0.963231145819134,Bajo,934,98871.6166831,2891.0,32307.160152196473,-99.09127524856645,19.483292395267007
Gustavo A. Madero,Norte,120.559704028846,0.941767203438474,Medio,934,0.0,5406.0,17277.099519052907,-99.1311826384766,19.548237630761363
Gustavo A. Madero,Norte,122.379852917483,0.955985524083016,Bajo,934,32102.49156604,5028.0,18575.974542561653,-99.15829790332182,19.518617832280896
Gustavo A. Madero,Norte,120.384021309886,0.94039483591103,Medio,934,15577.53236158,3315.0,28174.96229260935,-99.13653135354268,19.52194623831896
Gustavo A. Madero,Norte,124.155187621988,0.969853773124413,Muy bajo,934,22871.413406658,4890.0,19100.204498977506,-99.14023203196992,19.51564160918377
Gustavo A. Madero,Norte,123.938110741686,0.968158049929505,Muy bajo,934,20912.3128571,4900.0,19061.22448979592,-99.13660642341414,19.512666656381857
Gustavo A. Madero,Norte,123.287632422433,0.963076757199442,Bajo,934,0.0,4364.0,21402.38313473877,-99.08422009699706,19.4845951732495
Gustavo A. Madero,Norte,122.555179035976,0.95735510598132,Bajo,934,55505.089307151,1702.0,54876.61574618097,-99.10549269700718,19.508683536983035
Gustavo A. Madero,Norte,123.429386246352,0.964184084920629,Bajo,934,41298.565704889,3640.0,25659.340659340658,-99.14381032245564,19.525303741194566
Gustavo A. Madero,Norte,121.751153921202,0.951074363257749,Bajo,934,4025.0334378567,1639.0,56985.96705308114,-99.14129334910535,19.524629221536856
Gustavo A. Madero,Norte,120.658313921644,0.942537506946761,Medio,934,2991.04042848,5616.0,16631.054131054134,-99.13836477459596,19.524639997216656
Gustavo A. Madero,Norte,122.402445670313,0.956162010196867,Bajo,934,101724.32808675,5809.0,16078.498881046651,-99.15467950544934,19.522485927187898
Gustavo A. Madero,Norte,122.306655401354,0.955413732532773,Bajo,934,21585.03714542,3064.0,30483.028720626633,-99.165871663516,19.52654152539766
Gustavo A. Madero,Norte,121.130664016724,0.946227328779611,Medio,934,0.0,5592.0,16702.432045779686,-99.07245315491345,19.498455796761533
Gustavo A. Madero,Norte,122.338492263217,0.955662430160265,Bajo,934,14156.79753477,2770.0,33718.41155234657,-99.14786017125532,19.48611307711703
Gustavo A. Madero,Norte,119.920942792321,0.936777440165311,Medio,934,8357.24918593,3360.0,27797.61904761905,-99.07835157973074,19.491670041114546
Gustavo A. Madero,Norte,121.244241212997,0.947114551250584,Bajo,934,0.0,4742.0,19696.330662167864,-99.069048776525,19.48495525807765
Gustavo A. Madero,Norte,122.095929254092,0.953767618883137,Bajo,934,21237.203652407,4092.0,22825.024437927663,-99.14445107670096,19.47823670688669
Gustavo A. Madero,Norte,121.395684354167,0.948297568285081,Bajo,934,0.0,1729.0,54019.66454598034,-99.1168385850211,19.48084593845435
Gustavo A. Madero,Norte,122.685882911582,0.958376115649517,Bajo,934,0.0,2830.0,33003.53356890459,-99.11374980678325,19.47938278538857
Gustavo A. Madero,Norte,122.365394357546,0.955872579234094,Bajo,934,161500.026731359,4315.0,21645.42294322132,-99.10759151112612,19.48085980228663
Gustavo A. Madero,Norte,123.782551532296,0.966942879713413,Muy bajo,934,10700.581597861,2463.0,37921.23426715387,-99.11753453067448,19.47715079943095
Gustavo A. Madero,Norte,123.778624952837,0.966912206746969,Muy bajo,934,94292.2125184,1574.0,59339.26302414231,-99.13214999078905,19.51181982705777
Gustavo A. Madero,Norte,122.363147151762,0.955855024905116,Bajo,934,18313.762201006,5282.0,17682.695948504355,-99.13285690312948,19.468875224116267
Gustavo A. Madero,Norte,122.156333859495,0.95423947701155,Bajo,934,3967.405667726,4307.0,21685.628047364757,-99.06443913576378,19.471465246882538
Gustavo A. Madero,Norte,122.870324494358,0.959816904136911,Bajo,934,3316.74118581,3485.0,26800.57388809182,-99.11529326050776,19.459194456874247
Gustavo A. Madero,Norte,122.318982777614,0.955510029373914,Bajo,934,11002.28099175,2694.0,34669.63622865627,-99.11498428664808,19.4658155722629
Gustavo A. Madero,Norte,122.82179800517,0.959437833398619,Bajo,934,221293.301030347,2997.0,31164.4978311645,-99.08652105397032,19.452548387381537
Gustavo A. Madero,Norte,123.06159509003,0.961311038312486,Bajo,934,36874.245152728,3246.0,28773.875539125078,-99.0574080389015,19.452102885068367
Gustavo A. Madero,Norte,123.773571519225,0.966872731218402,Muy bajo,934,13133.776340556,2999.0,31143.71457152384,-99.0952730675968,19.50530942916929
Gustavo A. Madero,Norte,123.935819578172,0.968140152219216,Muy bajo,934,8418.412890636,2465.0,37890.466531440165,-99.09980154508996,19.51017334067739
Gustavo A. Madero,Norte,123.829471154551,0.967309398209732,Muy bajo,934,11898.078730512,2242.0,41659.2328278323,-99.09725371322322,19.510945637091616
Gustavo A. Madero,Norte,122.82143847881,0.9594350249135,Bajo,934,11542.271202991,2132.0,43808.630393996245,-99.0951382962768,19.50934191262008
Gustavo A. Madero,Norte,122.248032422946,0.954955791806421,Bajo,934,12111.020951643,2595.0,35992.29287090559,-99.09282899985608,19.508258030146585
Gustavo A. Madero,Norte,123.874007729802,0.967657301236399,Muy bajo,934,5872.729953539,2434.0,38373.04847986853,-99.0985241728581,19.50721573196749
Gustavo A. Madero,Norte,123.909801786569,0.967936910986704,Muy bajo,934,36324.972702679,2602.0,35895.465026902384,-99.05866511764594,19.45547979553857
Gustavo A. Madero,Norte,125.222660823694,0.978192473521979,Muy bajo,934,107295.724650165,1933.0,48318.67563372995,-99.14865602602433,19.494955117011543
Gustavo A. Madero,Norte,124.277505731503,0.970809276332184,Muy bajo,934,71784.449584,2112.0,44223.48484848485,-99.12796093617165,19.48697044374356
Gustavo A. Madero,Norte,120.902824463073,0.944447531616016,Medio,934,0.0,5138.0,18178.279486181393,-99.08025864016604,19.48835315538369
Gustavo A. Madero,Norte,124.535646932936,0.972825778606511,Muy bajo,934,169136.384374,2782.0,33572.96908698778,-99.15165763524482,19.527941251408716
Gustavo A. Madero,Norte,120.761026454384,0.943339858739974,Medio,934,5878.426265995,3802.0,24566.017885323512,-99.14411806827368,19.528744289258466
Gustavo A. Madero,Norte,122.598390542734,0.957692658069757,Bajo,934,3209.87334433,3153.0,29622.581668252456,-99.110769735698,19.46363369558401
Gustavo A. Madero,Norte,124.396413614272,0.971738140127304,Muy bajo,934,169136.384374,2757.0,33877.40297424737,-99.149470368544,19.52668461498006
Gustavo A. Madero,Norte,125.381226637016,0.979431130200645,Muy bajo,934,51068.60808249909,2382.0,39210.74727120067,-99.14730575725504,19.49212885945916
Gustavo A. Madero,Norte,124.558007595731,0.973000451720025,Muy bajo,934,136748.92398891,1915.0,48772.845953002616,-99.14926180962811,19.49801224830105
Gustavo A. Madero,Norte,122.728214093747,0.958706790972309,Bajo,934,33243.51668224,4984.0,18739.967897271268,-99.159836522475,19.515900534771177
Gustavo A. Madero,Norte,121.138177447668,0.946286020884952,Medio,934,231659.78344581104,3396.0,27502.94464075383,-99.14183775998777,19.55613312110721
Gustavo A. Madero,Norte,120.793469520139,0.943593291804975,Medio,934,125372.753223,4342.0,21510.82450483648,-99.15130406140432,19.55354209703961
Gustavo A. Madero,Norte,120.955258872121,0.944857129558968,Medio,934,241965.3229079,5213.0,17916.746595050834,-99.14466239596835,19.552130171172056
Gustavo A. Madero,Norte,123.098816033143,0.961601794363912,Bajo,934,168812.2171165,2876.0,32475.66063977747,-99.09069663675186,19.473993980968917
Gustavo A. Madero,Norte,121.510733450905,0.949196288690588,Bajo,934,0.0,2899.0,32218.006209037598,-99.0896580700979,19.47189209881592
Gustavo A. Madero,Norte,121.71081996059,0.950759289480863,Bajo,934,14214.66903328,8133.0,11484.077216279356,-99.13717480140114,19.550873762980803
Gustavo A. Madero,Norte,123.645612377381,0.965873162381208,Bajo,934,67971.1820275256,2660.0,35112.78195488722,-99.06464381108414,19.44956133283411
Gustavo A. Madero,Norte,123.691955589376,0.966235178176706,Bajo,934,21242.9920354468,2711.0,34452.23164883807,-99.0681924241357,19.467043552006597
Gustavo A. Madero,Norte,123.122395405997,0.961785987583447,Bajo,934,172748.72724834998,3517.0,26556.724481091842,-99.09037138494682,19.45889798527188
Gustavo A. Madero,Norte,122.228723491728,0.954804957675718,Bajo,934,31683.59554973,2148.0,43482.30912476723,-99.1004528797324,19.464630842812237
Gustavo A. Madero,Norte,122.333416248544,0.955622778236917,Bajo,934,56901.77753752901,2646.0,35298.56386999244,-99.1008498562572,19.46789473812473
Gustavo A. Madero,Norte,121.788572930896,0.951366666531048,Bajo,934,143661.12363565998,4598.0,20313.179643323183,-99.0835296008826,19.47136068138662
Gustavo A. Madero,Norte,121.074035431163,0.945784967502369,Medio,934,157422.25151769,3267.0,28588.919498010408,-99.0864142095538,19.45746671342196
Gustavo A. Madero,Norte,122.833895191261,0.959532332080457,Bajo,934,7711.140257758,3222.0,28988.206083178153,-99.06047503132608,19.4678987680958
Gustavo A. Madero,Norte,123.388846900758,0.963867406753269,Bajo,934,1296.9684923,4433.0,21069.253327317845,-99.06199637865532,19.473175645771263
Gustavo A. Madero,Norte,125.978755744481,0.984098803541782,Muy bajo,934,112282.3460808127,157.0,594904.4585987261,-99.1209999658392,19.49828496929849
Gustavo A. Madero,Norte,121.622504903757,0.950069405371036,Bajo,934,53299.677730801,2175.0,42942.528735632186,-99.11707360441758,19.498312060438217
Gustavo A. Madero,Norte,123.429979435858,0.964188718694628,Bajo,934,67290.294769581,2384.0,39177.852348993285,-99.11266778419689,19.50263718421726
Gustavo A. Madero,Norte,123.129795475179,0.961843794149206,Bajo,934,195279.796229514,2382.0,39210.74727120067,-99.12253260278852,19.4844354898717
Gustavo A. Madero,Norte,123.694452933728,0.966254686494388,Bajo,934,37084.6370619621,2985.0,31289.782244556114,-99.1185498764322,19.48082390237001
Gustavo A. Madero,Norte,124.771683509747,0.974669607841523,Muy bajo,934,73867.61720380001,1745.0,53524.35530085959,-99.12000293000052,19.48834094803489
Gustavo A. Madero,Norte,122.016613613633,0.953148034839646,Bajo,934,8087.95232899,6810.0,13715.124816446403,-99.0964100750987,19.493377401373717
Gustavo A. Madero,Norte,121.410957122654,0.948416873425907,Bajo,934,26331.86792515,4733.0,19733.784069300655,-99.0948486851774,19.49627352780325
Gustavo A. Madero,Norte,121.951533400416,0.952639652616133,Bajo,934,42253.22937372,13176.0,7088.646023072252,-99.09657088083992,19.489859313141423
Gustavo A. Madero,Norte,123.169328595005,0.962152612058157,Bajo,934,66043.471109304,1035.0,90241.54589371981,-99.0909367934337,19.486659464542974
Gustavo A. Madero,Norte,123.058537017513,0.961287149796617,Bajo,934,0.0,4977.0,18766.325095439017,-99.08632194617974,19.480628598167105
Gustavo A. Madero,Norte,122.249726387599,0.954969024423129,Bajo,934,120709.15007582,3043.0,30693.394676306278,-99.08800238715207,19.48506635251468
Gustavo A. Madero,Norte,119.018479170932,0.929727732738048,Medio,934,0.0,4319.0,21625.37624450104,-99.12676075211856,19.572483772401288
Gustavo A. Madero,Norte,120.472197786779,0.94108363748633,Medio,934,4393.2976244,4496.0,20774.021352313168,-99.13351499894613,19.56391633223528
Gustavo A. Madero,Norte,121.832616453056,0.951710718011835,Bajo,934,152555.2628613,2060.0,45339.80582524272,-99.08721904879864,19.4708181501608
Gustavo A. Madero,Norte,121.143964155722,0.946331224478517,Medio,934,226274.443881272,6630.0,14087.481146304675,-99.09066436721902,19.46834058357434
Gustavo A. Madero,Norte,121.658131017161,0.950347703210761,Bajo,934,142379.443175,4822.0,19369.556200746578,-99.08385785359822,19.466626691417613
Gustavo A. Madero,Norte,120.827440933256,0.943858663746503,Medio,934,41365.2563234,4725.0,19767.195767195768,-99.11613535104148,19.50864131246817
Gustavo A. Madero,Norte,120.118154141782,0.938317981281962,Medio,934,4127.82904052,4355.0,21446.613088404134,-99.13488841754774,19.56879636158484
Gustavo A. Madero,Norte,121.070853587089,0.945760112129512,Medio,934,3326.42683099,5631.0,16586.751909074766,-99.13737076025576,19.56573944006066
Gustavo A. Madero,Norte,123.358457643531,0.963630017270405,Bajo,934,195619.16910927,3588.0,26031.215161649947,-99.08737600647814,19.449117765554572
Gustavo A. Madero,Norte,120.822579166923,0.94382068545085,Medio,934,4115.774541687,4456.0,20960.502692998205,-99.15488113313435,19.548302561612665
Gustavo A. Madero,Norte,120.305931942648,0.939784831054148,Medio,934,3134.664377516,3377.0,27657.684335208767,-99.15527226509188,19.556087827444976
Gustavo A. Madero,Norte,121.144987917171,0.946339221719091,Medio,934,938.825743903,4022.0,23222.277473893584,-99.13950243721462,19.52939812829249
Gustavo A. Madero,Norte,125.336642058482,0.97908285219034,Muy bajo,934,13417.716348559,2195.0,42551.25284738041,-99.13706893159558,19.508759458229196
Gustavo A. Madero,Norte,123.39002320928,0.963876595634376,Bajo,934,3151.5269082,3029.0,30835.259161439422,-99.13373563391583,19.50607741326805
Gustavo A. Madero,Norte,120.512936240698,0.941401871013271,Medio,934,99664.69738168,3857.0,24215.711693025667,-99.14256628609776,19.560405629458245
Gustavo A. Madero,Norte,120.311453268945,0.939827961584929,Medio,934,0.0,3236.0,28862.793572311497,-99.1461807324679,19.55822907647294
Gustavo A. Madero,Norte,125.644403300569,0.981486967616983,Muy bajo,934,327102.96167293005,7789.0,11991.269739376043,-99.0955072642916,19.474941925944545
Gustavo A. Madero,Norte,124.002733940925,0.968662862131185,Muy bajo,934,167522.289934668,4486.0,20820.32991529202,-99.09781187058933,19.47135975333676
Gustavo A. Madero,Norte,123.511302181979,0.964823981494976,Bajo,934,27727.785362949,3604.0,25915.649278579356,-99.06158407445308,19.46524611808057
Gustavo A. Madero,Norte,121.845559712595,0.951811825902215,Bajo,934,417189.2432033792,1009.0,92566.89791873141,-99.07336048036146,19.460278945125207
Gustavo A. Madero,Norte,120.841965419258,0.943972123585121,Medio,934,12586.4919331,4655.0,20064.446831364123,-99.12947581145283,19.521747311575155
Gustavo A. Madero,Norte,121.142335559935,0.946318502498879,Medio,934,0.0,4738.0,19712.959054453357,-99.13883956227336,19.53268909957993
Gustavo A. Madero,Norte,121.235728317739,0.94704805170478,Bajo,934,0.0,1867.0,50026.780931976435,-99.11739926712266,19.566341011566717
Gustavo A. Madero,Norte,121.455528526034,0.948765048516848,Bajo,934,63147.6414611,3240.0,28827.16049382716,-99.12585008550737,19.56224355087573
Gustavo A. Madero,Norte,121.198220078086,0.946755051400507,Bajo,934,119727.587728511,2709.0,34477.66703580657,-99.11714676899074,19.491587443827445
Gustavo A. Madero,Norte,118.391499231566,0.924830000540831,Alto,934,12586.4919331,2417.0,38642.94580057923,-99.13399882339242,19.52192216509507
Gustavo A. Madero,Norte,121.68454676835,0.950554053154341,Bajo,934,51814.65176301,2773.0,33681.93292463037,-99.11266590550645,19.497063416024652
Gustavo A. Madero,Norte,121.683302613578,0.950544334283766,Bajo,934,13399.58019601,2989.0,31247.90899966544,-99.11529264767148,19.494681589078844
Gustavo A. Madero,Norte,119.180176786577,0.930990853882172,Medio,934,0.0,3313.0,28191.971023241775,-99.1317876501839,19.52939302803989
Gustavo A. Madero,Norte,120.710771794338,0.94294728817892,Medio,934,1797.72273093,7326.0,12749.112749112748,-99.12630529592488,19.55822150257705
Gustavo A. Madero,Norte,121.024394548694,0.945397191541606,Medio,934,0.0,7379.0,12657.541672313322,-99.1394075290406,19.536004941499392
Gustavo A. Madero,Norte,121.284021028024,0.947425296249946,Bajo,934,0.0,6337.0,14738.835411077796,-99.13739186080971,19.540820014050027
Gustavo A. Madero,Norte,118.818179443565,0.928163066371194,Medio,934,0.0,2443.0,38231.68235775686,-99.1348142707584,19.53678297022641
Gustavo A. Madero,Norte,120.187558074182,0.938860138778536,Medio,934,339.554989241,5814.0,16064.67148262814,-99.12630969368333,19.54995669502445
Gustavo A. Madero,Norte,119.577426858057,0.93409402248977,Medio,934,0.0,1925.0,48519.480519480516,-99.12059538609768,19.554949701349816
Gustavo A. Madero,Norte,121.110875654558,0.94607274951411,Medio,934,5287.47422898,7116.0,13125.351320966836,-99.12747967323146,19.554850585210435
Gustavo A. Madero,Norte,121.403889346585,0.948361662609349,Bajo,934,0.0,3855.0,24228.27496757458,-99.13019254585984,19.552592662640464
Gustavo A. Madero,Norte,121.405745789535,0.948376164445593,Bajo,934,0.0,4278.0,21832.632071061245,-99.13112025565384,19.550340596325487
Gustavo A. Madero,Norte,120.478746464034,0.941134793297588,Medio,934,0.0,5490.0,17012.750455373407,-99.1047440738006,19.50615600701311
Gustavo A. Madero,Norte,115.07480063418,0.898921194709979,Muy alto,934,6734.39016765,5776.0,16170.360110803325,-99.1010065432944,19.49359776813317
Gustavo A. Madero,Norte,121.477225780003,0.948934539329364,Bajo,934,843.262358088,4353.0,21456.46680450264,-99.10734220854457,19.490869747808414
Gustavo A. Madero,Norte,120.143681981656,0.938517395195271,Medio,934,0.0,3678.0,25394.235997824904,-99.10380926596798,19.49191308732191
Gustavo A. Madero,Norte,115.140566717526,0.899434934693772,Muy alto,934,0.0,1554.0,60102.9601029601,-99.10667568361576,19.49800009458938
Gustavo A. Madero,Norte,122.29835248277,0.955348873246014,Bajo,934,99725.1938119,4654.0,20068.758057584873,-99.15094288954432,19.51978664036909
Gustavo A. Madero,Norte,122.323971011211,0.955548995584411,Bajo,934,0.0,4073.0,22931.500122759637,-99.15481585276186,19.51855686473126
Gustavo A. Madero,Norte,124.813995888076,0.975000136275795,Muy bajo,934,259900.596993196,8413.0,11101.866159515037,-99.09410674209435,19.480258100991357
Gustavo A. Madero,Norte,123.314939989031,0.963290073670601,Bajo,934,215308.515940564,1861.0,50188.07092960774,-99.14779032420728,19.518702214741545
Gustavo A. Madero,Norte,119.703711654782,0.9350805119707,Medio,934,7197.0441724,4501.0,20750.94423461453,-99.09182167589252,19.50102791514117
Gustavo A. Madero,Norte,120.978440808872,0.945038218156689,Medio,934,15911.60130127,5028.0,18575.974542561653,-99.08874564352146,19.506330640596385
Gustavo A. Madero,Norte,121.570877466776,0.949666111191288,Bajo,934,3966.177072726,7872.0,11864.837398373984,-99.08672608729222,19.49665970334112
Gustavo A. Madero,Norte,122.654160522446,0.958128312240047,Bajo,934,0.0,1870.0,49946.52406417112,-99.0917893451835,19.497704053451404
Gustavo A. Madero,Norte,120.69527657395,0.942826245327259,Medio,934,39518.205599304005,7846.0,11904.154983431048,-99.08468890127877,19.50053260970377
Gustavo A. Madero,Norte,121.057430899465,0.945655259126695,Medio,934,85448.54624963501,4437.0,21050.259184133425,-99.13430358475944,19.47706072359769
Gustavo A. Madero,Norte,123.538819388305,0.965038935593089,Bajo,934,72908.784870025,2904.0,32162.534435261707,-99.14557404226936,19.496132846610745
Gustavo A. Madero,Norte,123.640421377954,0.965832612240074,Bajo,934,1317455.268614699,1550.0,60258.06451612903,-99.14863944023752,19.508099776963583
Gustavo A. Madero,Norte,119.390853957505,0.932636584947059,Medio,934,0.0,4304.0,21700.74349442379,-99.13440807107769,19.57893675018913
Gustavo A. Madero,Norte,119.2478359262,0.931519381711796,Medio,934,0.0,4345.0,21495.97238204833,-99.12375495074532,19.58206579484977
Gustavo A. Madero,Norte,118.159432404264,0.923017181500509,Alto,934,0.0,3544.0,26354.401805869078,-99.12286159296636,19.54865975020454
Gustavo A. Madero,Norte,123.458573530767,0.964412085042562,Bajo,934,142379.443175,4100.0,22780.48780487805,-99.09972277818038,19.48133125881622
Gustavo A. Madero,Norte,122.863868117442,0.959766469341296,Bajo,934,47859.2169245,5111.0,18274.31031109372,-99.09598927478211,19.486106722428136
Gustavo A. Madero,Norte,121.696829671357,0.950650002587099,Bajo,934,142379.443175,2732.0,34187.40849194729,-99.0981235199344,19.484135681324396
Gustavo A. Madero,Norte,119.764723866622,0.935557116492775,Medio,934,9856.4211418,4749.0,19667.29837860602,-99.12536391480656,19.546315360707197
Gustavo A. Madero,Norte,122.78609610159,0.95915894351445,Bajo,934,191166.11903859,3592.0,26002.227171492203,-99.12972157828636,19.516517917396857
Gustavo A. Madero,Norte,125.31608187624,0.978922243755803,Muy bajo,934,376095.54594668,1096.0,85218.97810218978,-99.12782061320246,19.51237618224032
Gustavo A. Madero,Norte,124.430940500325,0.972007851215131,Muy bajo,934,116130.912511418,4128.0,22625.968992248065,-99.13239275879862,19.4742484605182
Gustavo A. Madero,Norte,123.581571286108,0.965372897388694,Bajo,934,99573.79694959,3347.0,27905.58709291903,-99.12500985354797,19.47971740153807
Gustavo A. Madero,Norte,118.532108100999,0.925928384306877,Alto,934,282542.030725821,1121.0,83318.4656556646,-99.13532795834764,19.483299606492427
Gustavo A. Madero,Norte,121.705285655993,0.950716057568467,Bajo,934,66038.56469674,3894.0,23985.618900873138,-99.130788125959,19.56136461969918
Gustavo A. Madero,Norte,119.970983991451,0.937168343249729,Medio,934,0.0,5663.0,16493.02489846371,-99.1258089263418,19.56819040952338
Gustavo A. Madero,Norte,120.028404243322,0.937616888727343,Medio,934,1565.59135995,6414.0,14561.895852821952,-99.1301113467998,19.566807555011437
Iztacalco,Centro,124.034762744618,0.968913059136284,Muy bajo,254,30447.82344218,10395.0,2443.4824434824436,-99.07603328868156,19.403224556170155
Iztacalco,Centro,123.283021195342,0.963040736022407,Bajo,254,11506.39682024,2296.0,11062.717770034842,-99.13309690155478,19.37928766486837
Iztacalco,Centro,123.287394178083,0.963074896123913,Bajo,254,10277.4976721192,6014.0,4223.478550049884,-99.06847826010667,19.41586633644618
Iztacalco,Centro,122.986661048522,0.9607256816771,Bajo,254,0.0,5155.0,4927.25509214355,-99.0637660403828,19.419416501425253
Iztacalco,Centro,123.412656013136,0.964053394611825,Bajo,254,5581.37343703,2727.0,9314.264759809314,-99.10948222342714,19.3830698983505
Iztacalco,Centro,123.684155465785,0.966174246535909,Bajo,254,2263.22318921,928.0,27370.689655172413,-99.06112801688144,19.3890111321617
Iztacalco,Centro,122.906247333072,0.960097519883507,Bajo,254,16685.8133334295,3919.0,6481.245215616228,-99.07115559035324,19.41328397433673
Iztacalco,Centro,122.896239790656,0.96001934471453,Bajo,254,1153.402564326,6369.0,3988.0672005024335,-99.05842697921145,19.40716342584476
Iztacalco,Centro,123.533275520978,0.964995628980224,Bajo,254,23170.325063936,5499.0,4619.021640298236,-99.06462083435432,19.40303709482527
Iztacalco,Centro,121.325870817967,0.9477522111172,Bajo,254,59296.624579865,4303.0,5902.858470834301,-99.10411196651548,19.402262222606936
Iztacalco,Centro,122.035261224211,0.953293702981474,Bajo,254,11116.5877735903,2473.0,10270.926000808735,-99.0806549961017,19.404659355015596
Iztacalco,Centro,121.39001714681,0.948253298186152,Bajo,254,28708.92433828,4548.0,5584.872471416007,-99.05799702414164,19.41784929528737
Iztacalco,Centro,123.823174600599,0.967260211891187,Muy bajo,254,34302.6540742,7652.0,3319.3936225823313,-99.06047014707308,19.39489520787126
Iztacalco,Centro,123.54872326086,0.965116300931977,Bajo,254,10228.049361623,6103.0,4161.887596264132,-99.13334263261466,19.400833664920523
Iztacalco,Centro,124.215950591349,0.970328430657699,Muy bajo,254,13770.566340514,4221.0,6017.531390665718,-99.12765359151652,19.40184082858912
Iztacalco,Centro,124.659575580371,0.973793862732633,Muy bajo,254,9787.218880957,1629.0,15592.387968078574,-99.12978439885322,19.379196895820694
Iztacalco,Centro,122.917178697278,0.960182911601915,Bajo,254,10280.475532937,2790.0,9103.94265232975,-99.12768985636876,19.398816675389025
Iztacalco,Centro,122.548916217588,0.957306183192349,Bajo,254,14666.1177622813,7139.0,3557.921277489844,-99.12182809973233,19.402574880201215
Iztacalco,Centro,121.664506012815,0.950397502286481,Bajo,254,14141.3369766606,4869.0,5216.676935715753,-99.11632923921113,19.40348169134254
Iztacalco,Centro,122.51539148722,0.957044300568971,Bajo,254,57717.0799674,2360.0,10762.71186440678,-99.13040366819898,19.39397481216225
Iztacalco,Centro,122.136653943834,0.954085744889486,Bajo,254,12954.128816002,3843.0,6609.419724173822,-99.08550618303232,19.39396388497099
Iztacalco,Centro,122.836958016662,0.959556257724069,Bajo,254,16.6015991507,4722.0,5379.076662431173,-99.08237560082132,19.3919580834601
Iztacalco,Centro,122.057713919202,0.953469095015996,Bajo,254,382.797099821,5337.0,4759.228030728874,-99.07574834306456,19.39063967289748
Iztacalco,Centro,122.476841513443,0.956743162628324,Bajo,254,3772.39132063,4131.0,6148.632292423143,-99.06969837517876,19.38878376506769
Iztacalco,Centro,121.319334610511,0.947701152715339,Bajo,254,0.0,3564.0,7126.82379349046,-99.0679316029968,19.386933406364356
Iztacalco,Centro,124.372268126492,0.971549524630232,Muy bajo,254,19510.0025014985,2692.0,9435.364041604755,-99.13126643532532,19.388640221975937
Iztacalco,Centro,120.715086805277,0.942980995426443,Medio,254,12450.8339476,4824.0,5265.339966832505,-99.1156516812586,19.38395023510259
Iztacalco,Centro,124.402462474495,0.971785391555312,Muy bajo,254,23564.70896808,1859.0,13663.25981710597,-99.13237427545498,19.38408919465496
Iztacalco,Centro,122.505616931894,0.956967945407785,Bajo,254,6523.73668635,2852.0,8906.030855539972,-99.10682439974472,19.382366950498035
Iztacalco,Centro,124.103604487426,0.969450825018557,Muy bajo,254,67958.30097687,2334.0,10882.60497000857,-99.10309741007228,19.38205300561964
Iztacalco,Centro,124.469047315692,0.972305527368442,Muy bajo,254,3452.48721397,1528.0,16623.03664921466,-99.12699083642369,19.37890091747928
Iztacalco,Centro,125.126367007281,0.977440262333989,Muy bajo,254,6490.80941617,1628.0,15601.965601965603,-99.1239874622396,19.37791754032745
Iztacalco,Centro,123.274614834366,0.962975068682466,Bajo,254,13268.075115652598,2550.0,9960.78431372549,-99.06267249582054,19.385977320404177
Iztacalco,Centro,122.388184873245,0.956050610197327,Bajo,254,59156.16687675,2119.0,11986.786219915055,-99.09219215640678,19.38829297469145
Iztacalco,Centro,123.325934883615,0.963375961664509,Bajo,254,0.0,2024.0,12549.407114624506,-99.0635426803777,19.38377977764221
Iztacalco,Centro,119.472757966817,0.933276388357505,Medio,254,61724.13960029101,2212.0,11482.820976491863,-99.09384437801008,19.385542503996508
Iztacalco,Centro,121.433037774073,0.948589359195542,Bajo,254,7703.220355838999,4258.0,5965.241897604509,-99.12104623484672,19.38457852633872
Iztacalco,Centro,120.861754053672,0.944126704977323,Medio,254,8813.99127779,3704.0,6857.451403887689,-99.1185687282539,19.38461142314729
Iztacalco,Centro,121.271579127601,0.947328104788991,Bajo,254,7026.11844467,2887.0,8798.060270176655,-99.11249469029272,19.38337500228542
Iztacalco,Centro,119.971351987926,0.937171217900205,Medio,254,17669.482914426997,4564.0,5565.293602103418,-99.09536289586646,19.382345898016204
Iztacalco,Centro,120.935709305925,0.944704415678049,Medio,254,15965.969806421,2099.0,12101.00047641734,-99.07359367808871,19.40891963983413
Iztacalco,Centro,120.606568593715,0.942133291847143,Medio,254,1632.26722865,1985.0,12795.969773299748,-99.10651557369714,19.388351785807483
Iztacalco,Centro,122.785182549,0.959151807184152,Bajo,254,9717.14650417,3190.0,7962.382445141066,-99.11236798031943,19.3963436126373
Iztacalco,Centro,121.804704179272,0.951492677794874,Bajo,254,74701.8417353,4346.0,5844.4546709618035,-99.09895127178048,19.387987752365387
Iztacalco,Centro,123.357090703367,0.963619339246382,Bajo,254,0.0,5255.0,4833.491912464319,-99.0629881899785,19.416550829476108
Iztacalco,Centro,121.760574655405,0.951147954500995,Bajo,254,733.344022983,4527.0,5610.779765849348,-99.06384274361058,19.40978931662009
Iztacalco,Centro,123.954592678845,0.968286800642609,Muy bajo,254,541.455485823,7404.0,3430.578065910319,-99.06201753679588,19.408508178115543
Iztacalco,Centro,123.452550226506,0.964365033248142,Bajo,254,497.524055428,8297.0,3061.3474749909606,-99.06023510859627,19.407933840146164
Iztacalco,Centro,121.9803892698,0.952865063848118,Bajo,254,5312.71552255,3910.0,6496.1636828644505,-99.07146836757676,19.394711902995176
Iztacalco,Centro,122.823408422948,0.959450413378459,Bajo,254,783.9270451,6468.0,3927.025355596784,-99.06780962453747,19.393994872588348
Iztacalco,Centro,122.335185626969,0.955636599957734,Bajo,254,7084.239503299999,5344.0,4752.994011976048,-99.06358548498405,19.39292075387064
Iztacalco,Centro,121.702572301546,0.950694861860907,Bajo,254,82445.88202491999,1986.0,12789.526686807654,-99.10082493930793,19.395331002783465
Iztacalco,Centro,122.395654089417,0.956108956913442,Bajo,254,19.3193656662,3513.0,7230.287503558212,-99.09329861377906,19.394588929251285
Iztacalco,Centro,122.035442381044,0.953295118110724,Bajo,254,20.4052169533,3376.0,7523.696682464455,-99.07230534398845,19.389183834195745
Iztacalco,Centro,121.146401483198,0.946350263966872,Medio,254,2917.25783681,4801.0,5290.564465736305,-99.11520585611656,19.39007867651653
Iztacalco,Centro,122.245359257185,0.954934910037808,Bajo,254,0.0,7114.0,3570.4245150407646,-99.1104784268361,19.392189584992007
Iztacalco,Centro,122.046591151478,0.953382208125075,Bajo,254,0.0,5465.0,4647.75846294602,-99.10627336397404,19.391516150839685
Iztacalco,Centro,122.086289579661,0.953692317360922,Bajo,254,0.0,2680.0,9477.611940298506,-99.10173613290723,19.39320362789374
Iztacalco,Centro,123.846973932044,0.967446123344764,Muy bajo,254,0.0,3851.0,6595.689431316541,-99.10326899829478,19.38819303975481
Iztacalco,Centro,121.622862384191,0.950072197874145,Bajo,254,0.0,3033.0,8374.546653478405,-99.096447129863,19.391612510043483
Iztacalco,Centro,122.012569567659,0.953116444268831,Bajo,254,46843.1078776,3686.0,6890.938686923494,-99.0957622263906,19.38814168903121
Iztacalco,Centro,122.256736493184,0.955023784739486,Bajo,254,0.0,2275.0,11164.835164835164,-99.09473274174093,19.39151580820078
Iztacalco,Centro,120.069012450668,0.937934104816891,Medio,254,0.0,2520.0,10079.36507936508,-99.09308668557196,19.39144947446477
Iztacalco,Centro,121.454390323322,0.948756157304037,Bajo,254,6751.924051587001,4868.0,5217.748562037798,-99.1201199072007,19.389469809040165
Iztacalco,Centro,122.19367649842,0.954531183705033,Bajo,254,2917.25783681,1795.0,14150.417827298052,-99.11685294890614,19.387593484295355
Iztacalco,Centro,123.596465870989,0.965489248300987,Bajo,254,0.0,3361.0,7557.274620648617,-99.10971524309991,19.38628981684082
Iztacalco,Centro,123.818617296839,0.967224611942995,Muy bajo,254,7613.99203548,2924.0,8686.730506155951,-99.10586168461896,19.38547388867613
Iztacalco,Centro,124.029790579972,0.968874218450403,Muy bajo,254,34785.332133931,2068.0,12282.398452611218,-99.10232578970596,19.38480789582475
Iztacalco,Centro,124.82502158527,0.975086264888139,Muy bajo,254,24921.58329559,1783.0,14245.653393157601,-99.12885962876804,19.383278978117477
Iztacalco,Centro,124.152228198935,0.969830655221171,Muy bajo,254,9191.54603647,2428.0,10461.285008237233,-99.12502651895784,19.382741346661938
Iztacalco,Centro,125.007143723173,0.976508934741877,Muy bajo,254,22437.783243819,1288.0,19720.49689440994,-99.12324880175356,19.3842981228016
Iztacalco,Centro,124.129197228598,0.969650745916471,Muy bajo,254,3602.3504698604,1413.0,17975.93772116065,-99.121683489888,19.396819601958047
Iztacalco,Centro,121.875015790583,0.952041925738762,Bajo,254,2272.112475992,5768.0,4403.606102635229,-99.11707086738264,19.39662420797194
Iztacalco,Centro,122.238570727435,0.954881880588793,Bajo,254,40683.80184746,3560.0,7134.831460674157,-99.09819800732552,19.384661771367824
Iztacalco,Centro,122.071261839021,0.953574926285766,Bajo,254,2569.84995662,8203.0,3096.428136047787,-99.06641600022569,19.410859531699284
Iztacalco,Centro,124.394026282057,0.971719491183181,Muy bajo,254,2093.47703106,2241.0,11334.225792057117,-99.06685001462183,19.406933927204484
Iztacalco,Centro,123.527427383203,0.964949945520716,Bajo,254,0.0,4449.0,5709.148123173747,-99.07124334193912,19.408758810215136
Iztacalco,Centro,121.694090537019,0.950628605496706,Bajo,254,5454.680707803,2014.0,12611.717974180736,-99.0805219549275,19.40123425966642
Iztacalco,Centro,122.501840094635,0.956938442171258,Bajo,254,0.0,4808.0,5282.861896838603,-99.06480544256388,19.388298100526463
Iztacalco,Centro,122.10276548074,0.953821020922434,Bajo,254,0.0,2127.0,11941.701927597554,-99.10260881131175,19.39049800474801
Iztacalco,Centro,121.897013829535,0.952213766170786,Bajo,254,76345.2563936,2015.0,12605.459057071961,-99.1007386735698,19.389847246976597
Iztacalco,Centro,124.389762622502,0.971686185073415,Muy bajo,254,3869.968699916,1038.0,24470.134874759155,-99.11502602552764,19.400023116261085
Iztacalco,Centro,123.094526176898,0.961568283615428,Bajo,254,31210.18884594,5819.0,4365.011170304177,-99.064333605223,19.398695666583524
Iztacalco,Centro,122.079480913609,0.953639130614669,Bajo,254,8659.350219652,3997.0,6354.766074555918,-99.11985707387662,19.399364123942465
Iztacalco,Centro,121.662026111662,0.950378130228522,Bajo,254,74701.8417353,2575.0,9864.077669902912,-99.09837916679253,19.3920526332269
Iztacalco,Centro,123.125996310331,0.961814116497932,Bajo,254,3219.88298148,9912.0,2562.550443906376,-99.0796069236296,19.39574043527718
Iztacalco,Centro,122.28236316008,0.955223970652437,Bajo,254,84671.55483126,4283.0,5930.422600980622,-99.07394601438249,19.397651324318083
Iztacalco,Centro,122.911570626332,0.960139103454461,Bajo,254,25174.997129583,2840.0,8943.661971830987,-99.12794928187884,19.394276809295874
Iztacalco,Centro,121.446921609027,0.948697814508395,Bajo,254,2598.377164198,6876.0,3694.0081442699243,-99.1184838993221,19.393564579045524
Iztacalco,Centro,121.709390020719,0.950748119326755,Bajo,254,0.0,2900.0,8758.620689655172,-99.11167004543874,19.390030063019253
Iztacalco,Centro,121.281700107019,0.9474071660853,Bajo,254,12285.890563066,2113.0,12020.823473734026,-99.12831910006442,19.388271770924856
Iztacalco,Centro,121.921936360747,0.95240845163979,Bajo,254,0.0,4529.0,5608.302053433429,-99.11343928818796,19.38684193559783
Iztacalco,Centro,124.257613354319,0.970653884540368,Muy bajo,254,30658.8419714,4236.0,5996.222851746931,-99.09613364627566,19.39977335293082
Iztacalco,Centro,122.023917216213,0.953205087844479,Bajo,254,99696.534491971,4414.0,5754.417761667422,-99.0916790798276,19.39774580334288
Iztacalco,Centro,122.722043230979,0.958658586506165,Bajo,254,29191.052663658,5556.0,4571.634269258459,-99.11014900362346,19.40102248399404
Iztacalco,Centro,122.83989268606,0.959579182261043,Bajo,254,8158.01540241,2593.0,9795.603548013883,-99.10903715737824,19.395880728126784
Iztacalco,Centro,122.75039704226,0.958880075848494,Bajo,254,15224.8968287,2579.0,9848.778596355176,-99.1041010660359,19.395438963836376
Iztacalco,Centro,122.628698454747,0.957929412114309,Bajo,254,28556.6747194,2737.0,9280.2338326635,-99.10650630592365,19.3956583519307
Iztacalco,Centro,121.226230730898,0.946973860117549,Bajo,254,8711.03898519,1631.0,15573.267933782956,-99.08866465084922,19.392944116409797
Iztacalco,Centro,122.435205866868,0.956417920568766,Bajo,254,0.0,2950.0,8610.169491525425,-99.09142158424643,19.390744623871324
Iztacalco,Centro,121.735052584466,0.950948585652446,Bajo,254,25682.14107139,2185.0,11624.713958810069,-99.06944688969013,19.40236957210229
Iztacalco,Centro,123.317220369762,0.963307887149833,Bajo,254,7567.71102948,4787.0,5306.0371840401085,-99.06940134974433,19.398866683938422
Iztacalco,Centro,121.570515757061,0.949663285650624,Bajo,254,0.0,2063.0,12312.166747455163,-99.09800531171908,19.38075904671389
Iztacalco,Centro,121.214581513312,0.946882860797695,Bajo,254,34081.5612934,915.0,27759.562841530056,-99.09934373537484,19.38192558868873
Iztacalco,Centro,122.065937988758,0.953533338363715,Bajo,254,7394.076844489,7901.0,3214.7829388684977,-99.124702060779,19.39356464672983
Iztacalco,Centro,121.127992038657,0.946206456288825,Medio,254,9194.316812554,2016.0,12599.206349206348,-99.1261752340221,19.38773842338358
Iztacalco,Centro,124.339999857349,0.971297457010823,Muy bajo,254,6427.817387077001,1971.0,12886.859462201926,-99.12395660967674,19.3880404448351
Iztapalapa,Centro,120.378080604085,0.940348429344809,Medio,1314,13079.199950947,4162.0,31571.35992311389,-99.01127813673187,19.3744733676986
Iztapalapa,Centro,118.735834898022,0.92751982165689,Medio,1314,11652.7467873,4150.0,31662.650602409638,-99.02840646245876,19.38438304655527
Iztapalapa,Centro,120.92475390338,0.944618836181143,Medio,1314,8163.210186363301,5433.0,24185.532854776367,-99.01531218907188,19.377112010654887
Iztapalapa,Centro,120.652894622039,0.942495173410243,Medio,1314,3901.173965989,4554.0,28853.754940711464,-99.0197646795532,19.37989600998036
Iztapalapa,Centro,118.177414863418,0.923157653728814,Alto,1314,1141.2915824,6175.0,21279.352226720646,-98.97774568405806,19.32664986545232
Iztapalapa,Centro,119.010813408219,0.929667850674048,Medio,1314,5968.96514694,1895.0,69340.36939313984,-98.9732624860407,19.33326889622053
Iztapalapa,Centro,121.313572958632,0.947656144851223,Bajo,1314,8047.988141268,1726.0,76129.7798377752,-99.062449997081,19.347166162406925
Iztapalapa,Centro,121.931291742489,0.952481532374109,Bajo,1314,87414.74983222701,2160.0,60833.33333333333,-99.05904260102852,19.34591480991243
Iztapalapa,Centro,121.593076580514,0.949839522344148,Bajo,1314,30520.53337905,3937.0,33375.666751333505,-99.07284885072248,19.314747585118667
Iztapalapa,Centro,122.872402911433,0.959833139951792,Bajo,1314,27286.428044034,2051.0,64066.30911750366,-99.11388336848104,19.353429262514062
Iztapalapa,Centro,123.378735352532,0.963788419129896,Bajo,1314,0.0,3664.0,35862.44541484716,-99.10896738197069,19.352989637315652
Iztapalapa,Centro,121.121201454149,0.946153410788813,Medio,1314,33908.705810512,6227.0,21101.654087040308,-99.12849012086816,19.371619388184147
Iztapalapa,Centro,121.033963397437,0.945471939800104,Medio,1314,17162.207202907,7149.0,18380.19303399077,-99.12509241957552,19.37190401761974
Iztapalapa,Centro,122.084572380452,0.953678903244573,Bajo,1314,81.7243398733,2858.0,45976.20713785864,-98.99957239784564,19.370180529241587
Iztapalapa,Centro,124.334289018901,0.971252846082176,Muy bajo,1314,81134.890062894,2515.0,52246.52087475149,-99.13451816958197,19.364208797562213
Iztapalapa,Centro,121.32533612887,0.94774803432646,Bajo,1314,0.0,6682.0,19664.77102663873,-99.11482185158476,19.37768971501797
Iztapalapa,Centro,121.303727456984,0.947579235483963,Bajo,1314,23640.293221054,5424.0,24225.663716814157,-99.10436404490984,19.32860358111283
Iztapalapa,Centro,121.500207773569,0.949114066045894,Bajo,1314,12962.688685363,11278.0,11651.00195070048,-99.0995918519681,19.32665490519434
Iztapalapa,Centro,120.508279823884,0.94136549683106,Medio,1314,0.0,1682.0,78121.28418549345,-99.0328534020246,19.38785166565842
Iztapalapa,Centro,121.281888553073,0.947408638155212,Bajo,1314,0.0,3610.0,36398.891966759,-99.03214041278947,19.385982823226705
Iztapalapa,Centro,121.737564646642,0.950968208940253,Bajo,1314,17875.2090196162,5868.0,22392.638036809818,-99.05347165164834,19.397200942624632
Iztapalapa,Centro,121.205823103489,0.946814443384166,Bajo,1314,340.360704202,4544.0,28917.253521126764,-98.99511756571532,19.368053445314917
Iztapalapa,Centro,123.643150922833,0.965853934421211,Bajo,1314,13953.97455471854,2180.0,60275.22935779817,-99.11933073972742,19.35438064551333
Iztapalapa,Centro,124.120732215581,0.969584620408779,Muy bajo,1314,11773.658470366,3759.0,34956.1053471668,-99.12556409373558,19.359215532814563
Iztapalapa,Centro,122.270610496804,0.955132163253637,Bajo,1314,40544.5240953,1640.0,80121.9512195122,-99.06485547445328,19.29094971087649
Iztapalapa,Centro,120.267032560207,0.939480963664024,Medio,1314,10251.95061705,5076.0,25886.524822695035,-99.00837959324718,19.338720744419103
Iztapalapa,Centro,120.244568086552,0.939305479618997,Medio,1314,0.0,528.0,248863.63636363638,-99.05791238179204,19.37440966715128
Iztapalapa,Centro,122.634921608813,0.95797802506047,Bajo,1314,21112.88425122,3125.0,42048.0,-99.11785331324926,19.36670588786946
Iztapalapa,Centro,123.707062307339,0.966353186193099,Muy bajo,1314,27082.77718486,3633.0,36168.45582163501,-99.11523207042627,19.366376051899096
Iztapalapa,Centro,123.998195240345,0.968627407504057,Muy bajo,1314,25868.529224591,2181.0,60247.59284731774,-99.10770940411015,19.361992881593316
Iztapalapa,Centro,120.068434352382,0.937929588929841,Medio,1314,2121.45079794,508.0,258661.41732283463,-99.07461401839116,19.33267779178023
Iztapalapa,Centro,121.601349571177,0.94990414784521,Bajo,1314,808.0044857826,6358.0,20666.876376218937,-99.06682547064986,19.35818564415468
Iztapalapa,Centro,120.94812764157,0.94480142305979,Medio,1314,12531.46952012,2349.0,55938.69731800766,-99.06577741553484,19.304650508865628
Iztapalapa,Centro,121.010851555897,0.945291398759885,Medio,1314,2479.507952941,2349.0,55938.69731800766,-99.0656769224499,19.30066779741985
Iztapalapa,Centro,122.291235980205,0.955293281796348,Bajo,1314,19878.53982072,3965.0,33139.97477931904,-99.0790440605246,19.385241331552724
Iztapalapa,Centro,109.675911499043,0.856747097125466,Muy alto,1314,169589.9581138044,293.0,448464.1638225256,-99.08476527609014,19.37955971387844
Iztapalapa,Centro,119.06157477876,0.930064379467499,Medio,1314,34871.701528095,4606.0,28528.00694745983,-99.0988187507904,19.378423147314034
Iztapalapa,Centro,120.57553994021,0.9418909076403,Medio,1314,0.0,5621.0,23376.623376623374,-99.01682005396106,19.33566172674674
Iztapalapa,Centro,123.000096766931,0.960830636471525,Bajo,1314,9502.689845645,4294.0,30600.83837913368,-99.1200235913702,19.360709885304225
Iztapalapa,Centro,121.268780615987,0.947306243865579,Bajo,1314,121.0331025614,6435.0,20419.58041958042,-99.08830817906644,19.360254442439384
Iztapalapa,Centro,121.492012284323,0.949050045956841,Bajo,1314,45089.51383721,7518.0,17478.0526735834,-99.05664796659649,19.3928985640159
Iztapalapa,Centro,119.507798778975,0.933550114043363,Medio,1314,4912.346371039999,2957.0,44436.92932025702,-99.05846951300585,19.38727715218728
Iztapalapa,Centro,122.143345299352,0.954138015249839,Bajo,1314,1046.9158085743,2144.0,61287.31343283582,-99.04270968432346,19.39173080168589
Iztapalapa,Centro,121.982285857463,0.952879879279804,Bajo,1314,1347.10480143,2948.0,44572.59158751697,-99.0361862960668,19.388375856096676
Iztapalapa,Centro,120.471608223238,0.941079032037004,Medio,1314,5309.004485863001,6202.0,21186.713963237667,-99.06369171275531,19.3789526781774
Iztapalapa,Centro,120.73971456475,0.943173378249151,Medio,1314,45374.94023613,3528.0,37244.897959183676,-99.02430123005666,19.38217565824966
Iztapalapa,Centro,122.437648544993,0.95643700185438,Bajo,1314,9641.93812951,4540.0,28942.73127753304,-99.12044332465676,19.379029713724645
Iztapalapa,Centro,120.683079457146,0.942730966024152,Medio,1314,19312.411810245,6884.0,19087.739686228935,-99.10452695813576,19.378851509259825
Iztapalapa,Centro,121.279694911964,0.947391502253381,Bajo,1314,43301.48096921,6782.0,19374.815688587438,-99.13274213064456,19.37458076152022
Iztapalapa,Centro,121.23127613028,0.947013272885724,Bajo,1314,26116.073450294,5441.0,24149.972431538317,-99.13364442050606,19.369348444701732
Iztapalapa,Centro,123.570198195954,0.965284055072803,Bajo,1314,24578.28952175,3649.0,36009.86571663469,-99.1357310694946,19.361187163608108
Iztapalapa,Centro,121.435291504032,0.94860696448894,Bajo,1314,13421.068358526,2220.0,59189.18918918919,-98.99359328405818,19.36507736530617
Iztapalapa,Centro,119.417366266433,0.932843689163484,Medio,1314,60585.495989347,4839.0,27154.370737755733,-98.99589180093363,19.3568622240238
Iztapalapa,Centro,122.400527943897,0.956147029637164,Bajo,1314,6281.06582441,5489.0,23938.786664237567,-99.115473405331,19.34800260791032
Iztapalapa,Centro,119.141239684748,0.930686691842336,Medio,1314,17612.253669996,1927.0,68188.894654904,-98.99056681139422,19.332356897027484
Iztapalapa,Centro,118.785181967593,0.927905302461458,Medio,1314,2562.172571371,4302.0,30543.933054393307,-98.98447987496137,19.331670859889
Iztapalapa,Centro,121.25723153203,0.947216026752088,Bajo,1314,12338.008818199,5625.0,23360.0,-99.08401292020984,19.302935510558605
Iztapalapa,Centro,121.231626736229,0.947016011687936,Bajo,1314,4566.72251116,4545.0,28910.891089108907,-99.0761410628109,19.294875785348584
Iztapalapa,Centro,118.930878024914,0.929043425431823,Medio,1314,7177.89291471,3047.0,43124.38464063012,-98.97247293427849,19.32759555885884
Iztapalapa,Centro,122.89599586767,0.960017439279624,Bajo,1314,4081.559508149,1681.0,78167.75728732898,-99.0803127223091,19.297550103947763
Iztapalapa,Centro,121.702378615741,0.950693348860025,Bajo,1314,1397.87142693,2285.0,57505.470459518605,-99.07150251659073,19.28769126738517
Iztapalapa,Centro,122.921329297248,0.960215334532598,Bajo,1314,195800.16632174992,4853.0,27076.035441994645,-99.00473954264076,19.369205976915094
Iztapalapa,Centro,119.354108051937,0.932349539710814,Medio,1314,0.0,5329.0,24657.534246575342,-99.11714036778682,19.37864870340855
Iztapalapa,Centro,119.871326889078,0.936389859332895,Medio,1314,26805.413085354,5795.0,22674.71958584987,-99.07566567538744,19.36970866223819
Iztapalapa,Centro,120.617937823173,0.942222104004719,Medio,1314,10882.0470282648,5325.0,24676.056338028167,-99.06830371941302,19.36686215278194
Iztapalapa,Centro,121.973266693631,0.952809424953726,Bajo,1314,5793.256773222,2637.0,49829.35153583618,-99.03287303809608,19.37045962315663
Iztapalapa,Centro,120.585650023428,0.941969883819574,Medio,1314,129148.4912286881,5610.0,23422.45989304813,-99.0203456828748,19.372251181879584
Iztapalapa,Centro,123.289683015632,0.963092775664633,Bajo,1314,32832.079378336,2699.0,48684.69803630974,-99.12068155485213,19.36657454562949
Iztapalapa,Centro,122.968830280739,0.960586394404909,Bajo,1314,19830.46759003,4420.0,29728.506787330316,-99.11246346644936,19.3664582672502
Iztapalapa,Centro,123.426598714667,0.964162309768302,Bajo,1314,1775.898108694,1441.0,91186.67591950035,-99.04015300335917,19.39006341380222
Iztapalapa,Centro,124.702585626418,0.974129841085532,Muy bajo,1314,990.098524706,1158.0,113471.50259067358,-99.03838278483002,19.390656015778507
Iztapalapa,Centro,120.936395541834,0.94470977629566,Medio,1314,1500.8971693,3719.0,35332.078515730034,-99.10213331351731,19.34969910870453
Iztapalapa,Centro,120.182442955686,0.938820181390785,Medio,1314,12703.834582855,2646.0,49659.86394557823,-98.97915715235204,19.33917259490897
Iztapalapa,Centro,124.22976297881,0.970436327849522,Muy bajo,1314,10878.1246236,3653.0,35970.43525869148,-99.08483318921606,19.328647541441477
Iztapalapa,Centro,119.467032746998,0.933231665086975,Medio,1314,9191.1315687265,3454.0,38042.848870874346,-99.02630728721792,19.36782325203232
Iztapalapa,Centro,121.691831779273,0.950610960928124,Bajo,1314,115663.719599654,4795.0,27403.545359749736,-99.07773113692436,19.33580524206779
Iztapalapa,Centro,121.406873132567,0.948384970826656,Bajo,1314,9255.58267909,6838.0,19216.14507165838,-99.03160383641809,19.36540259289556
Iztapalapa,Centro,123.823460424124,0.967262444637394,Muy bajo,1314,110614.022197979,1861.0,70607.20042987642,-99.0696204811408,19.33548550335297
Iztapalapa,Centro,118.922941185126,0.928981425815354,Medio,1314,26946.486521102,1765.0,74447.59206798866,-99.0278102398656,19.363625623405195
Iztapalapa,Centro,123.030277835794,0.961066399664944,Bajo,1314,509.130567874,3698.0,35532.72038939968,-99.062047451413,19.330517199944342
Iztapalapa,Centro,124.115629242546,0.969544757896817,Muy bajo,1314,72372.43226168,3208.0,40960.09975062344,-99.0849839599343,19.32698082202129
Iztapalapa,Centro,122.286655346222,0.955257499601203,Bajo,1314,2384.760284811,2047.0,64191.499755740115,-99.0049982469488,19.37360574307728
Iztapalapa,Centro,123.335535127576,0.963450955170668,Bajo,1314,14058.175703474,1531.0,85826.25734813848,-99.00556253481945,19.37064907737221
Iztapalapa,Centro,116.695131688967,0.911578613359132,Alto,1314,2393.365455951,364.0,360989.010989011,-99.05585681116904,19.374826957936435
Iztapalapa,Centro,121.516068524333,0.949237964283802,Bajo,1314,13648.181443314,5599.0,23468.476513663154,-99.1126559745609,19.3597107279128
Iztapalapa,Centro,121.761509472597,0.951155256942387,Bajo,1314,9450.20342181,5229.0,25129.08777969019,-99.07017275506054,19.358667889860087
Iztapalapa,Centro,119.884527815646,0.936492980021489,Medio,1314,57529.216298559695,5902.0,22263.639444256183,-99.03768924701508,19.36136237655051
Iztapalapa,Centro,122.055968560613,0.953455460929129,Bajo,1314,752.007223073,5385.0,24401.11420612813,-99.0540286623023,19.334266456476904
Iztapalapa,Centro,119.861653383978,0.936314293538182,Medio,1314,42190.2698355972,2692.0,48811.292719167905,-99.08009042673396,19.365638576701357
Iztapalapa,Centro,122.571760934339,0.95748463755387,Bajo,1314,34612.0958518531,1770.0,74237.28813559322,-99.07674450033882,19.3638909682027
Iztapalapa,Centro,120.423616294272,0.940704137082724,Medio,1314,0.0,2668.0,49250.374812593705,-98.9994588635927,19.367094661932573
Iztapalapa,Centro,122.119782264007,0.953953949652792,Bajo,1314,17512.185759529,2232.0,58870.967741935485,-99.08150330623984,19.339618577895894
Iztapalapa,Centro,121.169184294019,0.946528234742483,Bajo,1314,1043.66410717,4417.0,29748.698211455736,-99.05084530069016,19.33566288768064
Iztapalapa,Centro,120.386793654567,0.940416492428173,Medio,1314,1288.6797253,3227.0,40718.93399442206,-99.0597083194814,19.330459817285657
Iztapalapa,Centro,123.775624574098,0.966888768913272,Muy bajo,1314,15534.250491284,2475.0,53090.90909090909,-99.0857968576267,19.318638726458182
Iztapalapa,Centro,121.097425959223,0.945967685537186,Medio,1314,25615.152092003,3575.0,36755.244755244756,-99.0659000736302,19.344954514261477
Iztapalapa,Centro,118.90373341035,0.928831381880854,Medio,1314,0.0,4751.0,27657.335297832036,-99.01442122681536,19.338568266215525
Iztapalapa,Centro,119.961220308155,0.937092073016756,Medio,1314,14377.148987337,3740.0,35133.68983957219,-99.05406600488224,19.330911095426497
Iztapalapa,Centro,119.975789740232,0.937205883957265,Medio,1314,0.0,1560.0,84230.76923076923,-98.97771556708204,19.340213460593787
Iztapalapa,Centro,118.106692003585,0.92260519326567,Alto,1314,7849.679250694499,5508.0,23856.2091503268,-99.02345112517618,19.32316948000653
Iztapalapa,Centro,118.84564363522,0.928377606338574,Medio,1314,2815.0263615075,3584.0,36662.94642857143,-99.032234529849,19.319977991892173
Iztapalapa,Centro,120.869959201267,0.944190800513772,Medio,1314,2361.530677225,4280.0,30700.934579439254,-99.04987815185552,19.32892915054866
Iztapalapa,Centro,120.342419831911,0.940069860763763,Medio,1314,2397.599872318,2989.0,43961.191033790565,-99.06118054104456,19.333962639175297
Iztapalapa,Centro,123.499251385102,0.964729845188275,Bajo,1314,6247.02393497,3426.0,38353.76532399299,-99.07253171552462,19.385200703603218
Iztapalapa,Centro,119.816633262201,0.935962613227365,Medio,1314,2610.265028447,5488.0,23943.148688046647,-99.070258527355,19.38234661164733
Iztapalapa,Centro,119.13812885808,0.930662391230828,Medio,1314,9294.70234003,5581.0,23544.16771187959,-98.99969430166696,19.33688857080871
Iztapalapa,Centro,123.868682256357,0.967615700634654,Muy bajo,1314,82265.251052298,4114.0,31939.718035974718,-99.09387550735104,19.325729357337927
Iztapalapa,Centro,122.733092067435,0.958744895873742,Bajo,1314,8495.7674283753,1927.0,68188.894654904,-99.07780991894934,19.34990288811648
Iztapalapa,Centro,121.478545994561,0.948944852350474,Bajo,1314,2115.2992042186,4002.0,32833.5832083958,-99.08000131702003,19.34688858601463
Iztapalapa,Centro,119.875069857132,0.936419097995885,Medio,1314,26815.2102276868,6367.0,20637.66294958379,-99.02550269812072,19.357234512320503
Iztapalapa,Centro,119.228660219336,0.931369588279799,Medio,1314,187802.63080082,3739.0,35143.08638673442,-99.01206279725434,19.357345246804584
Iztapalapa,Centro,121.770329239273,0.951224153652643,Bajo,1314,3935.913221992,4051.0,32436.435448037522,-99.00801630522966,19.37172096199616
Iztapalapa,Centro,118.870132565126,0.92856890467676,Medio,1314,17962.915553895,3414.0,38488.57644991213,-98.99368161777195,19.33949630786283
Iztapalapa,Centro,122.555733761706,0.95735943929073,Bajo,1314,3154.0957937325,1777.0,73944.85087225662,-99.0615036394136,19.32510860193056
Iztapalapa,Centro,122.121403482442,0.953966614003327,Bajo,1314,34056.4877997281,4114.0,31939.718035974718,-99.0201599264731,19.33817137024862
Iztapalapa,Centro,117.09361883485,0.91469144552812,Alto,1314,8313.8736461,1737.0,75647.66839378238,-99.05080588044704,19.3793493790984
Iztapalapa,Centro,121.253798829524,0.947189211767223,Bajo,1314,0.0,836.0,157177.03349282296,-99.04906258283935,19.378163809769365
Iztapalapa,Centro,117.548044868404,0.918241251313038,Alto,1314,204437.01374268,2312.0,56833.91003460208,-99.0443756786306,19.36976393376892
Iztapalapa,Centro,120.780378729837,0.943491031459591,Medio,1314,14274.464168686,5416.0,24261.447562776957,-99.03709477522943,19.367091293633965
Iztapalapa,Centro,122.31452293319,0.955475190741514,Bajo,1314,622.948487162,1984.0,66229.83870967742,-99.0079087551043,19.373828349061597
Iztapalapa,Centro,120.452702702525,0.94093134919791,Medio,1314,0.0,504.0,260714.2857142857,-99.05503629154968,19.37297941772728
Iztapalapa,Centro,121.780767843586,0.951305696115533,Bajo,1314,2525.1863667400003,468.0,280769.23076923075,-99.0530976935971,19.373480406135023
Iztapalapa,Centro,121.969538729991,0.952780303499592,Bajo,1314,0.0,492.0,267073.17073170736,-99.05353758070665,19.372406412665
Iztapalapa,Centro,120.509424061459,0.941374435185962,Medio,1314,0.0,755.0,174039.73509933773,-99.0525611084229,19.372717107933894
Iztapalapa,Centro,122.436240735117,0.956426004571495,Bajo,1314,152652.24021681,4045.0,32484.54882571075,-99.04968566138926,19.346488762099234
Iztapalapa,Centro,120.483105726444,0.941168846221006,Medio,1314,81702.9044335896,4232.0,31049.149338374293,-99.03181336121534,19.35954143748463
Iztapalapa,Centro,122.022974187347,0.953197721256577,Bajo,1314,18767.983364729,4327.0,30367.460134042063,-99.0726374835812,19.352496657627075
Iztapalapa,Centro,121.400874855022,0.948338114531556,Bajo,1314,7287.13153861,6296.0,20870.393900889452,-99.10973358538628,19.346115960023432
Iztapalapa,Centro,121.01265408113,0.94530547941114,Medio,1314,44802.00865095,7217.0,18207.01122350007,-99.01742302351862,19.344647580956742
Iztapalapa,Centro,121.817473957753,0.951592430516278,Bajo,1314,854.263721659,2883.0,45577.52341311134,-99.05881100763818,19.339737612865868
Iztapalapa,Centro,119.825317478929,0.936030451072258,Medio,1314,0.0,2794.0,47029.34860415175,-99.04992040728052,19.37117392689892
Iztapalapa,Centro,122.345186986386,0.955714726827445,Bajo,1314,3386.34330217,4166.0,31541.04656745079,-99.05580429891924,19.340899944436288
Iztapalapa,Centro,120.216281998512,0.939084519305234,Medio,1314,33340.591301977,2448.0,53676.470588235294,-99.05033827649336,19.340510254694
Iztapalapa,Centro,122.096858893482,0.953774880877479,Bajo,1314,12071.836528789,3498.0,37564.32246998285,-99.04441400135026,19.3442110785872
Iztapalapa,Centro,121.4527786085,0.948743567192171,Bajo,1314,20493.939546548,3237.0,40593.14179796108,-99.04046783765826,19.346941200601897
Iztapalapa,Centro,121.636969587089,0.95018239805362,Bajo,1314,23992.001522189,2788.0,47130.559540889524,-99.0378079993638,19.346328338102197
Iztapalapa,Centro,121.960060434379,0.952706262608199,Bajo,1314,16766.3004146373,2012.0,65308.15109343936,-99.03475795421696,19.345758066229955
Iztapalapa,Centro,119.921472730235,0.936781579841587,Medio,1314,5046.9096916073,7319.0,17953.272304959693,-99.02975316593802,19.348190729828666
Iztapalapa,Centro,120.906105161854,0.944473159204779,Medio,1314,25067.068441792,7600.0,17289.473684210527,-99.02332890812988,19.347843429682456
Iztapalapa,Centro,119.456361369605,0.933148304288063,Medio,1314,2994.355161948,6474.0,20296.57089898054,-99.03762037508606,19.339883569838157
Iztapalapa,Centro,122.671657864385,0.958264994914564,Bajo,1314,8768.8433733981,3765.0,34900.3984063745,-99.0785370310664,19.319681756861723
Iztapalapa,Centro,123.96516979305,0.968369425092842,Muy bajo,1314,10086.120423483,3499.0,37553.586739068305,-99.07373933942156,19.32317244021484
Iztapalapa,Centro,125.065568033033,0.976965323544028,Muy bajo,1314,15551.6832469246,1916.0,68580.375782881,-99.13044180509984,19.36469924276501
Iztapalapa,Centro,121.304839221653,0.947587920172698,Bajo,1314,13482.4198418773,6035.0,21772.990886495445,-99.07234566402124,19.318435792112687
Iztapalapa,Centro,120.343148691328,0.940075554340241,Medio,1314,463.29971212400005,969.0,135603.71517027862,-99.05835209547335,19.37561060713961
Iztapalapa,Centro,120.812376437612,0.943740985555037,Medio,1314,2297.968602218,2859.0,45960.1259181532,-99.05761305786709,19.334928847523244
Iztapalapa,Centro,121.596158680094,0.949863598550424,Bajo,1314,559.6673396392,3464.0,37933.025404157044,-99.05515277971269,19.33705980648106
Iztapalapa,Centro,119.799041316963,0.935825191547348,Medio,1314,5361.76096435,6559.0,20033.54169842964,-99.03382383855822,19.33865680687769
Iztapalapa,Centro,124.086067716367,0.96931383433854,Muy bajo,1314,43047.90768286,1960.0,67040.81632653062,-99.09104480600465,19.316273959878373
Iztapalapa,Centro,120.698600109285,0.942852207539117,Medio,1314,4335.5967118,5442.0,24145.53472987872,-98.99669551229616,19.342958109704917
Iztapalapa,Centro,119.050538944062,0.929978171664775,Medio,1314,5609.416088127,5663.0,23203.249161221967,-98.9935518775068,19.34479068848126
Iztapalapa,Centro,120.788506444257,0.943554522117113,Medio,1314,7709.76024315,3012.0,43625.498007968126,-98.98921975128331,19.343520251241564
Iztapalapa,Centro,119.30213850449,0.931943573092384,Medio,1314,56053.66209151,1974.0,66565.34954407295,-98.98612551026876,19.343873224029785
Iztapalapa,Centro,118.807202470379,0.928077318372529,Medio,1314,10476.281492018,3752.0,35021.32196162047,-98.99060718051564,19.340547040901665
Iztapalapa,Centro,121.513807712518,0.949220303669602,Bajo,1314,1025.29881225,5682.0,23125.659978880674,-99.04872941268673,19.331975004904187
Iztapalapa,Centro,120.579564243631,0.941922343989697,Medio,1314,0.0,560.0,234642.85714285716,-99.05216407442806,19.371777886971763
Iztapalapa,Centro,122.180615870017,0.95442915897309,Bajo,1314,223.034066083,3200.0,41062.5,-98.99781759281068,19.36226462642393
Iztapalapa,Centro,121.908399162596,0.95230270412367,Bajo,1314,391.528038236,2662.0,49361.382419233654,-98.99480941520603,19.361974322721736
Iztapalapa,Centro,120.847752728638,0.944017331876016,Medio,1314,2007.35414341,991.0,132593.3400605449,-99.10516552171735,19.35224178448456
Iztapalapa,Centro,122.204647663879,0.95461688633591,Bajo,1314,10816.9333074979,3051.0,43067.84660766962,-99.06833266274712,19.35234971735221
Iztapalapa,Centro,120.157420982697,0.938624719119904,Medio,1314,16133.1806915468,4535.0,28974.64167585447,-99.03790991147474,19.353037148790943
Iztapalapa,Centro,120.671265369231,0.942638678799107,Medio,1314,28928.0921966623,5064.0,25947.8672985782,-99.03201222373572,19.352359546495805
Iztapalapa,Centro,121.481800656252,0.948970276547251,Bajo,1314,5191.278632846,6649.0,19762.3702812453,-99.07407122250862,19.34242305920356
Iztapalapa,Centro,121.586936621116,0.949791559283541,Bajo,1314,28636.46875387,9689.0,13561.771080606874,-99.11203003697806,19.340070959574035
Iztapalapa,Centro,123.433671191118,0.964217557302481,Bajo,1314,5621.497664288399,3780.0,34761.90476190476,-99.06362050536876,19.33166631678805
Iztapalapa,Centro,124.125700439901,0.969623430314312,Muy bajo,1314,9581.239134337,2049.0,64128.84333821376,-99.09450515279914,19.32046309209472
Iztapalapa,Centro,122.294216615624,0.955316565402632,Bajo,1314,1495.5501031251,806.0,163027.2952853598,-99.05290360839314,19.326654017410128
Iztapalapa,Centro,120.714026910966,0.942972715929501,Medio,1314,1251.71522045,463.0,283801.2958963283,-99.0545763438208,19.37406248849383
Iztapalapa,Centro,122.084932544116,0.95368171670807,Bajo,1314,5545.25729853,5546.0,23692.75153263613,-99.0773745193289,19.325479297882477
Iztapalapa,Centro,121.227377159182,0.946982815585442,Bajo,1314,4756.68832357,4953.0,26529.37613567535,-99.06565925033168,19.32783969766526
Iztapalapa,Centro,120.940207864848,0.944739556733598,Medio,1314,11293.288525108,3531.0,37213.25403568394,-99.1071827164236,19.330912094383823
Iztapalapa,Centro,120.723333210031,0.943045413248356,Medio,1314,0.0,7841.0,16758.066573141183,-99.07503566720074,19.30447796521589
Iztapalapa,Centro,120.5775115971,0.941906309484641,Medio,1314,2355.380739659,3769.0,34863.35898116211,-99.07143977938324,19.30173342299319
Iztapalapa,Centro,120.278381475819,0.939569617137458,Medio,1314,8675.02281295,3673.0,35774.57119520828,-99.0684056475876,19.302113266345813
Iztapalapa,Centro,119.074015606097,0.930161562545908,Medio,1314,74510.8760290408,4473.0,29376.257545271626,-99.1016022798305,19.372159028543017
Iztapalapa,Centro,118.770296153673,0.927789020064626,Medio,1314,14091.156442655702,1941.0,67697.06336939722,-98.9994334123742,19.36513411296029
Iztapalapa,Centro,120.589242878,0.941997949852333,Medio,1314,18748.627311893,10096.0,13015.055467511886,-99.01803044189114,19.356529008852085
Iztapalapa,Centro,119.971605548101,0.937173198617223,Medio,1314,19096.37884206,6946.0,18917.362510797582,-99.0208047225427,19.35302760196596
Iztapalapa,Centro,120.791102222483,0.943574799363317,Medio,1314,31014.600247693,5483.0,23964.98267371877,-99.01910454327846,19.341365967439323
Iztapalapa,Centro,120.49504631431,0.94126212161624,Medio,1314,0.0,2990.0,43946.48829431438,-99.06283602649242,19.326504001774268
Iztapalapa,Centro,120.01476077769,0.937510311089507,Medio,1314,148998.14268392,13946.0,9422.056503656962,-99.06796545432272,19.32214083751756
Iztapalapa,Centro,120.347310221152,0.94010806265084,Medio,1314,527209.018547509,9950.0,13206.03015075377,-99.06741411839404,19.315331536155966
Iztapalapa,Centro,120.572888147002,0.941870192826059,Medio,1314,1103.2560643440002,4041.0,32516.703786191538,-99.08083710730234,19.305966706911576
Iztapalapa,Centro,120.037705633843,0.937689547702493,Medio,1314,641.479049031,5799.0,22659.07915157786,-99.07961733348532,19.308768106816704
Iztapalapa,Centro,123.360719235062,0.96364768397545,Bajo,1314,5429.650813531,4151.0,31655.022886051553,-99.05538907645315,19.37647021803882
Iztapalapa,Centro,120.926362069512,0.944631398571979,Medio,1314,23858.654461946,2480.0,52983.87096774193,-99.04739656442054,19.38994464725369
Iztapalapa,Centro,121.182951938199,0.946635782416575,Bajo,1314,19331.05836695,1613.0,81463.1122132672,-99.09058198848278,19.35729170271828
Iztapalapa,Centro,122.003601863006,0.953046391922569,Bajo,1314,8558.29492583,829.0,158504.22195416165,-99.05226437837268,19.375344016999776
Iztapalapa,Centro,121.578500183746,0.949725656998087,Bajo,1314,14276.6001766,5255.0,25004.75737392959,-99.11033959703444,19.37528424263782
Iztapalapa,Centro,120.398167431083,0.940505340105667,Medio,1314,8558.29492583,1011.0,129970.32640949555,-99.05176036906896,19.374328580271115
Iztapalapa,Centro,119.709297180887,0.935124144006319,Medio,1314,837.0023658741,2261.0,58115.87793011942,-98.99740720561364,19.366548692125043
Iztapalapa,Centro,121.083807650191,0.945861304413278,Medio,1314,5548.999601267,3439.0,38208.7816225647,-99.1161480200786,19.360211704831293
Iztapalapa,Centro,120.8476567611,0.944016582213592,Medio,1314,3921.281034751,3807.0,34515.366430260045,-99.03023456862068,19.36862257614928
Iztapalapa,Centro,122.321132375666,0.95552682122789,Bajo,1314,33112.86450343297,2524.0,52060.22187004754,-99.044700496106,19.34714632528528
Iztapalapa,Centro,122.174231748567,0.954379288610083,Bajo,1314,480.319520117,2493.0,52707.58122743683,-99.0580090622002,19.32944679070015
Iztapalapa,Centro,120.867087945251,0.944168371338366,Medio,1314,1251.71522045,1164.0,112886.59793814433,-99.0562373774894,19.37365684767886
Iztapalapa,Centro,119.649627514595,0.934658026946669,Medio,1314,7997.238682656,1184.0,110979.72972972973,-99.05017584952816,19.37293318670896
Iztapalapa,Centro,120.677015149472,0.942683593926439,Medio,1314,13320.7438838,2771.0,47419.7040779502,-99.0341057128984,19.367811080909284
Iztapalapa,Centro,120.884852235375,0.944307139312013,Medio,1314,2617.4657549732,8084.0,16254.329539831766,-99.1037983763304,19.359172197357484
Iztapalapa,Centro,121.206272428897,0.946817953345772,Bajo,1314,125488.07910525,6393.0,20553.73064289066,-99.01488170181804,19.367489366979573
Iztapalapa,Centro,120.782491552853,0.943507536040774,Medio,1314,25809.215517515902,1207.0,108864.95443247721,-99.12702139621148,19.36316012048405
Iztapalapa,Centro,123.276976367952,0.962993516097378,Bajo,1314,11256.666969149,1112.0,118165.46762589928,-99.12382438679236,19.363489951049253
Iztapalapa,Centro,119.917880457447,0.936753518353507,Medio,1314,33747.3175665921,6828.0,19244.288224956064,-99.020911848735,19.36307586016658
Iztapalapa,Centro,120.450424228578,0.940913550613765,Medio,1314,191754.39430584,7352.0,17872.687704026117,-99.01315986356856,19.361141452777453
Iztapalapa,Centro,119.517624750447,0.933626870848209,Medio,1314,78575.93290548,3289.0,39951.35299483126,-99.00882993695208,19.364628093180624
Iztapalapa,Centro,123.236399412118,0.962676544132919,Bajo,1314,1603.32750317,1379.0,95286.43944887599,-99.05487709815374,19.351235787485034
Iztapalapa,Centro,122.149896934429,0.954189194166491,Bajo,1314,12094.81070261,4046.0,32476.520019772615,-99.0746080507934,19.347541109955294
Iztapalapa,Centro,122.285462853979,0.955248184298929,Bajo,1314,8585.74009292,2881.0,45609.16348490108,-99.07061617628396,19.346417358813856
Iztapalapa,Centro,124.093170527344,0.969369318834659,Muy bajo,1314,24380.226526755,2585.0,50831.72147001934,-99.0664378742037,19.348752598478303
Iztapalapa,Centro,120.839721376086,0.94395459396128,Medio,1314,779.140737729,4656.0,28221.649484536083,-99.08276715355684,19.34634195168353
Iztapalapa,Centro,120.039609323571,0.93770441861285,Medio,1314,15534.07029609,5016.0,26196.17224880383,-98.99935596672974,19.34737459030869
Iztapalapa,Centro,119.172497122729,0.930930863227725,Medio,1314,23891.9079524,4678.0,28088.926891834115,-98.9928292993765,19.347567766433936
Iztapalapa,Centro,120.792576121359,0.94358631290869,Medio,1314,4437.28774067552,6872.0,19121.071012805587,-99.01159965413414,19.342921370926582
Iztapalapa,Centro,124.229727202392,0.970436048377555,Muy bajo,1314,88434.99926016381,1973.0,66599.08768373037,-99.06182573440384,19.34993018915197
Iztapalapa,Centro,121.550486774912,0.949506826752033,Bajo,1314,2331.520083936,3581.0,36693.660988550684,-99.0691524751048,19.34077120997716
Iztapalapa,Centro,120.697701835191,0.942845190558711,Medio,1314,800.310303857,4936.0,26620.745542949757,-99.06927638275464,19.33745784105728
Iztapalapa,Centro,121.778731039392,0.951289785364885,Bajo,1314,20644.84707167,3639.0,36108.8211046991,-99.06453674212932,19.336425536187665
Iztapalapa,Centro,120.175551786874,0.938766350163899,Medio,1314,14730.04920428,440.0,298636.36363636365,-99.03568329921022,19.36940621455848
Iztapalapa,Centro,119.420472357924,0.932867952785567,Medio,1314,28489.433138883,3560.0,36910.11235955056,-98.9826638623843,19.340764402666103
Iztapalapa,Centro,120.78935029853,0.943561113990287,Medio,1314,0.0,6595.0,19924.18498862775,-99.03723496191206,19.329330063395503
Iztapalapa,Centro,119.771762643508,0.935612100778586,Medio,1314,2617.6473106141,6422.0,20460.91560261601,-99.0201834056332,19.33144606655629
Iztapalapa,Centro,121.278372231472,0.947381169969324,Bajo,1314,1511.12783683,5705.0,23032.427695004382,-99.07477422518627,19.298145492546077
Iztapalapa,Centro,120.855431695785,0.944077317088103,Medio,1314,26065.209722074,1463.0,89815.44771018456,-99.0446472021624,19.388154582023976
Iztapalapa,Centro,119.041689778808,0.929909045303845,Medio,1314,0.0,5245.0,25052.430886558628,-99.0118577193175,19.33872042312781
Iztapalapa,Centro,120.318883367035,0.939886002725258,Medio,1314,976.987758664,4478.0,29343.456900401965,-99.05860920460152,19.32070196413155
Iztapalapa,Centro,121.735151231257,0.950949356244183,Bajo,1314,805.363099454,3902.0,33675.038441824705,-99.06027018197209,19.31756898998726
Iztapalapa,Centro,123.131770866656,0.961859225166745,Bajo,1314,14695.175653040002,3319.0,39590.23802350106,-99.0520506622454,19.32766396298103
Iztapalapa,Centro,120.322935236674,0.939917654411612,Medio,1314,6710.359992334999,3513.0,37403.92826643894,-99.04862951489812,19.32561791086236
Iztapalapa,Centro,119.140919538796,0.930684190982205,Medio,1314,6084.137152482101,5157.0,25479.93019197208,-98.97720219961698,19.330629128811257
Iztapalapa,Centro,119.841069008556,0.936153496115595,Medio,1314,0.0,3945.0,33307.98479087452,-99.01970303557744,19.326991699775483
Iztapalapa,Centro,124.444604279039,0.97211458753114,Muy bajo,1314,0.0,1516.0,86675.46174142479,-99.00729297168712,19.36936749035136
Iztapalapa,Centro,124.609571833741,0.973403252213107,Muy bajo,1314,52511.805341001,7653.0,17169.737357898863,-99.06387725117376,19.357022987157947
Iztapalapa,Centro,120.387617783139,0.940422930211569,Medio,1314,0.0,3458.0,37998.84326200116,-99.05967414625242,19.325332532779356
Iztapalapa,Centro,122.802965232784,0.959290718842174,Bajo,1314,28497.700889437,2463.0,53349.57369062119,-99.10634902104472,19.37115627184636
Iztapalapa,Centro,123.247634867807,0.962764311299977,Bajo,1314,29613.57288406,4124.0,31862.269641125124,-99.10928327362971,19.366927475526506
Iztapalapa,Centro,121.172758448252,0.946556154695202,Bajo,1314,20103.698231203,5123.0,25649.033769275815,-99.10453021047375,19.37475239538453
Iztapalapa,Centro,121.179328414037,0.946607476804478,Bajo,1314,513.5924355107,3653.0,35970.43525869148,-99.02776803375066,19.370708554619338
Iztapalapa,Centro,121.228569313202,0.946992128245639,Bajo,1314,22597.3239891432,1444.0,90997.2299168975,-99.12671581367071,19.360775444134063
Iztapalapa,Centro,121.40129243035,0.948341376473444,Bajo,1314,1023.15497436,7001.0,18768.74732181117,-99.09796436241298,19.359301505701463
Iztapalapa,Centro,123.530238134699,0.964971902057499,Bajo,1314,4534.988297534,4006.0,32800.798801797304,-99.07555513979568,19.31362027793059
Iztapalapa,Centro,123.114538925707,0.96172461570525,Bajo,1314,19320.10314838,5355.0,24537.81512605042,-99.077694978402,19.31099160526727
Iztapalapa,Centro,123.231335209309,0.962636984479422,Bajo,1314,1868.149120754,6812.0,19289.48913681738,-99.0808605692418,19.35494200932794
Iztapalapa,Centro,118.299667565044,0.924112645994684,Alto,1314,883.481964456,500.0,262800.0,-99.05696404504968,19.375072546547795
Iztapalapa,Centro,121.095758460887,0.945954659665415,Medio,1314,9045.154854719,6494.0,20234.062211271943,-99.03872444961092,19.334710447310417
Iztapalapa,Centro,121.847847420709,0.95182969662021,Bajo,1314,14974.318344792,2676.0,49103.139013452914,-99.08432604399458,19.34018829312732
Iztapalapa,Centro,123.762376137501,0.966785277094135,Muy bajo,1314,39360.527559422,2580.0,50930.232558139534,-99.13517707704868,19.35826456199108
Iztapalapa,Centro,119.708828234221,0.935120480770794,Medio,1314,13515.7732993978,5432.0,24189.9852724595,-98.99751474638906,19.35093210765912
Iztapalapa,Centro,120.037316794535,0.937686510235619,Medio,1314,2057.415099979,4200.0,31285.714285714283,-98.99554035594127,19.352165900877
Iztapalapa,Centro,120.052372015956,0.937804115980332,Medio,1314,3441.553872947,4309.0,30494.31422603852,-98.99185370863565,19.35278102354247
Iztapalapa,Centro,121.116165890341,0.946114074852449,Medio,1314,1251.71522045,751.0,174966.71105193076,-99.05405964601152,19.373231965211467
Iztapalapa,Centro,121.538005090456,0.949409324513134,Bajo,1314,17325.745636666,1809.0,72636.81592039802,-99.04162227923013,19.38742048367932
Iztapalapa,Centro,122.144933906616,0.954150424854125,Bajo,1314,0.0,2677.0,49084.796413896154,-99.07090849371544,19.289128996797693
Iztapalapa,Centro,120.510944869993,0.941386315171996,Medio,1314,13949.88397134,3627.0,36228.287841191064,-99.08080387608642,19.328048832127955
Iztapalapa,Centro,126.754579839623,0.990159250474097,Muy bajo,1314,278828.325686,961.0,136732.57023933402,-99.08463194553022,19.31051074662305
Iztapalapa,Centro,118.988173143029,0.929490993411456,Medio,1314,17050.431780569997,5256.0,25000.0,-98.96807475687396,19.32837222615117
Iztapalapa,Centro,122.179579274661,0.95442106147885,Bajo,1314,1165.340452444,1638.0,80219.78021978022,-99.06496490600183,19.29726977847056
Iztapalapa,Centro,119.971136531511,0.937169534835483,Medio,1314,16955.55747863,5076.0,25886.524822695035,-99.03742885103166,19.374278448434477
Iztapalapa,Centro,120.330145965044,0.939973981917947,Medio,1314,69769.47426375901,4457.0,29481.714157505045,-99.03375247260492,19.373466757724355
Iztapalapa,Centro,119.830252633207,0.936069002647017,Medio,1314,6945.253704828,3355.0,39165.42473919523,-99.0438605810926,19.35037111239325
Iztapalapa,Centro,122.135984578361,0.954080516057394,Bajo,1314,464.330010857,3860.0,34041.45077720207,-99.04656085771212,19.393698811386685
Iztapalapa,Centro,121.685384539882,0.950560597511426,Bajo,1314,12493.9534352673,2880.0,45625.0,-99.0547593438742,19.385430864980027
Iztapalapa,Centro,119.923338253625,0.936796152610829,Medio,1314,2525.898549701,1549.0,84828.92188508715,-99.05189966409904,19.38244621961105
Iztapalapa,Centro,119.684834003714,0.934933046838827,Medio,1314,1574.8664084,6972.0,18846.81583476764,-99.07552653262414,19.37739842692902
Iztapalapa,Centro,120.088698039172,0.938087881253083,Medio,1314,47746.79023968,4975.0,26412.06030150754,-99.06959349058138,19.378273419853464
Iztapalapa,Centro,122.360040806323,0.955830759299281,Bajo,1314,0.0,1979.0,66397.17028802425,-99.00716950553038,19.375488797145334
Iztapalapa,Centro,123.147007052838,0.961978244540316,Bajo,1314,16927.52351133,2658.0,49435.665914221216,-99.07234372455336,19.32661358540775
Iztapalapa,Centro,119.286734641601,0.931823243891248,Medio,1314,9985.02359881,9308.0,14116.888697894283,-99.08616721798391,19.36582763641225
Iztapalapa,Centro,120.6799417136,0.942706455148084,Medio,1314,23985.8960435919,4047.0,32468.495181616014,-99.02375877140298,19.366381573069862
Iztapalapa,Centro,118.374272181252,0.924695429283143,Alto,1314,10938.65802242,3862.0,34023.82185396168,-98.98734007015511,19.339321343458696
Iztapalapa,Centro,119.050123605045,0.929974927192106,Medio,1314,4623.491696553539,2467.0,53263.07255776247,-98.98478240526156,19.337936459169352
Iztapalapa,Centro,121.739342412187,0.95098209617811,Bajo,1314,15959.0612096,7522.0,17468.758308960383,-99.06293874943292,19.320166871189063
Iztapalapa,Centro,120.26317993981,0.939450868438041,Medio,1314,2355.31371484,7248.0,18129.139072847684,-99.03720070038634,19.324422134215904
Iztapalapa,Centro,124.483446541348,0.972418008720211,Muy bajo,1314,10242.202999724,3751.0,35030.65849106905,-99.09064262256416,19.31934723304864
Iztapalapa,Centro,120.965005995217,0.944933270429867,Medio,1314,0.0,4965.0,26465.256797583083,-99.08299821410796,19.305747477957198
Iztapalapa,Centro,120.800184770307,0.943645748821373,Medio,1314,0.0,5709.0,23016.29006831319,-99.07793219896648,19.30199310936344
Iztapalapa,Centro,121.980641587292,0.952867034857758,Bajo,1314,926.463657373,1814.0,72436.60418963617,-99.0812314153355,19.300490866021867
Iztapalapa,Centro,121.586972906068,0.949791842727977,Bajo,1314,1720.61870314,2911.0,45139.1274476125,-99.078712906216,19.298908131666305
Iztapalapa,Centro,123.441558370042,0.964279168986899,Bajo,1314,83312.67822701017,8028.0,16367.713004484305,-99.0856360478306,19.323260630843038
Iztapalapa,Centro,120.471300540187,0.941076628532384,Medio,1314,21962.534313993,3439.0,38208.7816225647,-99.03843085191384,19.370846821758647
Iztapalapa,Centro,120.655867156164,0.942518393732264,Medio,1314,5814.23584744,3291.0,39927.07383773929,-98.9785055741564,19.33631563944776
Iztapalapa,Centro,121.044226437782,0.945552110823103,Medio,1314,3256.6310170461,5931.0,22154.779969650986,-99.05489521807154,19.326683145708103
Iztapalapa,Centro,118.861936667354,0.928504881396456,Medio,1314,0.0,5210.0,25220.729366602685,-99.00729332778906,19.332529309923117
Iztapalapa,Centro,119.560811880629,0.933964232515968,Medio,1314,5268.3582864026,3567.0,36837.6787216148,-99.0419773984152,19.340150132233155
Iztapalapa,Centro,121.74128780962,0.95099729289342,Bajo,1314,9795.27751318,2360.0,55677.96610169492,-99.1215859567282,19.37149531666724
Iztapalapa,Centro,121.868585389677,0.95199169385799,Bajo,1314,25561.89208784,2080.0,63173.07692307692,-99.10581349672748,19.34233692154189
Iztapalapa,Centro,123.991144293557,0.968572328151541,Muy bajo,1314,298828.96713504,2274.0,57783.641160949875,-99.0879946590702,19.31431287352664
Iztapalapa,Centro,123.717455305659,0.966434372399066,Muy bajo,1314,31181.36137471,2157.0,60917.94158553546,-99.05529349509052,19.348493933612577
Iztapalapa,Centro,122.614782730458,0.957820707693927,Bajo,1314,9810.27335379,3461.0,37965.90580757007,-99.05306652936235,19.34589563663289
Iztapalapa,Centro,123.095756267786,0.961577892624215,Bajo,1314,57556.8263145423,4180.0,31435.406698564595,-99.04022351272648,19.377427286665213
Iztapalapa,Centro,121.03632312385,0.945490373098052,Medio,1314,541767.437447416,4594.0,28602.525032651283,-99.04533978734752,19.3809531238717
Iztapalapa,Centro,119.190147166642,0.931068738752799,Medio,1314,0.0,6128.0,21442.558746736293,-99.05012265943274,19.3214993140496
Iztapalapa,Centro,118.732211096856,0.92749151388094,Medio,1314,518066.358385965,11206.0,11725.861145814742,-99.05364617545068,19.31588934658608
Iztapalapa,Centro,120.352962607468,0.940152216973347,Medio,1314,8949.83151271,7178.0,18305.93480078016,-99.05623241405948,19.3230780561202
Iztapalapa,Centro,122.056782564724,0.95346181962403,Bajo,1314,46901.58552983,2592.0,50694.444444444445,-99.0674753149047,19.333390082103566
Iztapalapa,Centro,118.705485375802,0.927282742569007,Medio,1314,9942.088771137,1449.0,90683.2298136646,-99.07213106153988,19.332263411485258
Iztapalapa,Centro,121.182723047544,0.946633994408597,Bajo,1314,218384.8088972484,3848.0,34147.609147609146,-99.03266691823366,19.37910549925655
Iztapalapa,Centro,121.010463678251,0.945288368805149,Medio,1314,203704.37801355,4458.0,29475.100942126515,-99.02969195838722,19.377627261632654
Iztapalapa,Centro,119.119288336804,0.930515216142966,Medio,1314,268199.23738397995,4863.0,27020.3578038248,-99.02491053274665,19.37555982941472
Iztapalapa,Centro,119.639450003958,0.934578524049678,Medio,1314,1831.434472488,3188.0,41217.063989962364,-99.05048121667522,19.384789258992317
Iztapalapa,Centro,120.286956507786,0.939636602071936,Medio,1314,2883.5920052813,1855.0,70835.5795148248,-99.04901719005584,19.38721491301261
Iztapalapa,Centro,122.797126734476,0.959245110682562,Bajo,1314,26969.131337668,10273.0,12790.810863428404,-99.05192100532092,19.390217279023464
Iztapalapa,Centro,121.5893251218,0.9498102173553,Bajo,1314,27722.7851996992,11587.0,11340.295158367135,-99.05007379067403,19.353121880037037
Iztapalapa,Centro,121.723226752418,0.950856206686633,Bajo,1314,58294.5367487137,4690.0,28017.057569296376,-99.05530557604484,19.360014840912648
Iztapalapa,Centro,121.594118915579,0.94984766467485,Bajo,1314,46681.8879791981,5525.0,23782.805429864253,-99.0511911307632,19.35956001150948
Iztapalapa,Centro,120.725070552053,0.943058984712803,Medio,1314,0.0,3565.0,36858.34502103787,-99.0449211947775,19.314427639813537
Iztapalapa,Centro,123.707426052806,0.966356027636294,Muy bajo,1314,6258.6522175,2435.0,53963.03901437372,-99.0553481768926,19.34520992206283
Iztapalapa,Centro,121.766019066083,0.951190484195804,Bajo,1314,3070.83682613,3942.0,33333.33333333333,-99.0455108380276,19.385312736034383
Iztapalapa,Centro,122.94301412084,0.96038472824367,Bajo,1314,86936.01636115,2033.0,64633.546483030004,-99.07326331201058,19.335458378242585
Iztapalapa,Centro,122.630794498083,0.957945785618926,Bajo,1314,3855.82165342,749.0,175433.91188251,-99.052387066666,19.37618425616032
Iztapalapa,Centro,119.74387914463,0.935394285340402,Medio,1314,370168.8560068418,3320.0,39578.31325301205,-99.0614024057688,19.368686564411718
Iztapalapa,Centro,120.088588110557,0.938087022531957,Medio,1314,16625.59729973,1573.0,83534.64717101082,-99.05225084260871,19.378276583372067
Iztapalapa,Centro,117.927073793073,0.921202083153857,Alto,1314,67587.577053869,5541.0,23714.131023280996,-99.05320871731676,19.368806940803804
Iztapalapa,Centro,122.08360210232,0.953671323795618,Bajo,1314,34369.7712708,1634.0,80416.15667074663,-99.07313077660037,19.290635105336936
Iztapalapa,Centro,123.572000126648,0.965298131079747,Bajo,1314,37663.80087955,4853.0,27076.035441994645,-99.06195412087948,19.356743401748187
Iztapalapa,Centro,117.898908668581,0.920982067761968,Alto,1314,250691.48582691,5103.0,25749.559082892414,-99.02887943745458,19.37395755548821
Iztapalapa,Centro,117.964433540489,0.921493923492451,Alto,1314,3916.5095521264,4699.0,27963.396467333474,-99.05180097906032,19.364389890346597
Iztapalapa,Centro,121.292159603858,0.947488871752761,Bajo,1314,14629.589458873,5122.0,25654.041390082,-99.11053083979871,19.379077617078
Iztapalapa,Centro,122.359592010103,0.955827253471488,Bajo,1314,99051.0142383429,3915.0,33563.2183908046,-99.06423476646091,19.35307788234471
Iztapalapa,Centro,120.988308692779,0.945115302365761,Medio,1314,42674.08511579999,7253.0,18116.64138976975,-99.05589900450543,19.35474636949385
Iztapalapa,Centro,124.234397383539,0.97047253008157,Muy bajo,1314,11834.3212049846,2174.0,60441.58233670653,-99.05827257932768,19.35033516929679
Iztapalapa,Centro,122.841109142208,0.959588684760353,Bajo,1314,407882.971295123,3644.0,36059.27552140505,-99.08726487244792,19.30901592898818
Iztapalapa,Centro,121.705619087458,0.950718662210044,Bajo,1314,0.0,2883.0,45577.52341311134,-99.10176724130132,19.335691664651456
Iztapalapa,Centro,122.314715569023,0.95547669554041,Bajo,1314,22911.8130096787,3848.0,34147.609147609146,-99.10579060285724,19.333114682696785
Iztapalapa,Centro,122.255104027829,0.955011032532235,Bajo,1314,0.0,2090.0,62870.81339712919,-99.0486998257606,19.336793474996743
Iztapalapa,Centro,119.646014046263,0.934629799886948,Medio,1314,1786.550920625,4153.0,31639.778473392726,-99.04601226775672,19.339565931126064
Iztapalapa,Centro,120.150622581659,0.938571612560089,Medio,1314,949.726140232,4474.0,29369.691551184624,-99.0402925176363,19.321480638254148
Iztapalapa,Centro,120.327519089031,0.93995346174749,Medio,1314,20272.1427749403,2135.0,61545.6674473068,-99.07668870029217,19.35972219754152
Iztapalapa,Centro,120.219876590304,0.939112598908502,Medio,1314,615.966215283,6803.0,19315.008084668527,-99.07986438949706,19.35733141700425
Iztapalapa,Centro,122.052145139972,0.953425593800696,Bajo,1314,43296.992111356994,4478.0,29343.456900401965,-99.0680150804174,19.330788894982888
Iztapalapa,Centro,121.526832900308,0.949322051552762,Bajo,1314,33485.50229243,4112.0,31955.252918287933,-99.07161040599216,19.32835856393592
Iztapalapa,Centro,121.30221419216,0.947567414426564,Bajo,1314,27113.528541821,5484.0,23960.61269146608,-99.10217933920214,19.345118662187527
Iztapalapa,Centro,120.202137533898,0.938974028051204,Medio,1314,6432.57397507,8391.0,15659.635323560959,-99.09690188354593,19.337058702946447
Iztapalapa,Centro,117.687580719125,0.919331253059238,Alto,1314,0.0,6014.0,21849.01895576987,-99.03934051712692,19.31933581541211
Iztapalapa,Centro,119.301719324103,0.931940298612376,Medio,1314,1243.7471264969,4913.0,26745.369428048038,-99.03765043312043,19.319342103759496
Iztapalapa,Centro,118.789832558521,0.927941631134025,Medio,1314,2327.44600742,3557.0,36941.24262018555,-99.0410696051728,19.317626098112832
Iztapalapa,Centro,122.021912696673,0.953189429289437,Bajo,1314,284243.90224827,3042.0,43195.26627218935,-99.08141873980988,19.316602966911496
Iztapalapa,Centro,127.049402178043,0.992462292036791,Muy bajo,1314,330773.941463086,2123.0,61893.546867640136,-99.08246268586504,19.313544987508408
Iztapalapa,Centro,121.84312872834,0.951792835964721,Bajo,1314,15472.247705663,3618.0,36318.40796019901,-99.0841913126596,19.33774825144446
Iztapalapa,Centro,122.247144684294,0.954948857124931,Bajo,1314,11266.542286608,2911.0,45139.1274476125,-99.08263720929004,19.33633314127833
Iztapalapa,Centro,120.364162255311,0.940239704422938,Medio,1314,11280.127837676,5858.0,22430.863776032777,-99.07963268745412,19.33086413705393
Iztapalapa,Centro,120.301055816202,0.93974674058268,Medio,1314,9187.8618170159,4417.0,29748.698211455736,-99.00858922310812,19.353168516003144
Iztapalapa,Centro,121.390876731902,0.948260012942585,Bajo,1314,5819.3047000503,4667.0,28155.131776301696,-99.01453603618752,19.350463446847584
Iztapalapa,Centro,119.887226378601,0.936514060183454,Medio,1314,1672.786854616,3792.0,34651.898734177215,-99.02300425307943,19.32861867518965
Iztapalapa,Centro,124.684234682493,0.973986490392367,Muy bajo,1314,9580.71210225,3701.0,35503.91786003783,-99.082230288659,19.39005165009726
Iztapalapa,Centro,123.497855580458,0.964718941685759,Bajo,1314,19953.72704544,1932.0,68012.42236024844,-99.08250438963957,19.3869985475998
Iztapalapa,Centro,119.260065343019,0.931614913330503,Medio,1314,3896.88802257,11610.0,11317.829457364342,-99.10032920241352,19.364877564827545
Iztapalapa,Centro,119.569697910672,0.934033646850803,Medio,1314,25092.945671345,2169.0,60580.91286307054,-99.03914655991082,19.38538204002086
Iztapalapa,Centro,121.926028753519,0.952440419877659,Bajo,1314,7345.670551102999,4901.0,26810.854927565804,-99.08195661474764,19.351347187857797
Iztapalapa,Centro,121.701227136221,0.950684353933768,Bajo,1314,93947.638740603,3474.0,37823.83419689119,-99.08859271155424,19.354316222416514
Iztapalapa,Centro,123.277111297724,0.962994570118164,Bajo,1314,43290.5561767022,2480.0,52983.87096774193,-99.0339208686689,19.38314334583105
Iztapalapa,Centro,123.717457835608,0.966434392162076,Muy bajo,1314,2374.7265407272,1588.0,82745.5919395466,-99.03517349522068,19.38169788467216
Iztapalapa,Centro,122.012227642419,0.953113773277067,Bajo,1314,2615.168375993,1103.0,119129.64641885766,-99.03543259633408,19.380611387382626
Iztapalapa,Centro,122.106541248233,0.953850515802347,Bajo,1314,0.0,4482.0,29317.26907630522,-99.09981529018782,19.353878462722264
Iztapalapa,Centro,121.585627573867,0.949781333497264,Bajo,1314,21773.2384522175,5183.0,25352.11267605634,-99.09502538131736,19.3545365025125
Iztapalapa,Centro,119.491017373039,0.933419023992457,Medio,1314,8716.093204747,8000.0,16425.0,-99.04291665260878,19.321436700376733
Iztapalapa,Centro,122.214859722961,0.954696659112395,Bajo,1314,14458.1042291,2692.0,48811.292719167905,-99.04502617466426,19.32229251063653
Iztapalapa,Centro,119.454619863159,0.9331347002927,Medio,1314,318.735714655,8787.0,14953.90918402185,-99.04479181983022,19.317132008051004
Iztapalapa,Centro,123.008725271337,0.960898039112647,Bajo,1314,10302.1235448389,3456.0,38020.83333333333,-99.0960839362393,19.350251936170785
Iztapalapa,Centro,121.330598604082,0.947789142809633,Bajo,1314,0.0,4417.0,29748.698211455736,-99.0991200698753,19.348931685814584
Iztapalapa,Centro,119.65318282951,0.934685799733703,Medio,1314,14458.1042291,1591.0,82589.56631049655,-99.04519142694724,19.323198624233893
Iztapalapa,Centro,120.253539052131,0.939375557438396,Medio,1314,18426.87671899,7993.0,16439.384461403726,-99.0943588049244,19.36222784248736
Iztapalapa,Centro,122.651920947115,0.958110817517304,Bajo,1314,870.535281508,3338.0,39364.88915518274,-99.08402893173168,19.334289127280485
Iztapalapa,Centro,123.349401780034,0.963559276260305,Bajo,1314,0.0,2314.0,56784.788245462405,-99.08510850331812,19.3304536609994
Iztapalapa,Centro,122.467496685391,0.95667016433547,Bajo,1314,31845.4674037242,1833.0,71685.76104746317,-99.03723850389896,19.381420460224778
Iztapalapa,Centro,121.454426395376,0.948756439085401,Bajo,1314,109277.945927362,4143.0,31716.14771904417,-99.07311400255615,19.36137347796405
Iztapalapa,Centro,124.128158692786,0.969642633264113,Muy bajo,1314,2764.035080472,2650.0,49584.90566037736,-99.07264299777827,19.330404795284608
Iztapalapa,Centro,121.013790490922,0.94531435661833,Medio,1314,8978.24213769,3246.0,40480.59149722736,-99.04704839506152,19.323943955889533
Iztapalapa,Centro,121.213920044555,0.946877693651784,Bajo,1314,346.296679095,7510.0,17496.671105193076,-99.09707467401206,19.33217270179204
Iztapalapa,Centro,123.333185133017,0.963432597894316,Bajo,1314,73786.38517259,5778.0,22741.433021806854,-99.08920814009944,19.33160064060317
Iztapalapa,Centro,123.472567282189,0.964521398981647,Bajo,1314,2395.260130477,2195.0,59863.325740318905,-99.08712720615507,19.332935507828516
Iztapalapa,Centro,123.467370282578,0.964480801969327,Bajo,1314,9369.15790321,2193.0,59917.92065663475,-99.08673417310618,19.31589636069792
Iztapalapa,Centro,123.351207267522,0.963573380051588,Bajo,1314,17512.064192375998,4645.0,28288.482238966633,-99.11300302558708,19.371414081004605
Iztapalapa,Centro,121.222269267953,0.946942914654388,Bajo,1314,10180.45658847,3347.0,39259.037944427844,-99.11983702517108,19.372907882509747
Iztapalapa,Centro,121.223387303361,0.946951648327785,Bajo,1314,0.0,2443.0,53786.32828489562,-99.11465118761154,19.373115540543576
Iztapalapa,Centro,119.604607434601,0.934306346962247,Medio,1314,25971.048694488,3427.0,38342.573679603156,-98.99045409798627,19.349408416887155
Iztapalapa,Centro,119.931011427973,0.936856092571735,Medio,1314,13434.42796136,3460.0,37976.87861271676,-98.98813002373022,19.348952195274645
Iztapalapa,Centro,121.043489709258,0.945546355776107,Medio,1314,71930.01508845601,3431.0,38297.87234042553,-99.03011388602472,19.342273630482985
Iztapalapa,Centro,122.528666104303,0.95714799690024,Bajo,1314,58182.96582437871,3643.0,36069.17375789185,-99.02749030127563,19.34075113471673
Iztapalapa,Centro,120.468897088742,0.94105785367088,Medio,1314,12842.772719149,7629.0,17223.751474636258,-99.03948972564623,19.330245058315917
Iztapalapa,Centro,120.136417828403,0.938460650353787,Medio,1314,25361.344199253,6741.0,19492.656875834447,-99.04202725821511,19.32892089161295
Iztapalapa,Centro,123.093344466935,0.961559052540284,Bajo,1314,47626.461368308,4549.0,28885.469333919544,-99.06318518112602,19.362141703674663
Iztapalapa,Centro,122.685800176135,0.958375469351228,Bajo,1314,198671.7593906639,6566.0,20012.18397806884,-99.05942285987749,19.35855328434363
Iztapalapa,Centro,119.763840893526,0.935550219038026,Medio,1314,4699.31030799,4830.0,27204.96894409938,-99.00073095363354,19.3445894358144
Iztapalapa,Centro,119.437423086075,0.93300036551813,Medio,1314,0.0,3411.0,38522.42744063325,-99.00434448162758,19.347501878513068
Iztapalapa,Centro,121.651293332675,0.950294289783383,Bajo,1314,11405.381216721,6787.0,19360.54221305437,-99.0446793742992,19.333956808113435
Iztapalapa,Centro,120.668291860475,0.942615450863634,Medio,1314,15948.67598384,5190.0,25317.919075144506,-99.04559723090408,19.32815136474007
Iztapalapa,Centro,122.713333163058,0.958590546721445,Bajo,1314,18450.100413937,1550.0,84774.1935483871,-99.06333246293246,19.34325192851378
Iztapalapa,Centro,120.423871982004,0.940706134419421,Medio,1314,8000.043385168,4320.0,30416.666666666664,-99.0655048244882,19.34167089924525
Iztapalapa,Centro,118.708171196575,0.927303723193826,Medio,1314,0.0,7613.0,17259.95008538027,-99.0344108338977,19.328893016985024
Iztapalapa,Centro,120.106574293012,0.938227523845292,Medio,1314,0.0,6000.0,21900.0,-99.02143899923334,19.33500097098905
Iztapalapa,Centro,124.055602591164,0.969075852203497,Muy bajo,1314,21415.041488053,2762.0,47574.221578566256,-99.08541893834216,19.384190500059432
Iztapalapa,Centro,118.586593652182,0.9263540050031,Alto,1314,5394.288817338,7678.0,17113.831727012242,-99.0306906647894,19.324548060646563
Iztapalapa,Centro,121.837675040608,0.951750233801046,Bajo,1314,29694.33861305,2894.0,45404.28472702142,-99.02302522316415,19.338976376831823
Iztapalapa,Centro,119.800397006188,0.935835781683256,Medio,1314,0.0,4157.0,31609.333654077458,-99.02417991514515,19.33209910073129
Iztapalapa,Centro,122.79464904002,0.959225755862497,Bajo,1314,8386.243960139,1056.0,124431.81818181819,-99.12348987821107,19.36733401618811
Iztapalapa,Centro,121.57852148103,0.949725823364486,Bajo,1314,19313.893134898,996.0,131927.7108433735,-99.12534652272524,19.366439630750676
Iztapalapa,Centro,124.411687863417,0.971857456834474,Muy bajo,1314,8006.67335157,1628.0,80712.53071253072,-99.0909659491545,19.31254847668594
Iztapalapa,Centro,123.887726197606,0.967764464763078,Muy bajo,1314,81404.16904427,2523.0,52080.85612366231,-99.0924811482779,19.31219777245027
Iztapalapa,Centro,125.035062285689,0.976727024084055,Muy bajo,1314,309017.7748456,1261.0,104203.013481364,-99.0898968240198,19.311144653940072
Iztapalapa,Centro,124.103192191405,0.969447604316634,Muy bajo,1314,114359.510661018,4248.0,30932.20338983051,-99.09524695717094,19.317561899903687
Iztapalapa,Centro,120.984011580503,0.945081734935882,Medio,1314,571.847788104,6175.0,21279.352226720646,-99.06389459227792,19.294226177177254
Iztapalapa,Centro,122.533255911316,0.95718385075166,Bajo,1314,11275.370487647,2790.0,47096.77419354839,-99.07242579997224,19.293062252768795
Iztapalapa,Centro,122.4092267457,0.956214981415194,Bajo,1314,4850.672784683,2616.0,50229.35779816514,-99.0688436168544,19.292388617196146
Iztapalapa,Centro,121.703549059126,0.950702491924883,Bajo,1314,0.0,2575.0,51029.12621359224,-99.067254041285,19.296585754846983
Iztapalapa,Centro,120.464877461121,0.941026453847081,Medio,1314,9073.361913188,4019.0,32694.70017417268,-99.0706578900321,19.29650466731847
Iztapalapa,Centro,119.91500566854,0.936731061580486,Medio,1314,572.813509222,3451.0,38075.92002318169,-99.02665903165048,19.333371365512978
Iztapalapa,Centro,121.130946421358,0.946229534818725,Medio,1314,687.935956966,7954.0,16519.989942167464,-99.02466406378797,19.340794267107007
Iztapalapa,Centro,120.466584482788,0.941039788460287,Medio,1314,4468.40502742,7668.0,17136.150234741785,-99.029536916957,19.33637448556888
Iztapalapa,Centro,119.565595533103,0.934001600615441,Medio,1314,4589.56555623,8092.0,16238.260009886308,-99.00396555431143,19.339027424941413
Iztapalapa,Centro,118.897916870412,0.928785945251797,Medio,1314,1862.506820164,5300.0,24792.45283018868,-99.00406768044304,19.34355823807237
Iztapalapa,Centro,119.462830633796,0.933198839754246,Medio,1314,11048.9578442286,6698.0,19617.79635712153,-99.00802900512474,19.34492227013621
Iztapalapa,Centro,120.150233482376,0.938568573062385,Medio,1314,13229.95731756,5980.0,21973.24414715719,-98.9987825057789,19.340453506990613
Iztapalapa,Centro,121.444917693966,0.948682160675312,Bajo,1314,4659.8775724689,5350.0,24560.747663551403,-99.0133617607444,19.347539439373683
Iztapalapa,Centro,119.952496266112,0.937023924071436,Medio,1314,6121.338958493,5485.0,23956.244302643572,-99.00887441842768,19.34871723892501
Iztapalapa,Centro,124.486812878268,0.972444305282003,Muy bajo,1314,15514.03582511,1677.0,78354.20393559929,-99.088372013237,19.38837268675237
Iztapalapa,Centro,124.362565836429,0.97147373397818,Muy bajo,1314,23337.832910823,2946.0,44602.851323828916,-99.0895800511574,19.3850219636379
Iztapalapa,Centro,123.633318055494,0.965777123748442,Bajo,1314,28201.340819138,1524.0,86220.47244094488,-99.0854633135069,19.38773477585176
Iztapalapa,Centro,119.6991718638,0.93504504882577,Medio,1314,80155.184741348,2472.0,53155.33980582524,-98.98265851040458,19.34353923531954
Iztapalapa,Centro,119.46546497717,0.933219418256923,Medio,1314,107005.46120876,3252.0,40405.90405904059,-98.98357565851065,19.34629312601299
Iztapalapa,Centro,118.347050094815,0.924482780550951,Alto,1314,0.0,6974.0,18841.410954975625,-99.01309126357958,19.328239599305277
Iztapalapa,Centro,118.596928083976,0.92643473370933,Alto,1314,1802.145674372,4049.0,32452.45739688812,-99.01536601654227,19.332158181481088
Iztapalapa,Centro,121.51862709404,0.949257950871004,Bajo,1314,52519.0182746809,3638.0,36118.74656404618,-99.09081784795865,19.35121568082561
Iztapalapa,Centro,122.327834133455,0.955579172846885,Bajo,1314,4132.42375329,4809.0,27323.767935121647,-99.0853135613766,19.351490827234606
Iztapalapa,Centro,117.925988172765,0.921193602695071,Alto,1314,1089.03036033,1034.0,127079.30367504836,-99.09171036461048,19.34414350236009
Iztapalapa,Centro,122.615424687478,0.957825722421461,Bajo,1314,9275.2060499,2196.0,59836.065573770495,-99.06844730285655,19.29047598821078
Iztapalapa,Centro,122.035754990101,0.95329756009547,Bajo,1314,4099.3603639600005,1408.0,93323.86363636363,-99.06688378967397,19.288499457135188
Iztapalapa,Centro,120.97518304597,0.94501276973441,Medio,1314,0.0,4283.0,30679.430305860376,-99.0689163651344,19.287469364087844
Iztapalapa,Centro,121.345752631894,0.94790752039282,Bajo,1314,796.356399878,1933.0,67977.23745473358,-99.05383346463692,19.382224190217585
Iztapalapa,Centro,121.199427029375,0.94676447965142,Bajo,1314,1675.83092757,3694.0,35571.196534921495,-99.06060048173136,19.33653158587141
Iztapalapa,Centro,122.196193646042,0.954550846718437,Bajo,1314,14659.467017431,4393.0,29911.22239927157,-99.0615582247318,19.34105833618765
Iztapalapa,Centro,121.746915533235,0.951041254560155,Bajo,1314,38761.840198296,5839.0,22503.85339955472,-99.0716953736576,19.36909923140209
Iztapalapa,Centro,121.000512432862,0.945210633407436,Medio,1314,16590.149080071,8211.0,16002.92290829375,-99.06897418802188,19.37387909797476
Iztapalapa,Centro,119.406912213734,0.932762026023601,Medio,1314,27524.22397087,7690.0,17087.12613784135,-99.00124703861955,19.351836984298885
Iztapalapa,Centro,119.042418560904,0.92991473827632,Medio,1314,11101.697060723,6800.0,19323.529411764706,-99.00434224383012,19.35347626195716
Iztapalapa,Centro,119.003554893652,0.929611149879868,Medio,1314,0.0,3932.0,33418.107833163784,-99.0511385899795,19.37693950230193
Iztapalapa,Centro,116.348378858433,0.908869910263625,Alto,1314,214031.89344719,7959.0,16509.611760271393,-99.04537078154206,19.37399772021957
Iztapalapa,Centro,117.896971853416,0.920966938088117,Alto,1314,142676.2623876869,4768.0,27558.724832214764,-99.00352585975747,19.36024900337596
Iztapalapa,Centro,120.30048934178,0.939742315496896,Medio,1314,9351.65760824,2181.0,60247.59284731774,-99.00143747238214,19.363552422558065
Iztapalapa,Centro,118.270870029697,0.92388769044633,Alto,1314,4801.104892324,6341.0,20722.2835514903,-99.030143233927,19.328171423247525
Iztapalapa,Centro,119.292144323207,0.931865502295565,Medio,1314,1537.227903229,5046.0,26040.428061831157,-99.026070295557,19.328001544683477
Iztapalapa,Centro,120.729602793491,0.943094388883535,Medio,1314,524267.612742545,3577.0,36734.69387755102,-99.06869814317824,19.310224318285357
Iztapalapa,Centro,120.630660026766,0.942321485088937,Medio,1314,58879.166136520005,3734.0,35190.14461703267,-99.07326932733926,19.30889595261464
Iztapalapa,Centro,119.503289911964,0.933514892464893,Medio,1314,7626.655573439,7231.0,18171.760475729498,-99.03110006563824,19.332157163390782
Iztapalapa,Centro,120.74089575659,0.943182605276909,Medio,1314,8675.02281295,3108.0,42277.99227799228,-99.07002724466784,19.306632786966517
Iztapalapa,Centro,120.240341748959,0.939272465054404,Medio,1314,53805.718878398,3413.0,38499.85350131849,-99.057614783303,19.37887513765356
Iztapalapa,Centro,122.351572650915,0.955764609244411,Bajo,1314,0.0,3400.0,38647.05882352941,-99.10240434133286,19.3399185951064
Iztapalapa,Centro,121.394356415818,0.948287194928615,Bajo,1314,24980.116967249,5245.0,25052.430886558628,-99.10477289943204,19.341288794564484
Iztapalapa,Centro,121.121358414433,0.946154636903697,Medio,1314,2989.99984691,6931.0,18958.30327514067,-99.10579818801476,19.336544638540584
Iztapalapa,Centro,118.704994633231,0.927278909072046,Medio,1314,9513.4480043364,6680.0,19670.65868263473,-99.00174600987496,19.331104528269048
Iztapalapa,Centro,118.43884773749,0.925199869315561,Alto,1314,0.0,5532.0,23752.711496746204,-98.99649639933122,19.33634711121439
Iztapalapa,Centro,116.823584916632,0.912582041809504,Alto,1314,10302.39844685,3240.0,40555.555555555555,-98.99386041633036,19.331938837332363
Iztapalapa,Centro,122.089391066668,0.953716545014506,Bajo,1314,0.0,1063.0,123612.41768579492,-99.0503370969262,19.374383082927377
La Magdalena Contreras,Sur,125.879609124685,0.98332430732343,Muy bajo,159,21487.984761686,1233.0,12895.377128953773,-99.22823291991855,19.30816809971794
La Magdalena Contreras,Sur,116.707369748158,0.911674212488818,Alto,159,0.0,6192.0,2567.829457364341,-99.2477318318316,19.27074191250276
La Magdalena Contreras,Sur,124.854459855193,0.97531622561476,Muy bajo,159,43253.088616766,2382.0,6675.062972292191,-99.22231191280632,19.33020498819869
La Magdalena Contreras,Sur,122.597901552405,0.957688838260652,Bajo,159,32280.853002386,2848.0,5582.865168539325,-99.23228688438218,19.307682994669875
La Magdalena Contreras,Sur,124.635052728939,0.97360229941221,Muy bajo,159,879862.844716825,5588.0,2845.3829634931994,-99.23106806545368,19.325777659541203
La Magdalena Contreras,Sur,118.835048429615,0.928294840565106,Medio,159,310823.447899,8047.0,1975.8916366347707,-99.25619286533312,19.321927250408127
La Magdalena Contreras,Sur,124.856188135919,0.975329726295764,Muy bajo,159,14320.054349085,1415.0,11236.749116607774,-99.22876267438652,19.321429731207044
La Magdalena Contreras,Sur,122.347777776731,0.955734965110191,Bajo,159,6660.6267137814,5516.0,2882.5235678027557,-99.24023971332636,19.31698702419675
La Magdalena Contreras,Sur,122.691713837253,0.958421664654525,Bajo,159,33822.907273819,5201.0,3057.104402999423,-99.23266034530724,19.314110328407835
La Magdalena Contreras,Sur,122.884931539313,0.95993100889512,Bajo,159,813.360009118,5394.0,2947.719688542825,-99.23684838885798,19.30694623399799
La Magdalena Contreras,Sur,125.10620263889,0.977282745848844,Muy bajo,159,41358.3151901,1074.0,14804.469273743018,-99.21721102688169,19.33244404309401
La Magdalena Contreras,Sur,123.000442725348,0.960833338968956,Bajo,159,10691.074884479,4250.0,3741.176470588235,-99.22938925817256,19.31067280900394
La Magdalena Contreras,Sur,124.227969383357,0.970422316954357,Muy bajo,159,41358.3151901,771.0,20622.568093385213,-99.21899129204854,19.331552533504585
La Magdalena Contreras,Sur,123.644520869623,0.96586463593187,Bajo,159,124464.3051015,1293.0,12296.983758700695,-99.21234711658602,19.33268729220936
La Magdalena Contreras,Sur,123.945263597643,0.968213925358242,Muy bajo,159,59505.02023423901,4021.0,3954.240238746581,-99.23568230888084,19.31950442321348
La Magdalena Contreras,Sur,124.978333302689,0.976283878539658,Muy bajo,159,169986.20843504,1704.0,9330.985915492958,-99.21546394911331,19.334233294651657
La Magdalena Contreras,Sur,123.306102812252,0.963221040959144,Bajo,159,92540.922824135,2569.0,6189.178668742701,-99.2099780575502,19.335893484189405
La Magdalena Contreras,Sur,115.770342923327,0.904354510275904,Alto,159,0.0,1898.0,8377.239199157008,-99.24615244153148,19.283375610309346
La Magdalena Contreras,Sur,123.54921185863,0.965120117674558,Bajo,159,18757.45749765378,3249.0,4893.813481071099,-99.22421274837252,19.319141785922977
La Magdalena Contreras,Sur,123.60562278032,0.965560778643254,Bajo,159,4541.48970082,2847.0,5584.826132771338,-99.24327919971972,19.31283386187697
La Magdalena Contreras,Sur,122.79794364347,0.959251492069323,Bajo,159,4709.519840702,2321.0,6850.495476087894,-99.2281600075012,19.317391392106693
La Magdalena Contreras,Sur,124.688757972713,0.974021824639531,Muy bajo,159,19580.76754897,1839.0,8646.00326264274,-99.22468798970064,19.324481916927997
La Magdalena Contreras,Sur,121.619819757587,0.950048430015965,Bajo,159,2036.32438394,4313.0,3686.5290980755854,-99.25673784217406,19.30609642473399
La Magdalena Contreras,Sur,124.18074438095,0.970053412942794,Muy bajo,159,2097.113232641,3734.0,4258.168184252812,-99.23808616171664,19.310960292929625
La Magdalena Contreras,Sur,120.920945405454,0.944589085623365,Medio,159,68814.06531912,9890.0,1607.6845298281094,-99.26088947579956,19.31582402108565
La Magdalena Contreras,Sur,125.04458754078,0.976801431805281,Muy bajo,159,204768.081815478,3234.0,4916.512059369202,-99.21705457310092,19.327251674643176
La Magdalena Contreras,Sur,124.944833913726,0.976022193873832,Muy bajo,159,83621.48059235999,594.0,26767.676767676767,-99.21055797123988,19.334031438330506
La Magdalena Contreras,Sur,122.565059495342,0.957432288425168,Bajo,159,810715.206193107,5677.0,2800.7750572485465,-99.24378250827148,19.326077208002125
La Magdalena Contreras,Sur,122.457769104754,0.956594176122932,Bajo,159,87355.89039498,4361.0,3645.952763127723,-99.23522999780737,19.30215595493999
La Magdalena Contreras,Sur,121.326993552044,0.947760981494842,Bajo,159,312563.758561823,7781.0,2043.4391466392494,-99.2487873170057,19.319419976930604
La Magdalena Contreras,Sur,121.412461335458,0.948428623772314,Bajo,159,1459.0590291774,5931.0,2680.8295397066263,-99.25356764120046,19.31498857518276
La Magdalena Contreras,Sur,120.319962156117,0.939894429821073,Medio,159,310823.447899,8287.0,1918.6677929286834,-99.25256763807384,19.321157102342998
La Magdalena Contreras,Sur,123.76382872424,0.966796624157084,Muy bajo,159,15249.834229032,4642.0,3425.247738043947,-99.22378943359972,19.31371131392461
La Magdalena Contreras,Sur,121.071918509544,0.945768430904428,Medio,159,50416.822566235,8605.0,1847.7629285299245,-99.26332758349966,19.308953269956664
La Magdalena Contreras,Sur,122.518541027441,0.95706890359624,Bajo,159,2466.1160247928,4742.0,3353.0156052298607,-99.24408841156516,19.3221955461334
La Magdalena Contreras,Sur,122.309244470897,0.955433957373261,Bajo,159,2109.219777327,3779.0,4207.462291611538,-99.2402754445022,19.323052871902
La Magdalena Contreras,Sur,122.015715258721,0.953141017227921,Bajo,159,0.0,5197.0,3059.4573792572637,-99.24538332513492,19.316498483470536
La Magdalena Contreras,Sur,119.410012284391,0.932786242613187,Medio,159,123410.05847866,6170.0,2576.9854132901132,-99.26845797610392,19.309524335461237
La Magdalena Contreras,Sur,120.80439171725,0.943678611913473,Medio,159,0.0,8887.0,1789.13019016541,-99.25658406721703,19.301787330291948
La Magdalena Contreras,Sur,121.917013615139,0.952369996996903,Bajo,159,4601.2935701622,4286.0,3709.752683154456,-99.24669261658408,19.31108581768793
La Magdalena Contreras,Sur,120.720040406577,0.943019691102419,Medio,159,5137.0316617302,5314.0,2992.09634926609,-99.26795659195268,19.3035507424727
La Magdalena Contreras,Sur,118.79913457586,0.928014295005642,Medio,159,20223.9965711,7657.0,2076.53127856863,-99.25480485486491,19.297190663002382
La Magdalena Contreras,Sur,119.870999047897,0.936387298360512,Medio,159,0.0,4235.0,3754.427390791027,-99.25214437790176,19.311963907726057
La Magdalena Contreras,Sur,121.419730190714,0.948485405344085,Bajo,159,64531.533714476696,6008.0,2646.4713715046605,-99.25597385642132,19.310086211022615
La Magdalena Contreras,Sur,121.880613457222,0.952085652611675,Bajo,159,0.0,3917.0,4059.229001787082,-99.2496572553132,19.311320829995264
La Magdalena Contreras,Sur,122.762871639192,0.958977522722319,Bajo,159,0.0,2262.0,7029.177718832891,-99.25040098364704,19.30668015366562
La Magdalena Contreras,Sur,123.60709643029,0.96557229024427,Bajo,159,8017.719209790001,6547.0,2428.5932488162516,-99.24575066588584,19.306123793227123
La Magdalena Contreras,Sur,122.157919889594,0.954251866483998,Bajo,159,3833.45949038,4031.0,3944.430662366658,-99.24378380984184,19.303154808583766
La Magdalena Contreras,Sur,121.704155527892,0.950707229431482,Bajo,159,4213.2624219313,6182.0,2571.9831769653833,-99.24825162800776,19.325392581205342
La Magdalena Contreras,Sur,119.711988940203,0.935145171020804,Medio,159,0.0,9341.0,1702.1732148592228,-99.2630046272325,19.301193949803498
La Magdalena Contreras,Sur,120.561846129123,0.941783936722647,Medio,159,8265.755485564,9520.0,1670.1680672268908,-99.2461066521217,19.29123946235055
La Magdalena Contreras,Sur,122.181558240187,0.954436520415519,Bajo,159,61067.3970791323,9652.0,1647.3269788644839,-99.24035191222742,19.29795944092646
Álvaro Obregón,Centro,120.133165711851,0.938435246038682,Medio,610,8017.994213512999,7042.0,8662.311843226356,-99.26027986016416,19.32198744869752
Álvaro Obregón,Centro,123.194081823314,0.962345974996367,Bajo,610,1899.200609774,4588.0,13295.553618134261,-99.19328967497428,19.379260710272582
Álvaro Obregón,Centro,124.883063390484,0.975539665707417,Muy bajo,610,137599.97007037,2203.0,27689.514298683614,-99.18461121939592,19.34641119928387
Álvaro Obregón,Centro,125.017182942075,0.976587357355684,Muy bajo,610,62815.1032069044,2914.0,20933.424845573096,-99.21147410265678,19.310284093719325
Álvaro Obregón,Centro,124.558594942214,0.973005039850524,Muy bajo,610,854.15469662,237.0,257383.96624472574,-99.24394775545946,19.38479241826749
Álvaro Obregón,Centro,120.687785433654,0.942767727348104,Medio,610,0.0,4398.0,13869.940882219189,-99.21924630080387,19.352568916000884
Álvaro Obregón,Centro,122.687777402211,0.958390914699965,Bajo,610,132502.744422139,1809.0,33720.287451630735,-99.21661390430776,19.366975033838607
Álvaro Obregón,Centro,125.066725296759,0.976974363654335,Muy bajo,610,5964.732509824,80.0,762500.0,-99.24338796012611,19.34840448839612
Álvaro Obregón,Centro,121.717158361664,0.950808802693442,Bajo,610,12702.9875189,8619.0,7077.387167884905,-99.26167791084742,19.334566895021844
Álvaro Obregón,Centro,119.069431355262,0.93012575209727,Medio,610,0.0,5355.0,11391.223155929038,-99.2262810596349,19.350558337886834
Álvaro Obregón,Centro,122.386440415257,0.956036983145615,Bajo,610,87341.60297295,5661.0,10775.481363716657,-99.25063839822693,19.33346505624477
Álvaro Obregón,Centro,120.668997331359,0.94262096173766,Medio,610,3237.986609907,1940.0,31443.298969072166,-99.24126159329292,19.35238098684661
Álvaro Obregón,Centro,122.53136306019,0.957169064508397,Bajo,610,2457.873937637,6964.0,8759.333716255025,-99.21678189499352,19.37017384533313
Álvaro Obregón,Centro,124.195975914367,0.970172395970712,Muy bajo,610,0.0,3546.0,17202.481669486748,-99.20788572345576,19.36542004344028
Álvaro Obregón,Centro,125.938045924425,0.983780793691846,Muy bajo,610,41918.8675215859,2776.0,21974.063400576368,-99.21723703217364,19.36339775107473
Álvaro Obregón,Centro,125.385651688181,0.979465697041157,Muy bajo,610,997012.999627784,3017.0,20218.760357971492,-99.19857027107346,19.32255586955208
Álvaro Obregón,Centro,124.462299842022,0.972252818634132,Muy bajo,610,33667.950475185,3028.0,20145.310435931307,-99.17871441135796,19.35447714191428
Álvaro Obregón,Centro,124.419546407889,0.97191884483729,Muy bajo,610,384649.2187251988,2898.0,21048.999309868876,-99.25918935491065,19.368975429031764
Álvaro Obregón,Centro,124.43199401994,0.972016080915338,Muy bajo,610,14507.842837983,3083.0,19785.92280246513,-99.25507843065456,19.366823271630505
Álvaro Obregón,Centro,121.020708148419,0.945368394764889,Medio,610,1044.89981129,3148.0,19377.38246505718,-99.25708097790556,19.35425468101598
Álvaro Obregón,Centro,123.484514769528,0.964614728272976,Bajo,610,13507.314451756,4628.0,13180.639585133966,-99.20545686315178,19.338847061940932
Álvaro Obregón,Centro,124.962823875208,0.976162724707513,Muy bajo,610,47412.110717921,2309.0,26418.362927674316,-99.21572355721511,19.317763551412146
Álvaro Obregón,Centro,121.313357051932,0.947654458269038,Bajo,610,72980.9687995,6072.0,10046.113306982872,-99.26478482210486,19.317614646753427
Álvaro Obregón,Centro,125.141828617229,0.9775610426335,Muy bajo,610,12292.131252941,1969.0,30980.192991366173,-99.1885673017986,19.360129870094596
Álvaro Obregón,Centro,125.581726222476,0.980997357783984,Muy bajo,610,40928.968783121,2679.0,22769.69018290407,-99.1823688814552,19.35723694947988
Álvaro Obregón,Centro,124.329419596515,0.971214807980307,Muy bajo,610,25532.410633626,2910.0,20962.199312714776,-99.1761237570431,19.36020500283129
Álvaro Obregón,Centro,118.815901677098,0.928145273313609,Medio,610,0.0,3847.0,15856.511567455158,-99.25443269468076,19.32743098183238
Álvaro Obregón,Centro,125.003623897003,0.976481439179607,Muy bajo,610,125149.017278,969.0,62951.49638802889,-99.20849930283777,19.36758606624666
Álvaro Obregón,Centro,120.8200983469,0.943801306215022,Medio,610,0.0,6009.0,10151.43950740556,-99.22044787682567,19.38225537146511
Álvaro Obregón,Centro,125.243761524313,0.978357304283414,Muy bajo,610,0.0,678.0,89970.50147492626,-99.20695075449343,19.38910905820225
Álvaro Obregón,Centro,124.354656571796,0.97141194976848,Muy bajo,610,12547.301494173,2563.0,23800.234100663285,-99.19428174210972,19.354710728767
Álvaro Obregón,Centro,123.445436654907,0.964309464694078,Bajo,610,3138.453657317,2348.0,25979.557069846676,-99.19354249706367,19.374399151144782
Álvaro Obregón,Centro,123.466402882783,0.964473245004859,Bajo,610,8606.227493619699,1218.0,50082.10180623974,-99.19293279039238,19.34739777298969
Álvaro Obregón,Centro,124.88667282324,0.975567861242734,Muy bajo,610,0.0,779.0,78305.51989730423,-99.19804777261298,19.36631997175768
Álvaro Obregón,Centro,125.735943240334,0.982202043303093,Muy bajo,610,44246.53767806,774.0,78811.36950904393,-99.1928746241846,19.367068296001925
Álvaro Obregón,Centro,122.808081781768,0.959330687404359,Bajo,610,15127.2603011,1543.0,39533.376539209334,-99.19272344995588,19.365349050817
Álvaro Obregón,Centro,123.525300529145,0.964933331334284,Bajo,610,221315.508972,2582.0,23625.096824167314,-99.20737437074187,19.355621285368034
Álvaro Obregón,Centro,124.80222677021,0.974908200339915,Muy bajo,610,131498.746887187,2280.0,26754.385964912282,-99.20650645244676,19.36802134095696
Álvaro Obregón,Centro,118.71330408245,0.927343819373681,Medio,610,7093.144734498,2078.0,29355.149181905676,-99.20164347951184,19.371579447604848
Álvaro Obregón,Centro,121.988779200263,0.952930602839045,Bajo,610,0.0,2279.0,26766.12549363756,-99.2095292600662,19.371649878307224
Álvaro Obregón,Centro,123.961995152051,0.968344625987706,Muy bajo,610,3013.94034706,2510.0,24302.788844621515,-99.1974140271476,19.37330054210771
Álvaro Obregón,Centro,124.867173194577,0.9754155374551,Muy bajo,610,0.0,4044.0,15084.075173095946,-99.2495251991733,19.350914953369408
Álvaro Obregón,Centro,124.807362493233,0.974948318682504,Muy bajo,610,68147.637981,2144.0,28451.492537313432,-99.2224948032963,19.385516995446924
Álvaro Obregón,Centro,122.982685676,0.960694627557543,Bajo,610,791.94830456,3156.0,19328.263624841573,-99.22212554674138,19.37859136781637
Álvaro Obregón,Centro,120.500634234736,0.941305772355385,Medio,610,0.0,3273.0,18637.33577757409,-99.2479854041511,19.36697601808792
Álvaro Obregón,Centro,121.1334926099,0.946249424688911,Medio,610,0.0,4207.0,14499.64345139054,-99.23942597077694,19.35972777447418
Álvaro Obregón,Centro,122.595739000432,0.957671945215504,Bajo,610,6194.81690971,1859.0,32813.3405056482,-99.20525921129976,19.37165923616416
Álvaro Obregón,Centro,121.870123139335,0.952003706181732,Bajo,610,0.0,1979.0,30823.64830722587,-99.2191699306819,19.356338118808875
Álvaro Obregón,Centro,122.422649846127,0.956319837642675,Bajo,610,13085.9016306,2608.0,23389.57055214724,-99.2090832994575,19.3935169867725
Álvaro Obregón,Centro,123.554435106516,0.965160919728558,Bajo,610,120137.65211403,6933.0,8798.499927881148,-99.21639186941692,19.360794817957128
Álvaro Obregón,Centro,124.673278330074,0.973900903475402,Muy bajo,610,359.823399818,864.0,70601.85185185185,-99.1952344412281,19.35027273176513
Álvaro Obregón,Centro,121.945087172791,0.952589297102966,Bajo,610,2205.58320993,5883.0,10368.859425463199,-99.23278553926993,19.347216212173773
Álvaro Obregón,Centro,122.69981856712,0.958484975765338,Bajo,610,21221.652087522,3425.0,17810.21897810219,-99.19720719914687,19.342509605549484
Álvaro Obregón,Centro,124.223531356009,0.970387648748776,Muy bajo,610,21094.0390618969,5277.0,11559.598256585181,-99.253371962987,19.34201541541875
Álvaro Obregón,Centro,121.191367093064,0.946701518451077,Bajo,610,99937.309081643,8067.0,7561.671005330359,-99.26155966711556,19.32734627423223
Álvaro Obregón,Centro,121.412932391138,0.948432303482667,Bajo,610,14249.83276389,4992.0,12219.551282051281,-99.240685351311,19.354716298041847
Álvaro Obregón,Centro,120.665823210854,0.942596166698428,Medio,610,0.0,4731.0,12893.679983090256,-99.23623900453411,19.354093640180626
Álvaro Obregón,Centro,121.706573205514,0.950726115422548,Bajo,610,4546.8329904970005,4303.0,14176.156170113874,-99.2148121838526,19.38735914022168
Álvaro Obregón,Centro,123.845460378006,0.967434300028132,Muy bajo,610,30621.954856123,675.0,90370.37037037036,-99.2089655078493,19.389487797119813
Álvaro Obregón,Centro,123.72700534548,0.966508973729314,Muy bajo,610,0.0,499.0,122244.4889779559,-99.20540158779072,19.388810853005197
Álvaro Obregón,Centro,123.564420399832,0.965238921095912,Bajo,610,11111.22796581,975.0,62564.10256410256,-99.20332115034562,19.38801455740261
Álvaro Obregón,Centro,124.641608596241,0.97365351138942,Muy bajo,610,95882.0902491,1866.0,32690.246516613075,-99.19736357785511,19.36750798891712
Álvaro Obregón,Centro,123.29446028452,0.963130093897929,Bajo,610,3818.24109865,734.0,83106.26702997275,-99.20945750753972,19.387590521344304
Álvaro Obregón,Centro,124.713290589464,0.974213464242969,Muy bajo,610,16944.15079464,451.0,135254.9889135255,-99.20777065687707,19.387725228953485
Álvaro Obregón,Centro,124.781315009167,0.974744845503612,Muy bajo,610,13125.90969599,456.0,133771.9298245614,-99.20597240644116,19.387671189290693
Álvaro Obregón,Centro,123.228369617453,0.962613818387806,Bajo,610,29540.370414463003,654.0,93272.17125382263,-99.20502755304771,19.38973555994765
Álvaro Obregón,Centro,121.542208041598,0.949442156391535,Bajo,610,0.0,6914.0,8822.678623083599,-99.23594310578702,19.38134635299684
Álvaro Obregón,Centro,121.947509649469,0.952608220582461,Bajo,610,0.0,4719.0,12926.467471922018,-99.23244409748628,19.38166949022705
Álvaro Obregón,Centro,122.225661344322,0.95478103732835,Bajo,610,0.0,3737.0,16323.253947016323,-99.230106567108,19.382549652999
Álvaro Obregón,Centro,121.66800933497,0.950424868925564,Bajo,610,0.0,4430.0,13769.751693002258,-99.22742916544132,19.38295115995415
Álvaro Obregón,Centro,122.580215139659,0.957550678635892,Bajo,610,0.0,2489.0,24507.83447167537,-99.23947072088544,19.383160450078908
Álvaro Obregón,Centro,124.692596392918,0.974051808938939,Muy bajo,610,131536.344256614,621.0,98228.66344605475,-99.20399285349046,19.36776795719284
Álvaro Obregón,Centro,119.969151553218,0.937154028929332,Medio,610,133710.54695224,3250.0,18769.23076923077,-99.20103152064404,19.36968070334131
Álvaro Obregón,Centro,124.552729339946,0.972959219964944,Muy bajo,610,125149.017278,1488.0,40994.62365591398,-99.202991982713,19.36713728510273
Álvaro Obregón,Centro,123.76023655907,0.966768563509678,Muy bajo,610,127637.327254115,841.0,72532.69916765756,-99.2011742960539,19.367483105010116
Álvaro Obregón,Centro,125.079130532103,0.977071268701441,Muy bajo,610,97104.270318367,1396.0,43696.27507163324,-99.19930510120194,19.36776421529632
Álvaro Obregón,Centro,123.269386106894,0.962934223823996,Bajo,610,191442.40643205305,2553.0,23893.458676067374,-99.20352179347772,19.36356904468692
Álvaro Obregón,Centro,125.091139671539,0.97716507959583,Muy bajo,610,132117.6676623,1094.0,55758.683729433265,-99.21167689830855,19.35706097646396
Álvaro Obregón,Centro,123.864395973041,0.967582217796555,Muy bajo,610,4250.083647636,1943.0,31394.75038600103,-99.20659105841204,19.35886090451227
Álvaro Obregón,Centro,122.739580780814,0.958795583269688,Bajo,610,2989.6210292200003,4987.0,12231.802686986164,-99.2009937868836,19.35971272158506
Álvaro Obregón,Centro,125.631189903901,0.981383749516636,Muy bajo,610,15127.2603011,3219.0,18949.984467225848,-99.19486165934,19.360708477877008
Álvaro Obregón,Centro,123.122971825144,0.961790490353698,Bajo,610,0.0,2832.0,21539.54802259887,-99.1942450344738,19.38003396737823
Álvaro Obregón,Centro,124.09602302065,0.969391601442813,Muy bajo,610,6129.808215124,3145.0,19395.86645468998,-99.18783396702388,19.3541234456545
Álvaro Obregón,Centro,124.62691211835,0.973538708014651,Muy bajo,610,1081.58444166,532.0,114661.65413533835,-99.20882289060792,19.38903998915979
Álvaro Obregón,Centro,120.550206282568,0.941693010605779,Medio,610,31301.18212463,3160.0,19303.79746835443,-99.207841912281,19.39150666097308
Álvaro Obregón,Centro,124.147334292995,0.96979242586296,Muy bajo,610,0.0,2502.0,24380.495603517185,-99.21044316027844,19.370092653186784
Álvaro Obregón,Centro,120.951836255277,0.944830393359506,Medio,610,0.0,4908.0,12428.687856560717,-99.22615579015788,19.34767784398286
Álvaro Obregón,Centro,123.89390247475,0.967812711524302,Muy bajo,610,6689.32980088,3573.0,17072.488105233697,-99.19761029318512,19.376529159776297
Álvaro Obregón,Centro,123.309087791156,0.963244358495112,Bajo,610,0.0,2501.0,24390.243902439022,-99.24746898717667,19.364165104074026
Álvaro Obregón,Centro,125.163126698419,0.97772741525794,Muy bajo,610,12752.446906532,2719.0,22434.718646561236,-99.23837313819676,19.343724968069225
Álvaro Obregón,Centro,125.014453148219,0.976566033229631,Muy bajo,610,95882.0902491,1113.0,54806.82839173405,-99.19794386208254,19.36904923148195
Álvaro Obregón,Centro,121.387481939866,0.9482334941001,Bajo,610,31140.21931174,6197.0,9843.472648055511,-99.24136655212592,19.367989173129835
Álvaro Obregón,Centro,125.75002346796,0.982312032761856,Muy bajo,610,56716.067670947,3322.0,18362.43226971704,-99.20423063395351,19.319451494067927
Álvaro Obregón,Centro,124.63356247568,0.973590658112527,Muy bajo,610,95882.0902491,757.0,80581.24174372523,-99.19664699713609,19.36948898714865
Álvaro Obregón,Centro,122.557739283452,0.957375105674628,Bajo,610,3777.529913439,4198.0,14530.728918532634,-99.2124085265561,19.39056503612733
Álvaro Obregón,Centro,124.286346876979,0.970878340045615,Muy bajo,610,125149.017278,1913.0,31887.088342916886,-99.21077958168954,19.36720925212256
Álvaro Obregón,Centro,120.79478541578,0.943603571088319,Medio,610,1429.90980328,5942.0,10265.903736115786,-99.2491261738048,19.361053624407173
Álvaro Obregón,Centro,120.624837896175,0.942276004787794,Medio,610,894166.54686048,9388.0,6497.656582871751,-99.23983939222028,19.33145030104962
Álvaro Obregón,Centro,121.392755285144,0.948274687496139,Bajo,610,203.613637278,2482.0,24576.954069298954,-99.2307952920284,19.369789356982224
Álvaro Obregón,Centro,125.664067859958,0.981640579781608,Muy bajo,610,2995.388116071,1560.0,39102.5641025641,-99.1931247445238,19.37120618263948
Álvaro Obregón,Centro,124.434770908936,0.972037772930965,Muy bajo,610,932.245912844,1888.0,32309.32203389831,-99.1963535044516,19.37132673002948
Álvaro Obregón,Centro,120.646452796523,0.942444852284708,Medio,610,0.0,5748.0,10612.386917188587,-99.2365079940721,19.359709344673465
Álvaro Obregón,Centro,123.689477492656,0.966215820214303,Bajo,610,3218.356163988,2695.0,22634.508348794065,-99.22718456553768,19.366976037927028
Álvaro Obregón,Centro,125.056302989399,0.976892948497136,Muy bajo,610,5347.357929286,2371.0,25727.541121889495,-99.22393379789304,19.36883868237793
Álvaro Obregón,Centro,120.943887804161,0.9447683030397,Medio,610,0.0,5010.0,12175.64870259481,-99.23718236973605,19.364947773650325
Álvaro Obregón,Centro,124.809493110129,0.974964962262812,Muy bajo,610,34289.584944541,4314.0,14140.009272137228,-99.2269696080619,19.36582346333911
Álvaro Obregón,Centro,125.153415943183,0.977651558479127,Muy bajo,610,38229.467540338,3638.0,16767.454645409565,-99.2076857705539,19.326515497375933
Álvaro Obregón,Centro,123.782068214242,0.966939104213996,Muy bajo,610,49881.005889091,4443.0,13729.462075174431,-99.20454380775392,19.33515549056672
Álvaro Obregón,Centro,121.070477125091,0.945757171349539,Medio,610,0.0,4169.0,14631.806188534421,-99.24108963491544,19.36203677154664
Álvaro Obregón,Centro,121.120879101632,0.946150892691814,Medio,610,1894.739044611,2742.0,22246.53537563822,-99.2543443078993,19.360210612821373
Álvaro Obregón,Centro,121.941366336812,0.952560231327447,Bajo,610,7877.33738969,2796.0,21816.881258941346,-99.24328948304536,19.357274135293903
Álvaro Obregón,Centro,120.72424924458,0.943052568966777,Medio,610,2322.19784374,2493.0,24468.511833132772,-99.21573547840524,19.38873176767408
Álvaro Obregón,Centro,125.411185880032,0.979665160573729,Muy bajo,610,32492.54246182,8541.0,7142.020840650978,-99.22899704843356,19.389791027290848
Álvaro Obregón,Centro,122.139994957877,0.954111843638461,Bajo,610,11720.764784932,3842.0,15877.147319104633,-99.2457042582979,19.380934479236924
Álvaro Obregón,Centro,123.913852577468,0.967968554246345,Muy bajo,610,288477.3125277227,2298.0,26544.82158398607,-99.25814705697988,19.376174902638432
Álvaro Obregón,Centro,125.186978630909,0.977913737611156,Muy bajo,610,151908.1965465405,1230.0,49593.49593495935,-99.1943350531832,19.36843072182046
Álvaro Obregón,Centro,121.113410887444,0.94609255380282,Medio,610,11005.89973628,3201.0,19056.544829740706,-99.21198001615342,19.37341589365772
Álvaro Obregón,Centro,119.626176371896,0.934474835413019,Medio,610,0.0,2600.0,23461.53846153846,-99.22402065447874,19.382382961656308
Álvaro Obregón,Centro,120.033244156714,0.937654696316017,Medio,610,0.0,4629.0,13177.792179736445,-99.22802483124956,19.379776057847653
Álvaro Obregón,Centro,123.401471942342,0.963966028844304,Bajo,610,13476.668890734,1491.0,40912.1395036888,-99.20354195292612,19.3933651188526
Álvaro Obregón,Centro,122.304775706826,0.955399049063925,Bajo,610,1050.32790656,5554.0,10983.075261073102,-99.2128457712679,19.393657862605444
Álvaro Obregón,Centro,124.351260661542,0.971385422190889,Muy bajo,610,3081.5222461800004,1813.0,33645.890788747936,-99.20438366180792,19.350504544746965
Álvaro Obregón,Centro,122.52788397924,0.957141887232509,Bajo,610,15637.984052506,3440.0,17732.558139534885,-99.20763723522704,19.39941314488605
Álvaro Obregón,Centro,124.658801713834,0.973787817577412,Muy bajo,610,4435.03028158,1720.0,35465.11627906977,-99.19990553002626,19.401118042558917
Álvaro Obregón,Centro,124.352729522701,0.971396896383504,Muy bajo,610,30733.041592441,2510.0,24302.788844621515,-99.19455874920016,19.40148723003216
Álvaro Obregón,Centro,125.059549485272,0.9769183089056,Muy bajo,610,59277.815271692,21198.0,2877.6299650910464,-99.19312408570424,19.388855552614253
Álvaro Obregón,Centro,121.978727482443,0.952852082588377,Bajo,610,21839.062162879,3603.0,16930.335831251738,-99.20283538748768,19.39196664193954
Álvaro Obregón,Centro,121.598593511823,0.949882618542936,Bajo,610,25309.137844605,4232.0,14413.98865784499,-99.19940042743065,19.39534915124701
Álvaro Obregón,Centro,122.285999310921,0.955252374899416,Bajo,610,55441.4296060262,4219.0,14458.402465039107,-99.19792567530448,19.388888507397287
Álvaro Obregón,Centro,121.262631854416,0.947258212045692,Bajo,610,53299.089443536,3822.0,15960.23024594453,-99.2083819086866,19.39549187835805
Álvaro Obregón,Centro,125.04431927685,0.976799336228048,Muy bajo,610,36767.922819091305,5752.0,10605.00695410292,-99.1963448591428,19.33786147943204
Álvaro Obregón,Centro,123.82097562382,0.967243034309101,Muy bajo,610,82093.0024083,396.0,154040.40404040404,-99.1897066875116,19.343935902513103
Álvaro Obregón,Centro,120.642462035691,0.942413677957441,Medio,610,42961.7982093388,3320.0,18373.493975903617,-99.21045104213788,19.34113506413653
Álvaro Obregón,Centro,123.012401379246,0.960926755489258,Bajo,610,7905.919215284,3881.0,15717.59855707292,-99.20229578081128,19.346012102828183
Álvaro Obregón,Centro,121.503592458035,0.949140505931843,Bajo,610,94823.790467882,3152.0,19352.79187817259,-99.21688845064558,19.396009149330784
Álvaro Obregón,Centro,121.447339735967,0.948701080759273,Bajo,610,40942.874814599,5330.0,11444.652908067541,-99.20392994054492,19.39753318034502
Álvaro Obregón,Centro,119.073716570403,0.930159226591191,Medio,610,8621.2895068384,5548.0,10994.95313626532,-99.19207062269058,19.397615539600952
Álvaro Obregón,Centro,120.907293814472,0.944482444513343,Medio,610,13513.546507837,4144.0,14720.07722007722,-99.19691592516944,19.39858125387136
Álvaro Obregón,Centro,121.748366516055,0.951052589093895,Bajo,610,58088.268163714005,4680.0,13034.188034188035,-99.1959857367538,19.392948633737923
Álvaro Obregón,Centro,120.562416374817,0.941788391268196,Medio,610,3190.19199739,3207.0,19020.891799189274,-99.21190342776988,19.3788858952428
Álvaro Obregón,Centro,121.293053823411,0.947495857060618,Bajo,610,0.0,9421.0,6474.89650780172,-99.20733046562393,19.378397740110863
Álvaro Obregón,Centro,122.887369347837,0.959950052141246,Bajo,610,606.013648671,2671.0,22837.88843129914,-99.20099504639762,19.3743843236911
Álvaro Obregón,Centro,121.287394875978,0.947451651485125,Bajo,610,58639.638740973,5467.0,11157.856228278763,-99.19859440865083,19.380524194470453
Álvaro Obregón,Centro,121.294117236137,0.947504164042107,Bajo,610,0.0,3848.0,15852.390852390852,-99.20860557701708,19.374445946097232
Álvaro Obregón,Centro,121.605961143294,0.949940171717457,Bajo,610,0.0,9225.0,6612.466124661247,-99.21813784752136,19.37327531662472
Álvaro Obregón,Centro,120.151714437153,0.938580141725807,Medio,610,0.0,4355.0,14006.888633754304,-99.21626269278474,19.37698715178396
Álvaro Obregón,Centro,122.04202089085,0.953346506962684,Bajo,610,0.0,4427.0,13779.082900384006,-99.21866435041188,19.378975487183112
Álvaro Obregón,Centro,121.592635769411,0.949836078893097,Bajo,610,9842.04169302,3751.0,16262.330045321247,-99.21268696992745,19.37634210953629
Álvaro Obregón,Centro,120.309341678646,0.939811466633271,Medio,610,0.0,3058.0,19947.678221059516,-99.2162668759182,19.38414261855532
Álvaro Obregón,Centro,118.39782127397,0.924879385965614,Alto,610,4158.63669577,3528.0,17290.249433106575,-99.21223302347242,19.38148245086288
Álvaro Obregón,Centro,124.68344926125,0.973980354976116,Muy bajo,610,70742.7745976784,1933.0,31557.165028453182,-99.20082397850864,19.38455999281382
Álvaro Obregón,Centro,121.145747638269,0.946345156375448,Medio,610,0.0,4650.0,13118.279569892475,-99.21575395203686,19.380992804218007
Álvaro Obregón,Centro,121.545860452912,0.949470687659231,Bajo,610,106.854882163,6453.0,9452.967611963428,-99.22410800874135,19.37231623820964
Álvaro Obregón,Centro,119.912140390887,0.936708679105808,Medio,610,0.0,3230.0,18885.448916408666,-99.27228758864918,19.308857978855062
Álvaro Obregón,Centro,118.728469943873,0.927462289396606,Medio,610,57208.640318076,4171.0,14624.7902181731,-99.25281820138322,19.353199917680357
Álvaro Obregón,Centro,120.712153606108,0.942958082374351,Medio,610,0.0,4093.0,14903.493769850964,-99.28742525680762,19.319253061926528
Álvaro Obregón,Centro,121.633609259202,0.950156148432137,Bajo,610,816609.06403109,3669.0,16625.78359225947,-99.24792710952264,19.329153675673368
Álvaro Obregón,Centro,122.180091725239,0.954425064550619,Bajo,610,2029.33207737,5597.0,10898.69572985528,-99.24513125483335,19.363010286296934
Álvaro Obregón,Centro,120.375028073085,0.9403245841172,Medio,610,3459.24188065,3537.0,17246.25388747526,-99.24482024309096,19.359548779137214
Álvaro Obregón,Centro,121.151465509846,0.946389822244265,Medio,610,6334.2518732986,4280.0,14252.33644859813,-99.22507023245394,19.375463476887983
Álvaro Obregón,Centro,121.47475931743,0.948915272248558,Bajo,610,53344.3275574842,7522.0,8109.54533368785,-99.2067293682668,19.386865509041872
Álvaro Obregón,Centro,119.964581261677,0.937118327525466,Medio,610,35008.79639038,4876.0,12510.25430680886,-99.2136266530162,19.384562143743917
Álvaro Obregón,Centro,120.029381878225,0.937624525644638,Medio,610,69815.767241579,3343.0,18247.083457971883,-99.2189995223885,19.38531790687315
Álvaro Obregón,Centro,121.897617488621,0.952218481729221,Bajo,610,1235.234638762,4638.0,13152.220784821046,-99.20573504331897,19.37545528211883
Álvaro Obregón,Centro,121.612373351997,0.949990261487556,Bajo,610,0.0,2362.0,25825.571549534292,-99.2294184872254,19.35711446535959
Álvaro Obregón,Centro,123.089152723598,0.961526308213049,Bajo,610,773592.8693694479,681.0,89574.1556534508,-99.21116131576412,19.35123957631336
Álvaro Obregón,Centro,122.898511788756,0.96003709271179,Bajo,610,0.0,2279.0,26766.12549363756,-99.23270937669032,19.35780748991202
Álvaro Obregón,Centro,120.071576920408,0.937954137492944,Medio,610,63460.783756496,3889.0,15685.266135253278,-99.20590763270394,19.384059777652443
Álvaro Obregón,Centro,121.46210620393,0.948816430870238,Bajo,610,9931.861052324,6638.0,9189.514914130763,-99.22858966917843,19.37493326590735
Álvaro Obregón,Centro,122.795327216677,0.959231053524254,Bajo,610,0.0,3157.0,19322.141273360787,-99.232210483857,19.373276472951485
Álvaro Obregón,Centro,121.211579945616,0.946859413676302,Bajo,610,0.0,4574.0,13336.248360297332,-99.23478406212796,19.369343742369985
Álvaro Obregón,Centro,121.101206161785,0.945997215062195,Medio,610,0.0,3060.0,19934.64052287582,-99.234137703077,19.374161278041687
Álvaro Obregón,Centro,120.966233027838,0.944942855548617,Medio,610,2250.09363018,4748.0,12847.514743049704,-99.23255293596192,19.37742401051574
Álvaro Obregón,Centro,122.249091791148,0.954964067193598,Bajo,610,19025.543017155003,2825.0,21592.9203539823,-99.21534164080695,19.33706649683117
Álvaro Obregón,Centro,121.724832720105,0.950868751904042,Bajo,610,626.426828791,5423.0,11248.386501936197,-99.24058030132818,19.379676742899264
Álvaro Obregón,Centro,124.876374372312,0.975487413605537,Muy bajo,610,15458.302015424,3534.0,17260.89417091115,-99.24543463674556,19.372793420904287
Álvaro Obregón,Centro,122.770156618285,0.959034430247455,Bajo,610,79406.69015117001,3983.0,15315.089128797388,-99.22420902811804,19.384606203737142
Álvaro Obregón,Centro,120.344594021885,0.940086844720615,Medio,610,59605.86711890349,3788.0,16103.484688489969,-99.24861855830214,19.376890574934965
Álvaro Obregón,Centro,120.008850953734,0.93746414576068,Medio,610,0.0,2719.0,22434.718646561236,-99.20409923366712,19.376799690322542
Álvaro Obregón,Centro,122.087582946114,0.953702420654702,Bajo,610,0.0,4628.0,13180.639585133966,-99.23323859618743,19.355214416836688
Álvaro Obregón,Centro,120.350727918885,0.940134760424049,Medio,610,0.0,7215.0,8454.608454608455,-99.273030977737,19.329293650946425
Álvaro Obregón,Centro,120.087810576457,0.93808094872711,Medio,610,24729.80054129,9161.0,6658.66171815304,-99.2688644422424,19.323453922897336
Álvaro Obregón,Centro,120.062910543964,0.937886439009657,Medio,610,0.0,2659.0,22940.955246333207,-99.22492859572574,19.37975710743988
Álvaro Obregón,Centro,123.797935150914,0.967063050773896,Muy bajo,610,15248.30105186,5792.0,10531.767955801106,-99.2266445378507,19.356089412140545
Álvaro Obregón,Centro,121.575681887072,0.949703641521206,Bajo,610,44334.5176021,4896.0,12459.150326797386,-99.2201081485636,19.34818133139493
Álvaro Obregón,Centro,123.317537524327,0.963310364642374,Bajo,610,28670.34283018,13918.0,4382.813622646932,-99.21727249128602,19.342701222535997
Álvaro Obregón,Centro,120.180386125982,0.938804114208359,Medio,610,1177.7048133766,8392.0,7268.827454718779,-99.23609388142783,19.341663537553757
Álvaro Obregón,Centro,121.124309187039,0.946177687232888,Medio,610,3547.8563796450003,9888.0,6169.093851132687,-99.20764471211724,19.381741702068712
Álvaro Obregón,Centro,122.663768570996,0.958203366712733,Bajo,610,0.0,3148.0,19377.38246505718,-99.23208817417456,19.36092597978937
Álvaro Obregón,Centro,120.376387110979,0.940335200411647,Medio,610,13936.2694797,4002.0,15242.378810594704,-99.25114816895614,19.35807405831728
Álvaro Obregón,Centro,122.700562730622,0.95849078889159,Bajo,610,5757.58861732,2927.0,20840.4509736932,-99.25583493415662,19.356903964434117
Álvaro Obregón,Centro,123.573222845549,0.965307682501337,Bajo,610,899528.5220054177,12053.0,5060.980668713184,-99.2288278146332,19.337031344119563
Álvaro Obregón,Centro,122.022657862721,0.953195250247207,Bajo,610,56609.551635,9985.0,6109.163745618427,-99.27313253383092,19.33721836583324
Álvaro Obregón,Centro,121.360927262863,0.94802605892015,Bajo,610,0.0,6908.0,8830.341632889404,-99.28718321550626,19.327197280734573
Álvaro Obregón,Centro,123.975290136408,0.968448481420479,Muy bajo,610,2380.976202924,4676.0,13045.337895637296,-99.22701618282323,19.362882541047792
Álvaro Obregón,Centro,119.918541903638,0.936758685323138,Medio,610,36026.70500949,9998.0,6101.22024404881,-99.26881521889932,19.31716759737193
Álvaro Obregón,Centro,117.850885116228,0.92060692577765,Alto,610,28644.095518054,4863.0,12543.697306189593,-99.23840570609356,19.374428465142294
Tlalpan,Sur,121.096313576961,0.945958996024042,Medio,543,16377.0047350557,4628.0,11732.929991356958,-99.23892522109972,19.285435642477804
Tlalpan,Sur,122.568425294553,0.957458580786579,Bajo,543,280429.571883702,9407.0,5772.297225470395,-99.1782484608823,19.277807825474408
Tlalpan,Sur,124.181260689199,0.970057446149247,Muy bajo,543,14030.7924849019,2920.0,18595.890410958906,-99.11379925283592,19.29256384941012
Tlalpan,Sur,121.697250272063,0.950653288162111,Bajo,543,1041.29888484,3367.0,16127.116127116129,-99.17723271143664,19.30119959034642
Tlalpan,Sur,123.269352583063,0.962933961948394,Bajo,543,10133.690557099,2730.0,19890.10989010989,-99.14795899225302,19.297386220041872
Tlalpan,Sur,126.013153248983,0.984367503949444,Muy bajo,543,2541898.213616041,1813.0,29950.35852178709,-99.1926178160561,19.29992192568032
Tlalpan,Sur,121.73005438132,0.950909541563571,Bajo,543,0.0,3220.0,16863.35403726708,-99.17219326735344,19.300210961803582
Tlalpan,Sur,124.576329391538,0.973143574719029,Muy bajo,543,22633.132735247,1095.0,49589.04109589041,-99.1591386602416,19.29422955499989
Tlalpan,Sur,125.640334211412,0.981455181418215,Muy bajo,543,63275.287956550994,1691.0,32111.17681845062,-99.22488586791486,19.308177397644965
Tlalpan,Sur,123.044185044903,0.96117503756793,Bajo,543,67985.8849408012,1867.0,29084.092126405998,-99.13771940364204,19.30039945799868
Tlalpan,Sur,120.81574544318,0.943767302963305,Medio,543,14845.684020215,5418.0,10022.148394241418,-99.24120748881052,19.280336475281125
Tlalpan,Sur,124.940202097907,0.975986011865375,Muy bajo,543,10514.959603829,1902.0,28548.895899053627,-99.11584636469487,19.29923108058403
Tlalpan,Sur,121.313593401938,0.947656304546664,Bajo,543,13751.2382799,5375.0,10102.32558139535,-99.23212191936176,19.296293062863143
Tlalpan,Sur,123.699197073298,0.966291745933877,Bajo,543,730785.6452019969,3434.0,15812.463599301107,-99.21993553573542,19.303262578468257
Tlalpan,Sur,124.987112238552,0.976352456294919,Muy bajo,543,11614.011775655,1589.0,34172.435494021396,-99.10429086688048,19.29698799679479
Tlalpan,Sur,124.946641725725,0.976036315823325,Muy bajo,543,1006.708650366,1993.0,27245.358755644756,-99.1107409715462,19.297926330730498
Tlalpan,Sur,125.145549663131,0.97759011004886,Muy bajo,543,21460.8881039998,3188.0,17032.62233375157,-99.10250245480351,19.29738037444056
Tlalpan,Sur,121.65264381161,0.950304839218453,Bajo,543,11564.762344799,7264.0,7475.220264317181,-99.2395967558381,19.290752126927718
Tlalpan,Sur,121.441300089824,0.948653901308198,Bajo,543,59875.5531066989,1790.0,30335.195530726254,-99.13316403986704,19.28434599680214
Tlalpan,Sur,125.13182996935,0.977482936945308,Muy bajo,543,2322.214246964,3015.0,18009.950248756217,-99.11262751359462,19.297188940278705
Tlalpan,Sur,124.667774559771,0.973857910085465,Muy bajo,543,23992.638517728,1693.0,32073.242764323684,-99.12964115119176,19.30447483286259
Tlalpan,Sur,125.924186212432,0.983672526818524,Muy bajo,543,60807.510703919,671.0,80923.99403874813,-99.2219200905445,19.30808859946677
Tlalpan,Sur,125.988747329099,0.984176854054422,Muy bajo,543,216778.19807806,305.0,178032.7868852459,-99.18230318337172,19.301306988089067
Tlalpan,Sur,122.77796710247,0.959095442821329,Bajo,543,0.0,3264.0,16636.029411764706,-99.17464280212836,19.30048857255797
Tlalpan,Sur,121.901252296425,0.952246875484894,Bajo,543,9882.365232851,6006.0,9040.959040959042,-99.16259518400754,19.29876505784557
Tlalpan,Sur,125.771634035349,0.982480846411312,Muy bajo,543,65241.9441111884,1985.0,27355.163727959698,-99.13442837226631,19.3049126421453
Tlalpan,Sur,123.932967345432,0.968117871646506,Muy bajo,543,14466.320616964,1162.0,46729.77624784854,-99.22980283032064,19.30420792963725
Tlalpan,Sur,125.485853097816,0.980248432882227,Muy bajo,543,795238.9502952492,1962.0,27675.840978593274,-99.21440517651196,19.301719714184102
Tlalpan,Sur,124.704316267548,0.974143360205129,Muy bajo,543,30156.0721903569,4266.0,12728.551336146274,-99.10756530250396,19.29588588771793
Tlalpan,Sur,124.896827175509,0.975647183235242,Muy bajo,543,2558488.074533411,3097.0,17533.09654504359,-99.2014977365196,19.301138448391324
Tlalpan,Sur,123.181805163615,0.962250074333989,Bajo,543,42573.258961417,2844.0,19092.82700421941,-99.15199679517067,19.294360945720527
Tlalpan,Sur,117.716957635663,0.919560734516223,Alto,543,0.0,4752.0,11426.767676767677,-99.24218261295609,19.26758134194706
Tlalpan,Sur,126.381870148646,0.987247782117456,Muy bajo,543,3391.07586224,4856.0,11182.042833607908,-99.15068214982942,19.25697873763913
Tlalpan,Sur,124.620687600999,0.973490084419016,Muy bajo,543,3187.233087697,681.0,79735.68281938326,-99.12748242881592,19.294651323796103
Tlalpan,Sur,120.04032652836,0.937710021147748,Medio,543,0.0,71.0,764788.7323943662,-99.19437688897342,19.22407101287522
Tlalpan,Sur,124.884462633062,0.975550596065789,Muy bajo,543,3266.92554903,1884.0,28821.656050955415,-99.11790167885412,19.297295105315783
Tlalpan,Sur,122.415887493193,0.95626701267713,Bajo,543,0.0,5723.0,9488.03075310152,-99.19966220171548,19.279526749162358
Tlalpan,Sur,122.304254201618,0.955394975260783,Bajo,543,14273.933476965,769.0,70611.1833550065,-99.16887532973742,19.290803889516525
Tlalpan,Sur,124.166265342308,0.969940308121908,Muy bajo,543,26895.466937707,3367.0,16127.116127116129,-99.12171847400371,19.2950957436613
Tlalpan,Sur,125.017987407773,0.976593641540076,Muy bajo,543,1997.9377303614,2381.0,22805.54388912222,-99.12746650309322,19.290059273090435
Tlalpan,Sur,123.556909839031,0.965180251411052,Bajo,543,1076.759053751,2352.0,23086.73469387755,-99.17107930553794,19.28526470234745
Tlalpan,Sur,121.606345209551,0.949943171899047,Bajo,543,20534.214000908,1858.0,29224.97308934338,-99.16115005792612,19.28654635162369
Tlalpan,Sur,123.156079721806,0.962049116828457,Bajo,543,39913.282621926,3668.0,14803.70774263904,-99.13487542902448,19.291625807835548
Tlalpan,Sur,123.042510495281,0.961161956614162,Bajo,543,0.0,2514.0,21599.045346062052,-99.22150401443872,19.28778105815722
Tlalpan,Sur,122.348838489199,0.955743250998272,Bajo,543,15633.308161818,935.0,58074.866310160425,-99.16330156262488,19.29365250085215
Tlalpan,Sur,124.010907187948,0.968726708472327,Muy bajo,543,32601.4152942738,2154.0,25208.91364902507,-99.15656889847578,19.290617378772463
Tlalpan,Sur,124.209936924052,0.970281454143629,Muy bajo,543,5378.214043729,3323.0,16340.656033704485,-99.1284520753278,19.292247236233635
Tlalpan,Sur,124.536919954315,0.972835722972198,Muy bajo,543,25871.379183175,1730.0,31387.28323699422,-99.1202272300514,19.288970078900046
Tlalpan,Sur,124.782611518015,0.974754973344603,Muy bajo,543,19443.35643494,2229.0,24360.699865410497,-99.12371927689117,19.28746155512481
Tlalpan,Sur,121.869796666185,0.952001155895894,Bajo,543,5046.2106916600005,3627.0,14971.050454921422,-99.22732769152134,19.28127880688114
Tlalpan,Sur,120.836043300431,0.943925862213374,Medio,543,32378.670055399,3260.0,16656.44171779141,-99.2235165452206,19.281603883306957
Tlalpan,Sur,121.85185770204,0.951861023434296,Bajo,543,22379.78811888,2361.0,22998.729351969505,-99.22031405582726,19.281460375332298
Tlalpan,Sur,123.832733246404,0.967334880448151,Muy bajo,543,5746.074341643,2339.0,23215.04916631039,-99.21708456798612,19.280862384798255
Tlalpan,Sur,124.794720499472,0.974849564167422,Muy bajo,543,0.0,1138.0,47715.28998242531,-99.21306502542436,19.28360310914069
Tlalpan,Sur,123.150765461936,0.962007603822955,Bajo,543,9929.17854413,4651.0,11674.908621801764,-99.21139593013666,19.280102260449603
Tlalpan,Sur,122.90788016321,0.960110274940308,Bajo,543,2496027.524209813,4587.0,11837.802485284501,-99.1996381768215,19.284053168833
Tlalpan,Sur,123.985812132527,0.968530675308892,Muy bajo,543,10560.493078828,1884.0,28821.656050955415,-99.17748812847236,19.29389204634757
Tlalpan,Sur,121.881535485576,0.952092855151452,Bajo,543,3683.529349909,3257.0,16671.783850168868,-99.22802222542192,19.286519768524236
Tlalpan,Sur,122.888832618726,0.959961482664769,Bajo,543,0.0,3105.0,17487.92270531401,-99.2250067223925,19.288204392978425
Tlalpan,Sur,123.661874923851,0.966000199296511,Bajo,543,0.0,1833.0,29623.567921440263,-99.21743766132153,19.287480524523016
Tlalpan,Sur,121.120078826775,0.946144641244696,Medio,543,2476338.35348,1039.0,52261.79018286814,-99.21333011921207,19.288248171240543
Tlalpan,Sur,123.348099995086,0.963549107204402,Bajo,543,5237.179448642,1570.0,34585.987261146496,-99.1771745388842,19.290267685610814
Tlalpan,Sur,121.943800538477,0.952579246398138,Bajo,543,6348.234703766,2064.0,26308.139534883725,-99.1236319959786,19.29053666387597
Tlalpan,Sur,124.175038267335,0.970008838922773,Muy bajo,543,9741.319019544,3144.0,17270.992366412214,-99.17780118481431,19.283755967539022
Tlalpan,Sur,123.295027960756,0.96313452837183,Bajo,543,30594.712838002,1631.0,33292.45861434702,-99.17151206581268,19.28234984856453
Tlalpan,Sur,123.769307251925,0.966839420361165,Muy bajo,543,21187.56700193,695.0,78129.4964028777,-99.13885619406538,19.284913301629413
Tlalpan,Sur,124.795566444698,0.974856172374333,Muy bajo,543,23263.799994306,3038.0,17873.601053324557,-99.1652676727482,19.28086069873503
Tlalpan,Sur,122.02049270104,0.95317833681599,Bajo,543,741108.2069740901,1194.0,45477.38693467337,-99.1596074205426,19.28212483515293
Tlalpan,Sur,122.14297140856,0.95413509455516,Bajo,543,12480.84020173,5346.0,10157.12682379349,-99.16594269202766,19.270390572027605
Tlalpan,Sur,125.186835218728,0.977912617328966,Muy bajo,543,101171.918181,1070.0,50747.66355140186,-99.17318990834134,19.27833421725688
Tlalpan,Sur,126.037068958708,0.984554324506507,Muy bajo,543,957.535231004,977.0,55578.30092118731,-99.17138609646403,19.27959793655647
Tlalpan,Sur,123.070935435706,0.961384001590697,Bajo,543,8752.842077917001,3069.0,17693.059628543502,-99.17062163150398,19.27776789045397
Tlalpan,Sur,122.988129319601,0.960737151260229,Bajo,543,0.0,4921.0,11034.34261328998,-99.17519229256638,19.273696355849395
Tlalpan,Sur,122.928703768489,0.960272941136835,Bajo,543,2950.3353094530003,305.0,178032.7868852459,-99.18412693676405,19.266922254099
Tlalpan,Sur,121.322808143384,0.947728286651724,Bajo,543,3391.07586224,3254.0,16687.15427166564,-99.16765309911,19.26577208351211
Tlalpan,Sur,121.132384991218,0.946240772387076,Medio,543,14758.979215549998,4700.0,11553.191489361703,-99.23004969606988,19.271783696143025
Tlalpan,Sur,122.593416001208,0.95765379881658,Bajo,543,31106.2156008,4546.0,11944.56665200176,-99.19007425798507,19.28364252348098
Tlalpan,Sur,122.649615884808,0.958092811234856,Bajo,543,0.0,4691.0,11575.357066723513,-99.15747098379792,19.27030074045544
Tlalpan,Sur,122.831272350574,0.959511843432457,Bajo,543,0.0,6515.0,8334.612432847276,-99.15178551221584,19.26834252690338
Tlalpan,Sur,114.715675482682,0.896115843682165,Muy alto,543,0.0,785.0,69171.97452229299,-99.19509107646444,19.21204894935182
Tlalpan,Sur,117.080254720941,0.914587050081205,Alto,543,0.0,357.0,152100.84033613445,-99.2229826340919,19.21340897768598
Tlalpan,Sur,125.035452791929,0.976730074572374,Muy bajo,543,2537447.0986075173,2219.0,24470.482199188824,-99.20047820822784,19.292575450957067
Tlalpan,Sur,122.536313135257,0.957207732638769,Bajo,543,45259.580652636,11014.0,4930.08897766479,-99.2095795889742,19.271036376929644
Tlalpan,Sur,121.72644441576,0.95088134186619,Bajo,543,3391.07586224,6035.0,8997.51449875725,-99.16125406847132,19.267355993933243
Tlalpan,Sur,124.361646781799,0.971466554668011,Muy bajo,543,31849.111872188,2254.0,24090.5057675244,-99.16346840491109,19.27383348830048
Tlalpan,Sur,122.587902751262,0.957610731375228,Bajo,543,3594.459152044,3220.0,16863.35403726708,-99.23193719104982,19.291197037691507
Tlalpan,Sur,118.198766687905,0.923324446175736,Alto,543,0.0,1665.0,32612.61261261261,-99.1741657121793,19.132141181580813
Tlalpan,Sur,123.005804453412,0.96087522277819,Bajo,543,66130.553755828,434.0,125115.20737327189,-99.18264813101952,19.29755820763914
Tlalpan,Sur,121.623015901953,0.950073397097343,Bajo,543,13605.01449278,5328.0,10191.441441441442,-99.23095608399136,19.27654794849845
Tlalpan,Sur,122.926362663509,0.960254653302539,Bajo,543,251.6258572983,1255.0,43266.93227091634,-99.1778314943391,19.297302245969718
Tlalpan,Sur,121.604247747579,0.94992678731258,Bajo,543,10029.5811646,6902.0,7867.284844972472,-99.20554827896248,19.279335747032263
Tlalpan,Sur,121.674728695844,0.950477358053261,Bajo,543,0.0,5300.0,10245.283018867925,-99.17864945052968,19.25539797448695
Tlalpan,Sur,122.635077380781,0.957979241892677,Bajo,543,16295.024221857,3716.0,14612.48654467169,-99.21436143935114,19.274713134559768
Tlalpan,Sur,121.72819808798,0.95089504089602,Bajo,543,32920.208638275,4658.0,11657.363675397166,-99.22281680792612,19.27612193776501
Tlalpan,Sur,121.078525804798,0.945820044617518,Medio,543,0.0,1883.0,28836.962294211367,-99.18849900673614,19.25075501687185
Tlalpan,Sur,122.52010453773,0.957081117152377,Bajo,543,8485.0791408763,3857.0,14078.299196266527,-99.23721463584737,19.280111781244177
Tlalpan,Sur,125.079913186728,0.977077382505913,Muy bajo,543,26389.972779448,1353.0,40133.0376940133,-99.1349997300025,19.295430409107645
Tlalpan,Sur,121.707006570135,0.950729500704476,Bajo,543,11658.982074174,4311.0,12595.685455810717,-99.23527491974242,19.289819498335085
Tlalpan,Sur,121.256783946616,0.947212530382662,Bajo,543,9004.7560396226,4664.0,11642.36706689537,-99.1308624399293,19.28897849011599
Tlalpan,Sur,122.715138854774,0.958604652108077,Bajo,543,8227.72090827,3244.0,16738.594327990137,-99.16889886373257,19.30046733141504
Tlalpan,Sur,118.586712806913,0.926354935795181,Alto,543,18231.08384724,1681.0,32302.201070791198,-99.12651882816036,19.28670815509384
Tlalpan,Sur,125.547657415697,0.980731225039695,Muy bajo,543,0.0,1093.0,49679.78042086002,-99.12481310451264,19.288982578355437
Tlalpan,Sur,122.114176248553,0.953910157562073,Bajo,543,0.0,3896.0,13937.371663244352,-99.23108947571184,19.280046643566084
Tlalpan,Sur,125.037684682649,0.976747509265827,Muy bajo,543,22815.7533375929,1868.0,29068.52248394004,-99.13296440165644,19.299043214817225
Tlalpan,Sur,124.937130917566,0.975962020956112,Muy bajo,543,0.0,576.0,94270.83333333334,-99.1260072588222,19.29873810816517
Tlalpan,Sur,121.5189884329,0.94926077351469,Bajo,543,0.0,4009.0,13544.524819156897,-99.22243173484598,19.294044838789144
Tlalpan,Sur,122.224776737314,0.954774127110092,Bajo,543,2476338.35348,2923.0,18576.80465275402,-99.2167552647421,19.292861907245012
Tlalpan,Sur,123.934228511755,0.96812772340494,Muy bajo,543,4182.718050958,4479.0,12123.241795043536,-99.18186775575674,19.292333925796743
Tlalpan,Sur,124.653167086454,0.973743801981049,Muy bajo,543,25930.9474828229,3761.0,14437.649561286891,-99.12829708466424,19.300237883901648
Tlalpan,Sur,119.848251096909,0.936209599896843,Medio,543,0.0,3496.0,15532.036613272312,-99.20869919014396,19.22588152359045
Tlalpan,Sur,122.916497460077,0.960177590032336,Bajo,543,9397.74061971,3406.0,15942.454492072813,-99.231537408224,19.28560724847196
Tlalpan,Sur,122.599454651742,0.957700970490331,Bajo,543,871.427998358,3477.0,15616.911130284727,-99.23438135468795,19.281065998638635
Tlalpan,Sur,123.895611649635,0.967826062957639,Muy bajo,543,8369.092382151,4048.0,13414.03162055336,-99.1372655664968,19.28914944929842
Tlalpan,Sur,124.557696131539,0.972998018678544,Muy bajo,543,1947.318624635,2820.0,19255.31914893617,-99.1211756641418,19.29248820948249
Tlalpan,Sur,125.728054498678,0.982140419411197,Muy bajo,543,14852.064532686,938.0,57889.12579957356,-99.11757732961968,19.290834381164167
Tlalpan,Sur,124.102824894509,0.969444735131004,Muy bajo,543,6886.710191558,1529.0,35513.4074558535,-99.16761801125244,19.286986426166308
Tlalpan,Sur,122.347155001763,0.955730100225652,Bajo,543,34216.797434772,3913.0,13876.82085356504,-99.16978973340257,19.27377139197332
Tlalpan,Sur,123.445285988404,0.964308287743851,Bajo,543,41440.3066942,3328.0,16316.105769230768,-99.17422295348332,19.27021370634669
Tlalpan,Sur,122.486998967733,0.95682250885265,Bajo,543,28585.724366424,5990.0,9065.108514190317,-99.17830455633656,19.267418544515184
Tlalpan,Sur,122.850598894377,0.959662815146066,Bajo,543,0.0,3591.0,15121.136173767753,-99.22840655190848,19.294067217780555
Tlalpan,Sur,121.577162030527,0.949715203846885,Bajo,543,0.0,4837.0,11225.966508166219,-99.22562786169792,19.295161247480696
Tlalpan,Sur,125.456869555013,0.98002202431337,Muy bajo,543,17541.2934471635,1875.0,28960.000000000004,-99.18725029231273,19.29747271712886
Tlalpan,Sur,121.682775361051,0.950540215584719,Bajo,543,0.0,7052.0,7699.943278502552,-99.20217717211202,19.26475816231332
Tlalpan,Sur,124.778619798288,0.974723791526808,Muy bajo,543,730910.183574,1405.0,38647.68683274021,-99.15441541622796,19.27675333540174
Tlalpan,Sur,123.638818384867,0.965820090259127,Bajo,543,70133.83531066599,2529.0,21470.93712930012,-99.18737066863996,19.27929954994793
Tlalpan,Sur,124.335334541934,0.971261013316087,Muy bajo,543,0.0,1778.0,30539.932508436446,-99.15987247231678,19.274314398869706
Tlalpan,Sur,118.759160276551,0.927702030767996,Medio,543,0.0,4151.0,13081.185256564684,-99.14578726180152,19.20053423503673
Tlalpan,Sur,117.64007119044,0.918960126435076,Alto,543,0.0,1924.0,28222.45322245322,-99.16113690660254,19.20866587184231
Tlalpan,Sur,122.450884762163,0.956540398219928,Bajo,543,15750.75503515,3878.0,14002.062919030428,-99.21803075971008,19.275538544789622
Tlalpan,Sur,125.741825841651,0.982247995978869,Muy bajo,543,738813.269464407,2730.0,19890.10989010989,-99.16202521936282,19.27778352546402
Tlalpan,Sur,125.039192056167,0.97675928430255,Muy bajo,543,0.0,1424.0,38132.02247191011,-99.11630238526575,19.29549274882095
Tlalpan,Sur,122.886635395492,0.959944318780719,Bajo,543,2498126.4353157,5279.0,10286.039022542149,-99.20638949598336,19.283848182975355
Tlalpan,Sur,120.409068559703,0.940590495635013,Medio,543,64033.498787798,4101.0,13240.673006583762,-99.1877210596883,19.2600680248642
Tlalpan,Sur,120.584324040664,0.94195952573941,Medio,543,0.0,1532.0,35443.864229765015,-99.17608579830755,19.137001428809437
Tlalpan,Sur,119.474467201826,0.93328974026051,Medio,543,0.0,7452.0,7286.634460547504,-99.20005729592624,19.21943835477517
Tlalpan,Sur,123.007928717395,0.96089181673192,Bajo,543,14400.8533348917,1458.0,37242.79835390947,-99.16706539564063,19.29466075617629
Tlalpan,Sur,122.785548786499,0.959154668094175,Bajo,543,0.0,65.0,835384.6153846155,-99.19369576851406,19.230007437931416
Tlalpan,Sur,113.622714266263,0.887578040470504,Muy alto,543,0.0,153.0,354901.96078431373,-99.1828252510011,19.24126386846398
Tlalpan,Sur,120.950941168479,0.944823401277058,Medio,543,0.0,3741.0,14514.835605453089,-99.18065421547134,19.24653213010224
Tlalpan,Sur,124.060842157696,0.969116781732646,Muy bajo,543,41086.412045067,5607.0,9684.323167469234,-99.1941695073704,19.282514735798166
Tlalpan,Sur,119.774504150785,0.935633516405492,Medio,543,5314.89151596,8186.0,6633.276325433667,-99.24130748872908,19.275657196427364
Tlalpan,Sur,118.819621242912,0.928174329167081,Medio,543,0.0,505.0,107524.75247524753,-99.2038336386537,19.23441020505861
Tlalpan,Sur,117.302983525015,0.916326923985404,Alto,543,0.0,1773.0,30626.05752961083,-99.21877265776364,19.224836393219167
Tlalpan,Sur,118.592011601966,0.926396327995334,Alto,543,0.0,6579.0,8253.533971728226,-99.204040006884,19.2302000408988
Tlalpan,Sur,119.002223651291,0.929600750713695,Medio,543,0.0,1406.0,38620.19914651494,-99.19525689457016,19.22942830098628
Tlalpan,Sur,118.366109250325,0.924631663527469,Alto,543,0.0,5746.0,9450.052210233207,-99.17927419931026,19.238212814749115
Tlalpan,Sur,120.896968180558,0.944401784532847,Medio,543,0.0,238.0,228151.26050420167,-99.21888306958868,19.21144558178409
Tlalpan,Sur,118.544045052753,0.926021631298168,Alto,543,0.0,1732.0,31351.039260969977,-99.22905424046824,19.26460612828143
Tlalpan,Sur,115.633766676703,0.90328762784719,Alto,543,0.0,5838.0,9301.130524152108,-99.14233117453666,19.20612273992974
Tlalpan,Sur,122.415431144986,0.956263447856042,Bajo,543,0.0,2859.0,18992.65477439664,-99.1987850392312,19.27292211815556
Tlalpan,Sur,123.369363792515,0.963715212016956,Bajo,543,8227.72090827,2841.0,19112.9883843717,-99.17038244796947,19.297397810405727
Tlalpan,Sur,124.111316758428,0.969511070387873,Muy bajo,543,586.2426599831,2232.0,24327.956989247312,-99.17190480924884,19.295453045891826
Tlalpan,Sur,124.972183314317,0.976235837136462,Muy bajo,543,200155.8773512835,5214.0,10414.26927502877,-99.18203955175214,19.284940362249856
Tlalpan,Sur,120.399705128643,0.940517352022437,Medio,543,0.0,5341.0,10166.63546152406,-99.23954284622684,19.271847166867783
Tlalpan,Sur,120.53094540924,0.941542551885293,Medio,543,0.0,5793.0,9373.381667529777,-99.23357683492574,19.271758938028988
Tlalpan,Sur,121.772695864966,0.951242640845185,Bajo,543,0.0,4455.0,12188.552188552188,-99.23712219644004,19.268129515031973
Tlalpan,Sur,121.625676715593,0.950094182375812,Bajo,543,2476338.35348,3968.0,13684.475806451612,-99.18660680194384,19.286410386823107
Tlalpan,Sur,122.974341805911,0.960629448372977,Bajo,543,2476338.35348,3407.0,15937.77516877018,-99.18339156344324,19.28886025554049
Tlalpan,Sur,119.354403532109,0.932351847891121,Medio,543,0.0,6664.0,8148.259303721489,-99.1836633337226,19.27658130825977
Tlalpan,Sur,125.329020801304,0.97902331778689,Muy bajo,543,6216.3670510337,2803.0,19372.10132001427,-99.1218035932147,19.300770782039333
Tlalpan,Sur,125.702724986888,0.981942554762508,Muy bajo,543,1375.6882615688,1080.0,50277.777777777774,-99.12229830328124,19.298092552107374
Tlalpan,Sur,123.555726423299,0.965171007011082,Bajo,543,794126.9893022672,13974.0,3885.7878917990556,-99.14804780066255,19.27515652629945
Tlalpan,Sur,121.480989151196,0.948963937374034,Bajo,543,0.0,3299.0,16459.533191876326,-99.1929042406772,19.2717230506386
Tlalpan,Sur,121.443474502494,0.948670887004669,Bajo,543,4378.2967162,7153.0,7591.22046693695,-99.186010651382,19.27290248105632
Tlalpan,Sur,123.601900579974,0.965531702209811,Bajo,543,28609.0024803322,3668.0,14803.70774263904,-99.14216120889616,19.29679472853824
Tlalpan,Sur,125.092049362424,0.977172185759934,Muy bajo,543,23268.08135918,1952.0,27817.62295081967,-99.14466196710733,19.29045316009173
Tlalpan,Sur,125.065991537989,0.976968631805954,Muy bajo,543,55540.984160988,2808.0,19337.60683760684,-99.14280284215388,19.292746329877318
Tlalpan,Sur,121.939547595137,0.952546023999425,Bajo,543,21552.57646758,142.0,382394.3661971831,-99.14921869119328,19.28959813217672
Tlalpan,Sur,123.205035756814,0.962431543017642,Bajo,543,84769.79915536,2639.0,20575.97574838954,-99.14407592489476,19.286365970454963
Tlalpan,Sur,124.619418799921,0.973480173020733,Muy bajo,543,833018.841392352,221.0,245701.35746606337,-99.15130025422772,19.28617938333852
Tlalpan,Sur,122.053906974062,0.953439356587999,Bajo,543,38324.299195533,5592.0,9710.30042918455,-99.21937339833292,19.270366112694912
Tlalpan,Sur,121.380665577271,0.948180247231333,Bajo,543,22029.021321617,5884.0,9228.416043507817,-99.22609406332296,19.268781300061985
Tlalpan,Sur,121.839393573245,0.951763658333633,Bajo,543,13400.14890449,6749.0,8045.636390576381,-99.22596914977336,19.27312844393882
Tlalpan,Sur,122.109145308923,0.953870857748051,Bajo,543,44774.64829926,5014.0,10829.676904666932,-99.19005097973124,19.27645234431745
Tlalpan,Sur,121.651564486306,0.950296407933877,Bajo,543,0.0,4485.0,12107.023411371238,-99.1872389639848,19.27047713252655
Tlalpan,Sur,114.526523080584,0.894638256040564,Muy alto,543,0.0,2997.0,18118.118118118116,-99.17921973683444,19.211036470464677
Tlalpan,Sur,124.224449962233,0.970394824556163,Muy bajo,543,10786.307992014,2082.0,26080.691642651298,-99.14325069432894,19.27887132587556
Tlalpan,Sur,119.697337268951,0.935030717658699,Medio,543,0.0,2522.0,21530.53132434576,-99.1441018546348,19.244148699606438
Tlalpan,Sur,118.933548394513,0.92906428535786,Medio,543,0.0,1747.0,31081.854607899255,-99.20870987521184,19.211797053771072
Tlalpan,Sur,118.912915730018,0.928903110719141,Medio,543,0.0,6957.0,7805.088400172489,-99.20790334845542,19.217897822575203
Tlalpan,Sur,118.298936976525,0.92410693891111,Alto,543,0.0,3975.0,13660.377358490567,-99.15558046898394,19.202038626288346
Tlalpan,Sur,117.366888972731,0.916826129381311,Alto,543,0.0,1369.0,39663.98831263696,-99.15979302256883,19.19431423506169
Tlalpan,Sur,111.981678401798,0.874758883611515,Muy alto,543,0.0,301.0,180398.6710963455,-99.17949002130436,19.217057630888345
Tlalpan,Sur,112.528304021056,0.879028917989279,Muy alto,543,0.0,2553.0,21269.095182138662,-99.18664460408318,19.215048719217524
Tlalpan,Sur,121.39530108523,0.948294574331854,Bajo,543,5096.5211716445,5374.0,10104.205433569035,-99.22269357808764,19.30215890744436
Tlalpan,Sur,122.454452748869,0.956568269994243,Bajo,543,8234.8088179725,3739.0,14522.599625568333,-99.22739805946456,19.30168518789022
Tlalpan,Sur,117.397874046644,0.917068173160713,Alto,543,0.0,3200.0,16968.75,-99.16014564062134,19.21291027401255
Tlalpan,Sur,121.431260548393,0.94857547617491,Bajo,543,16915.96796874,7701.0,7051.032333463187,-99.16886433120057,19.261030437600404
Tlalpan,Sur,119.540572986403,0.933806133862945,Medio,543,0.0,5835.0,9305.912596401027,-99.16769067972452,19.242549649014336
Tlalpan,Sur,121.415605523927,0.948453184993711,Bajo,543,0.0,8368.0,6489.005736137668,-99.16899663894344,19.25380057301643
Tlalpan,Sur,121.734761257242,0.950946309913402,Bajo,543,0.0,4273.0,12707.69950854201,-99.16339753027584,19.249039902041563
Tlalpan,Sur,120.519770830667,0.94145526026744,Medio,543,0.0,7425.0,7313.131313131313,-99.15870756013204,19.24638361605693
Tlalpan,Sur,115.76666273513,0.904325762025614,Alto,543,0.0,1380.0,39347.82608695652,-99.16308702455574,19.2293402539928
Tlalpan,Sur,116.463954909499,0.909772747038766,Alto,543,0.0,6970.0,7790.530846484936,-99.13448612208676,19.201133298094085
Tlalpan,Sur,118.143612436838,0.922893601846751,Alto,543,0.0,3550.0,15295.774647887325,-99.16312721442851,19.2348631685258
Tlalpan,Sur,119.843046243159,0.936168941530936,Medio,543,0.0,638.0,85109.71786833856,-99.1665510222178,19.22837740953013
Tlalpan,Sur,117.703964644892,0.919459238144106,Alto,543,0.0,6711.0,8091.193562807331,-99.17405478976782,19.2316969552684
Tlalpan,Sur,113.25406398175,0.884698282675071,Muy alto,543,0.0,264.0,205681.81818181818,-99.18178616927004,19.231906757611476
Tlalpan,Sur,115.54210660496,0.902571613735117,Alto,543,0.0,9291.0,5844.3655150145305,-99.14563192998874,19.192184128418067
Tlalpan,Sur,118.540636485147,0.925995004846084,Alto,543,0.0,4369.0,12428.473334859236,-99.1418531019945,19.1986025755426
Tlalpan,Sur,115.360811354196,0.901155403213667,Alto,543,0.0,915.0,59344.262295081964,-99.15800919127572,19.225359294627843
Tlalpan,Sur,120.876610313939,0.944242756512102,Medio,543,0.0,10407.0,5217.641971749784,-99.15339429711324,19.23600415533486
Xochimilco,Sur,116.91052784696,0.913261207381559,Alto,336,0.0,1161.0,28940.568475452194,-99.11724651515016,19.19666785316257
Xochimilco,Sur,120.277215627872,0.939560509970436,Medio,336,177.696017961,269.0,124907.06319702603,-99.00847267466042,19.252068891086413
Xochimilco,Sur,122.697930002386,0.958470223005767,Bajo,336,11100.21325091,2947.0,11401.425178147269,-99.01107566122948,19.251698636186088
Xochimilco,Sur,122.208022016813,0.954643245515796,Bajo,336,96803.608096926,6729.0,4993.3125278644675,-99.12049578358408,19.283435273421222
Xochimilco,Sur,122.278040147869,0.955190200901977,Bajo,336,0.0,698.0,48137.53581661891,-99.01235933013876,19.24684042617714
Xochimilco,Sur,118.410725779711,0.924980191125859,Alto,336,0.0,2154.0,15598.885793871867,-99.1324057450787,19.23839393291249
Xochimilco,Sur,124.639876510784,0.973639980987286,Muy bajo,336,146313.751692,1228.0,27361.56351791531,-99.11958846146764,19.261106620878586
Xochimilco,Sur,123.674833622278,0.966101427789697,Bajo,336,3254.198433797,2233.0,15047.021943573669,-99.11938006777928,19.26900635488292
Xochimilco,Sur,124.793244616203,0.974838035120712,Muy bajo,336,7572.63241231,1719.0,19546.247818499127,-99.112775805782,19.280539348746395
Xochimilco,Sur,124.711609583725,0.974200332856438,Muy bajo,336,47271.243927006,2045.0,16430.31784841076,-99.11641929550282,19.256476669968176
Xochimilco,Sur,125.107576631716,0.97729347896562,Muy bajo,336,7140.541466320001,2068.0,16247.582205029012,-99.11620075203544,19.27865643283308
Xochimilco,Sur,122.845530002199,0.95962321886098,Bajo,336,118170.397033497,3253.0,10328.927144174608,-99.12568323475074,19.27181936455912
Xochimilco,Sur,123.6901463568,0.966221045130199,Bajo,336,12815.15314894,4032.0,8333.333333333332,-99.1241809114113,19.27699305110628
Xochimilco,Sur,121.369901819608,0.948096164792393,Bajo,336,86353.0036686,7212.0,4658.901830282862,-99.11780772798704,19.285482245431435
Xochimilco,Sur,123.281769069385,0.96303095488392,Bajo,336,3101.24850342,4240.0,7924.528301886792,-99.12054482659904,19.27828001573016
Xochimilco,Sur,125.435718852906,0.979856802959062,Muy bajo,336,153196.535955389,766.0,43864.22976501306,-99.1206703942552,19.258467216587466
Xochimilco,Sur,124.203170830201,0.97022859995544,Muy bajo,336,196345.50325306,566.0,59363.95759717315,-99.12286136122076,19.26267292935501
Xochimilco,Sur,124.65072523,0.973724727114017,Muy bajo,336,10461.929585876002,2986.0,11252.511721366376,-99.10804172089476,19.283033885282627
Xochimilco,Sur,123.935653140365,0.968138852069476,Muy bajo,336,4942.428922383,2878.0,11674.774148714385,-99.11743265231422,19.26094876829745
Xochimilco,Sur,113.746509203899,0.888545080105816,Muy alto,336,0.0,913.0,36801.752464403064,-99.08820509088042,19.262984447671403
Xochimilco,Sur,120.429478912867,0.940749933660972,Medio,336,0.0,424.0,79245.28301886794,-99.11387527885508,19.221775217281444
Xochimilco,Sur,117.599846682674,0.918645907662782,Alto,336,0.0,3227.0,10412.147505422992,-99.081893614628,19.254003012617524
Xochimilco,Sur,121.009907907851,0.945284027335179,Medio,336,1448.97981986,8341.0,4028.2939695480154,-99.02504771032766,19.25012553467212
Xochimilco,Sur,117.042502431194,0.914292143349102,Alto,336,0.0,2133.0,15752.461322081575,-99.02010387235345,19.242373389934784
Xochimilco,Sur,119.609655400304,0.934345779777565,Medio,336,0.0,2156.0,15584.415584415585,-99.03417925676628,19.24753225544705
Xochimilco,Sur,123.635857148281,0.96579695818925,Bajo,336,493372.0414994211,2374.0,14153.327716933445,-99.11109001170198,19.250011592225945
Xochimilco,Sur,117.939686983635,0.921300612669148,Alto,336,9500.85369255,2160.0,15555.555555555557,-99.0924171322929,19.231822330500385
Xochimilco,Sur,121.059834757173,0.945674037161771,Medio,336,0.0,3457.0,9719.409892970785,-99.102005299915,19.25699255746232
Xochimilco,Sur,121.847933795276,0.951830371345943,Bajo,336,0.0,754.0,44562.334217506635,-99.1174282362266,19.225061831260675
Xochimilco,Sur,117.857357762791,0.920657487665647,Alto,336,0.0,934.0,35974.304068522484,-99.0632286592392,19.260734970421098
Xochimilco,Sur,115.873898290064,0.905163445972277,Alto,336,0.0,648.0,51851.85185185185,-99.05989823990612,19.26082515584182
Xochimilco,Sur,111.621939692981,0.871948739703975,Muy alto,336,0.0,4557.0,7373.271889400921,-99.08762532874024,19.22581738575258
Xochimilco,Sur,122.033194334128,0.953277557211131,Bajo,336,2561.64239595,3126.0,10748.56046065259,-99.10151233839,19.21610087406881
Xochimilco,Sur,109.119872779676,0.852403531139136,Muy alto,336,0.0,867.0,38754.32525951557,-99.0940731804966,19.221657721246185
Xochimilco,Sur,121.295932944376,0.947518347674063,Bajo,336,0.0,1151.0,29192.006950477844,-99.11350336799954,19.232020006356212
Xochimilco,Sur,118.323662109979,0.924300082382851,Alto,336,0.0,2212.0,15189.87341772152,-99.07951260357838,19.253030653550155
Xochimilco,Sur,120.271953404591,0.939519403455259,Medio,336,0.0,107.0,314018.69158878503,-99.09610033592872,19.226128679501777
Xochimilco,Sur,117.265019739667,0.916030365128966,Alto,336,9151.801901164,202.0,166336.63366336632,-99.10403926516418,19.28342212875292
Xochimilco,Sur,120.795410785641,0.943608456243187,Medio,336,0.0,691.0,48625.180897250364,-99.07221766595065,19.258097184854364
Xochimilco,Sur,120.839353760306,0.943951722284641,Medio,336,2927.260075963,9781.0,3435.231571413966,-99.01783890125832,19.24731062813477
Xochimilco,Sur,122.144698193588,0.954148583552336,Bajo,336,4034.704614503,3162.0,10626.18595825427,-99.01475083038171,19.254228027712006
Xochimilco,Sur,116.925359476001,0.913377066506436,Alto,336,1573.805377337,11635.0,2887.8384185646755,-99.06522239251056,19.244572297731043
Xochimilco,Sur,119.804979334162,0.935871577111218,Medio,336,0.0,1243.0,27031.375703942074,-99.12245259645852,19.213184993679334
Xochimilco,Sur,120.180858187567,0.938807801776456,Medio,336,7852.97775728,3864.0,8695.652173913044,-99.1228462097556,19.197772820184472
Xochimilco,Sur,114.753960423454,0.896414911284351,Muy alto,336,0.0,2606.0,12893.323100537222,-99.12828047435504,19.204393529557443
Xochimilco,Sur,117.74484026198,0.919778543138287,Alto,336,0.0,323.0,104024.76780185758,-99.01771850383142,19.239801721747455
Xochimilco,Sur,121.516768868453,0.94924343510947,Bajo,336,0.0,2101.0,15992.384578772013,-99.10208174352158,19.223506277148008
Xochimilco,Sur,118.268188553192,0.923866743757303,Alto,336,0.0,1530.0,21960.78431372549,-99.099505329639,19.2293298359936
Xochimilco,Sur,116.589281846315,0.91075175407724,Alto,336,0.0,2325.0,14451.612903225809,-99.09500283705412,19.228150595500548
Xochimilco,Sur,122.119835168091,0.953954362919658,Bajo,336,0.0,880.0,38181.818181818184,-99.11995644695448,19.254811348032263
Xochimilco,Sur,120.033717081551,0.937658390627519,Medio,336,71633.611526911,11447.0,2935.266882152529,-99.03496658552324,19.25319938527177
Xochimilco,Sur,115.6293846119,0.90325339680003,Alto,336,0.0,2840.0,11830.985915492958,-99.08677186781884,19.236785725723347
Xochimilco,Sur,121.613246780491,0.94999708438346,Bajo,336,0.0,1860.0,18064.516129032258,-99.13837247814196,19.26222611574028
Xochimilco,Sur,120.930720619985,0.94466544593402,Medio,336,0.0,2830.0,11872.79151943463,-99.0997780073973,19.27260500522058
Xochimilco,Sur,120.817028297792,0.943777324142521,Medio,336,79508.96538184301,4863.0,6909.315237507712,-99.0201247391578,19.25664959473363
Xochimilco,Sur,122.984885578797,0.960711812373328,Bajo,336,4732.093378943,5578.0,6023.664395840803,-99.131186737774,19.26495222059225
Xochimilco,Sur,125.10194893496,0.977249517508694,Muy bajo,336,154895.246259535,1530.0,21960.78431372549,-99.12646939418758,19.26325133713952
Xochimilco,Sur,121.209144057163,0.946840385429059,Bajo,336,4664.88576485,4391.0,7652.015486221818,-99.07589707637496,19.24920838615908
Xochimilco,Sur,120.066805327081,0.937916863595002,Medio,336,0.0,1247.0,26944.66720128308,-99.1332589785888,19.247171510515805
Xochimilco,Sur,120.899921170949,0.944424852186546,Medio,336,0.0,840.0,40000.0,-99.1140356809065,19.228718383453888
Xochimilco,Sur,122.555966248194,0.957361255388001,Bajo,336,70757.859729661,6567.0,5116.491548652353,-99.1371457992351,19.27757671302528
Xochimilco,Sur,123.904141326065,0.96789269359167,Muy bajo,336,109143.45617537,2146.0,15657.036346691519,-99.13027570062133,19.28211202024071
Xochimilco,Sur,125.058202614096,0.97690778765299,Muy bajo,336,31435.81585016,2991.0,11233.70110330993,-99.13001422543805,19.27815410798441
Xochimilco,Sur,123.506937560144,0.964789886705738,Bajo,336,115747.211229528,8457.0,3973.0400851365735,-99.13579662400564,19.27042659390288
Xochimilco,Sur,122.215818123688,0.954704145779516,Bajo,336,6134.3211143,3234.0,10389.61038961039,-99.1047542890662,19.266936560505663
Xochimilco,Sur,120.680745984911,0.942712737813995,Medio,336,0.0,3296.0,10194.174757281553,-99.10107323513913,19.26449490024812
Xochimilco,Sur,122.315709772672,0.955484461886534,Bajo,336,7167.914273363,4509.0,7451.763140385895,-99.11091933477476,19.26217878342555
Xochimilco,Sur,122.756639058561,0.958928836139359,Bajo,336,13385.12883925,1917.0,17527.38654147105,-99.10567503415945,19.26288918378211
Xochimilco,Sur,120.334884941209,0.940011001022845,Medio,336,0.0,2286.0,14698.162729658792,-99.10155067046716,19.26049497974812
Xochimilco,Sur,120.852241018973,0.944052392717213,Medio,336,7756.76323401,4570.0,7352.297592997811,-99.05252147057185,19.256968732519
Xochimilco,Sur,121.498692158706,0.949102226630872,Bajo,336,0.0,5623.0,5975.457940601103,-99.13379864842106,19.256094756088736
Xochimilco,Sur,122.803242591641,0.959292885465569,Bajo,336,3148.05560334,10318.0,3256.4450474898235,-99.12603164071,19.25603439177305
Xochimilco,Sur,122.276476728047,0.955177988052539,Bajo,336,4740.164935532,6075.0,5530.864197530865,-99.10015044382718,19.25225517972193
Xochimilco,Sur,121.518906505864,0.949260133531405,Bajo,336,7249.220410252999,5085.0,6607.669616519174,-99.05944980145696,19.25339956681629
Xochimilco,Sur,118.225533788886,0.923533540732146,Alto,336,20637.7078437,11731.0,2864.2059500468845,-99.04984303323349,19.248365126757204
Xochimilco,Sur,121.542194711264,0.949442052259969,Bajo,336,17927.6864114,5104.0,6583.0721003134795,-99.12752905796567,19.24822669960852
Xochimilco,Sur,122.694831882986,0.958446021658667,Bajo,336,2145.1159800341,2513.0,13370.473537604457,-99.11667235095553,19.24869245669817
Xochimilco,Sur,123.455329172864,0.964386741335116,Bajo,336,276538.360162455,4481.0,7498.32626645838,-99.10759531188889,19.24589150798956
Xochimilco,Sur,120.27175507933,0.939517854212683,Medio,336,275412.41996349,939.0,35782.747603833865,-99.09669030674708,19.248952887038136
Xochimilco,Sur,120.116593654517,0.938305791340565,Medio,336,48300.2306784,1537.0,21860.767729342875,-99.10005432493556,19.241369813865408
Xochimilco,Sur,122.356789451636,0.955805360935575,Bajo,336,290712.4979983,4369.0,7690.547035934997,-99.09753256253552,19.24521608770052
Xochimilco,Sur,121.717512271329,0.950811567303038,Bajo,336,8751.01958076,6559.0,5122.732123799359,-99.08238202129355,19.245058984663537
Xochimilco,Sur,121.45412252092,0.948754065332084,Bajo,336,0.0,6753.0,4975.5664149266995,-99.11661732687298,19.240137564829936
Xochimilco,Sur,121.199037215408,0.946761434570879,Bajo,336,0.0,536.0,62686.567164179105,-99.11213218718817,19.242728242539243
Xochimilco,Sur,121.780583631611,0.951304257120658,Bajo,336,0.0,6807.0,4936.09519612164,-99.10685468774344,19.240106904219918
Xochimilco,Sur,120.292492025313,0.939679843459289,Medio,336,2554.453928745,6453.0,5206.8805206880525,-99.03373720345937,19.26056167175204
Xochimilco,Sur,121.292094892852,0.947488366254653,Bajo,336,0.0,5132.0,6547.155105222136,-99.12546245166162,19.23501439516706
Xochimilco,Sur,121.436395651496,0.94861558967492,Bajo,336,1344.74677072,5831.0,5762.304921968787,-99.10833541233998,19.22358023448935
Xochimilco,Sur,119.930919865751,0.936855377321993,Medio,336,0.0,4942.0,6798.86685552408,-99.10935769750152,19.268802951721558
Xochimilco,Sur,120.894242542126,0.944380492867413,Medio,336,9500.85369255,6722.0,4998.512347515621,-99.0955664904684,19.237360659289788
Xochimilco,Sur,118.986636221064,0.929478987553343,Medio,336,558.442989091,4419.0,7603.530210454854,-99.10553255756015,19.233394679683435
Xochimilco,Sur,119.536014627709,0.93377052567401,Medio,336,0.0,3434.0,9784.50786255096,-99.12617233656182,19.24104686050257
Xochimilco,Sur,122.162883246898,0.954290638370219,Bajo,336,2898.0209628717,5389.0,6234.92299127853,-99.08936313034404,19.24898079969435
Xochimilco,Sur,120.305611630164,0.939782328893124,Medio,336,5993.0092754,8257.0,4069.2745549230954,-99.08981226072372,19.241675907480307
Xochimilco,Sur,121.646759011519,0.950258869366679,Bajo,336,1760.41624877,2950.0,11389.830508474575,-99.10329129590018,19.27088365040459
Xochimilco,Sur,118.685574120203,0.927127203306087,Medio,336,0.0,4781.0,7027.818448023426,-99.09535696475818,19.26989798071908
Xochimilco,Sur,117.425150497297,0.917281246565777,Alto,336,0.0,6318.0,5318.138651471984,-99.09001564075513,19.256177843635136
Xochimilco,Sur,119.395568821696,0.932673415698257,Medio,336,17590.412655446,7460.0,4504.021447721179,-99.07280131233986,19.24320247137696
Xochimilco,Sur,121.451415030744,0.948732915434017,Bajo,336,0.0,5729.0,5864.897887938559,-99.12200553460886,19.22983973991518
Xochimilco,Sur,121.426457476529,0.948537956378444,Bajo,336,5656.18434844,6177.0,5439.533754249635,-99.11801161820318,19.22959584404919
Xochimilco,Sur,120.475756192633,0.941111434418623,Medio,336,0.0,1210.0,27768.595041322315,-99.11195390079284,19.23571412763333
Xochimilco,Sur,119.713704938443,0.935158575755631,Medio,336,28913.277705651,5812.0,5781.14246386786,-99.07224707025236,19.25447652884944
Xochimilco,Sur,119.942671475731,0.936947176492837,Medio,336,0.0,2926.0,11483.253588516747,-99.1069508468318,19.25873546105088
Xochimilco,Sur,122.006366059515,0.953067984789246,Bajo,336,0.0,6531.0,5144.694533762058,-99.12027436321416,19.245158891603364
Xochimilco,Sur,123.600239360631,0.965518725387185,Bajo,336,206925.71521123504,4044.0,8308.60534124629,-99.11759548703492,19.263501646262952
Xochimilco,Sur,120.555832680623,0.941736961917739,Medio,336,0.0,3725.0,9020.134228187919,-99.09649418200875,19.214427274632595
Xochimilco,Sur,111.143122553743,0.868208399747014,Muy alto,336,0.0,1442.0,23300.97087378641,-99.10726072116113,19.20058173706116
Xochimilco,Sur,114.941940739998,0.89788334303308,Muy alto,336,0.0,877.0,38312.428734321555,-99.14731584580176,19.23231173698116
Xochimilco,Sur,117.695330136855,0.919391788604865,Alto,336,0.0,4180.0,8038.277511961723,-99.14167080558408,19.239806748733155
Xochimilco,Sur,121.299121661078,0.947543256733315,Bajo,336,1982.927180846,2097.0,16022.889842632332,-99.11687289648695,19.271584919276744
Xochimilco,Sur,116.483099641945,0.909922298510222,Alto,336,0.0,7010.0,4793.1526390870185,-99.11063017578516,19.276436335974736
Xochimilco,Sur,121.066743102813,0.945728002567594,Medio,336,0.0,4156.0,8084.696823869104,-99.11365618478352,19.26925052482898
Xochimilco,Sur,122.983957751681,0.96070456453579,Bajo,336,0.0,2499.0,13445.378151260504,-99.09779632862524,19.260186928997843
Xochimilco,Sur,117.602508423024,0.918666700180364,Alto,336,0.0,4026.0,8345.752608047691,-99.0838631015642,19.260174108961195
Xochimilco,Sur,121.419783710409,0.948485823419872,Bajo,336,0.0,2848.0,11797.752808988764,-99.0955866322081,19.26364846073457
Xochimilco,Sur,113.418690151936,0.8859842805892,Muy alto,336,0.0,2687.0,12504.652028284332,-99.12856117504457,19.21630317037674
Xochimilco,Sur,114.989984717831,0.898258644573592,Muy alto,336,0.0,1896.0,17721.518987341773,-99.029129098165,19.24555631714021
Xochimilco,Sur,111.396955949214,0.870191251056393,Muy alto,336,0.0,2475.0,13575.757575757578,-99.02666831984855,19.242325536566064
Benito Juárez,Centro,125.10980995893,0.977310924880414,Muy bajo,111,4073.659831887,5681.0,1953.881358915684,-99.189954857027,19.38143926909944
Benito Juárez,Centro,124.365866928,0.971499520867772,Muy bajo,111,37517.86807716,705.0,15744.680851063831,-99.16810588278032,19.360234152767934
Benito Juárez,Centro,125.22766880675,0.978231594007849,Muy bajo,111,16290.013513314,3480.0,3189.655172413793,-99.16768749161216,19.39800161732841
Benito Juárez,Centro,124.205008444911,0.970242954712537,Muy bajo,111,7188.620911426,1670.0,6646.706586826347,-99.13465246997602,19.39399921718336
Benito Juárez,Centro,125.361401542031,0.979276263992142,Muy bajo,111,11587.057115668,3943.0,2815.115394369769,-99.16179186068004,19.361358223504972
Benito Juárez,Centro,124.570785739978,0.973100269791657,Muy bajo,111,22643.475050653,5681.0,1953.881358915684,-99.14001787685714,19.366473453458116
Benito Juárez,Centro,123.010657831778,0.960913135550189,Bajo,111,11510.65802828,2793.0,3974.2212674543503,-99.1368419212758,19.38357682324561
Benito Juárez,Centro,121.813354287356,0.951560249195823,Bajo,111,14993.46944054,2763.0,4017.372421281216,-99.1373036304522,19.38096213027378
Benito Juárez,Centro,125.106833108107,0.97728767083797,Muy bajo,111,7965.386056865,5180.0,2142.8571428571427,-99.1879247990721,19.38851172982184
Benito Juárez,Centro,124.301534971087,0.970996983741941,Muy bajo,111,22022.298383787,6796.0,1633.313713949382,-99.13905214802809,19.371672619407796
Benito Juárez,Centro,125.331865447983,0.979045539100136,Muy bajo,111,8847.1479176061,2250.0,4933.333333333333,-99.1843511064257,19.36440130647156
Benito Juárez,Centro,124.741525824375,0.974434027311158,Muy bajo,111,26929.03821564,5163.0,2149.912841371296,-99.14139554841208,19.39902064243785
Benito Juárez,Centro,124.097155145704,0.969400445179237,Muy bajo,111,22745.5089604533,4142.0,2679.8647996137133,-99.14118998535416,19.360547842378857
Benito Juárez,Centro,122.938707713444,0.9603510882038,Bajo,111,0.0,2901.0,3826.2668045501555,-99.13248508955444,19.396848190225743
Benito Juárez,Centro,125.846301987534,0.983064124456679,Muy bajo,111,2174.957162879,4029.0,2755.026061057334,-99.17452324414984,19.39460835460647
Benito Juárez,Centro,122.570110400766,0.957471744204476,Bajo,111,565.386297841,3795.0,2924.901185770751,-99.18981622973274,19.36778101692789
Benito Juárez,Centro,124.415308176041,0.971885737359234,Muy bajo,111,8156.334855249199,6913.0,1605.670475914943,-99.18421136268432,19.394446322830408
Benito Juárez,Centro,125.603144128349,0.981164666433921,Muy bajo,111,18098.004631174,3060.0,3627.4509803921574,-99.174575215783,19.363541115105217
Benito Juárez,Centro,125.227446184806,0.978229854968696,Muy bajo,111,7180.768585885,5256.0,2111.8721461187215,-99.15675916810176,19.360520465716288
Benito Juárez,Centro,123.772069815129,0.966861000469074,Muy bajo,111,9015.712845236,4333.0,2561.735518116778,-99.14741266324596,19.35903891341149
Benito Juárez,Centro,124.952290002721,0.976080438045371,Muy bajo,111,3650.809265855,5697.0,1948.3938915218537,-99.15237919092375,19.362272824872612
Benito Juárez,Centro,123.482728606104,0.964600775434037,Bajo,111,32517.9512990457,2167.0,5122.288878634056,-99.13504644103928,19.390261982702075
Benito Juárez,Centro,123.783154154538,0.966947587172413,Muy bajo,111,21282.306483677,1777.0,6246.482836240855,-99.1364538275352,19.388556777639323
Benito Juárez,Centro,123.794179663428,0.967033714313792,Muy bajo,111,19773.827118094,2619.0,4238.258877434136,-99.13631029121184,19.38606976785437
Benito Juárez,Centro,124.518961068426,0.972695434889399,Muy bajo,111,7010.975884576,4576.0,2425.6993006993007,-99.19042728375784,19.37475345703134
Benito Juárez,Centro,124.871274339356,0.975447574060367,Muy bajo,111,13085.06308658,3398.0,3266.627427898764,-99.13559478477264,19.397070021498376
Benito Juárez,Centro,124.665008007356,0.973836298815328,Muy bajo,111,6722.40575097,1828.0,6072.210065645514,-99.13551835175603,19.3923790956993
Benito Juárez,Centro,126.053185052479,0.984680217388242,Muy bajo,111,1954.539927036,6314.0,1757.9980994615141,-99.17611179275936,19.39622451048533
Benito Juárez,Centro,124.537655677647,0.972841470167,Muy bajo,111,5418.854557705,3973.0,2793.858545179965,-99.15879030516794,19.40115755188428
Benito Juárez,Centro,123.550475799314,0.965129991105257,Bajo,111,13609.569327309,4161.0,2667.6279740447007,-99.15054714750048,19.4029973092393
Benito Juárez,Centro,124.53522976636,0.972822519857638,Muy bajo,111,14566.658451166,5366.0,2068.579947819605,-99.14083434562023,19.402024189926458
Benito Juárez,Centro,124.911844522503,0.97576449311913,Muy bajo,111,7777.202483514,5914.0,1876.9022658099425,-99.16279105237892,19.399114267008613
Benito Juárez,Centro,124.972802606048,0.976240674811263,Muy bajo,111,6324.63123124,3322.0,3341.360626128838,-99.14077896689513,19.383919214251478
Benito Juárez,Centro,126.529911152183,0.988404222928406,Muy bajo,111,10064.227142859,284.0,39084.50704225352,-99.1643136560081,19.36911414284621
Benito Juárez,Centro,124.823723120135,0.975076121765374,Muy bajo,111,1267.645579123,5570.0,1992.818671454219,-99.15024385635468,19.386417791613297
Benito Juárez,Centro,123.887522520808,0.967762873716298,Muy bajo,111,6332.936178443,521.0,21305.18234165067,-99.1736573371803,19.38341817353673
Benito Juárez,Centro,125.334090005732,0.979062916511161,Muy bajo,111,14625.118604331,3819.0,2906.520031421838,-99.18287887886896,19.381263137726805
Benito Juárez,Centro,124.295621508345,0.970950789988278,Muy bajo,111,2672.723232662,1940.0,5721.649484536082,-99.15073570568042,19.38289360655198
Benito Juárez,Centro,124.526428502385,0.972753767683542,Muy bajo,111,1167.2290696349,7925.0,1400.6309148264984,-99.14588579122122,19.366743490630142
Benito Juárez,Centro,123.774041252423,0.966876400598014,Muy bajo,111,16553.429649296,2425.0,4577.319587628866,-99.18635377853668,19.383368601774578
Benito Juárez,Centro,124.756781229257,0.974553196814014,Muy bajo,111,43069.635308258,4930.0,2251.521298174442,-99.15227616208004,19.3956331138743
Benito Juárez,Centro,124.161081182174,0.969899811406767,Muy bajo,111,35356.322462921,6213.0,1786.5765330758086,-99.1480445185602,19.397971023464827
Benito Juárez,Centro,123.407756699963,0.964015123014333,Bajo,111,30647.8801361,1983.0,5597.579425113464,-99.14768536203832,19.39429657876059
Benito Juárez,Centro,125.038103954619,0.976750784461249,Muy bajo,111,16929.5917270323,4670.0,2376.8736616702354,-99.18305236239044,19.372151985586573
Benito Juárez,Centro,124.838145346311,0.975188782788578,Muy bajo,111,11724.514710939,1729.0,6419.895893580104,-99.18414679949689,19.386649816255265
Benito Juárez,Centro,124.3859941536,0.971656747207359,Muy bajo,111,4175.623230151999,3012.0,3685.2589641434265,-99.16175969198368,19.369256100865908
Benito Juárez,Centro,123.796469778706,0.967051603835658,Muy bajo,111,9521.414424566,5347.0,2075.930428277539,-99.15629621837525,19.377589675674542
Benito Juárez,Centro,124.76833738226,0.974643469148238,Muy bajo,111,727.562321219,7095.0,1564.4820295983086,-99.14874266792926,19.380406534796663
Benito Juárez,Centro,124.052724774088,0.969053371775549,Muy bajo,111,6063.812782221999,1915.0,5796.344647519582,-99.14611432361606,19.383420543444597
Benito Juárez,Centro,124.866309383939,0.975408789690282,Muy bajo,111,12256.5398948798,5609.0,1978.9623818862542,-99.15852552216889,19.385102996823957
Benito Juárez,Centro,125.29539637987,0.978760656414284,Muy bajo,111,6500.233437041,4213.0,2634.702112508901,-99.17991269440444,19.39182337391597
Benito Juárez,Centro,123.079968708042,0.961454566127117,Bajo,111,21438.46884362,3156.0,3517.110266159696,-99.17218599395883,19.38067182983228
Benito Juárez,Centro,124.55959375059,0.97301284216705,Muy bajo,111,3586.44217463,4320.0,2569.4444444444443,-99.16799988544976,19.38030318589154
Benito Juárez,Centro,125.766199216789,0.982438391646531,Muy bajo,111,36765.654368314,5414.0,2050.240118212043,-99.16274551787224,19.37900000971649
Benito Juárez,Centro,124.789534233258,0.974809051000373,Muy bajo,111,0.0,6933.0,1601.0385114668975,-99.15121575988552,19.37615254414309
Benito Juárez,Centro,125.151027224705,0.977632898706041,Muy bajo,111,0.0,3045.0,3645.3201970443347,-99.1713594691193,19.36311513252509
Benito Juárez,Centro,123.945821412812,0.968218282801191,Muy bajo,111,0.0,5658.0,1961.8239660657475,-99.14666918845926,19.375453293094203
Benito Juárez,Centro,124.627927679873,0.97354664120048,Muy bajo,111,6562.4149011805,5577.0,1990.3173749327595,-99.15869309048956,19.36640097361404
Benito Juárez,Centro,124.659483262629,0.973793141581049,Muy bajo,111,7174.546911728,5794.0,1915.7749395926821,-99.15301677163632,19.36772822235801
Benito Juárez,Centro,125.115654321094,0.977356578846265,Muy bajo,111,14435.273222922,3701.0,2999.1894082680355,-99.18355424808226,19.3901346202929
Benito Juárez,Centro,125.616643700075,0.981270120026513,Muy bajo,111,15062.620635114,4103.0,2705.337557884475,-99.1757397286404,19.38945683371608
Benito Juárez,Centro,125.297363496596,0.978776022792569,Muy bajo,111,939.205023169,4090.0,2713.9364303178486,-99.1707323233561,19.38743532651944
Benito Juárez,Centro,124.070385524417,0.96919133093514,Muy bajo,111,3417.452368249,1735.0,6397.694524495677,-99.18745007291724,19.377114134171823
Benito Juárez,Centro,123.746148647725,0.966658514028584,Muy bajo,111,648.996879045,4122.0,2692.867540029112,-99.18255850397246,19.375949151507356
Benito Juárez,Centro,124.611465074055,0.97341804149656,Muy bajo,111,7066.358165482,7766.0,1429.3072366726758,-99.16019781811217,19.391545285979248
Benito Juárez,Centro,124.487877594102,0.972452622442876,Muy bajo,111,3239.2028229807,8246.0,1346.1072034926026,-99.1550293271754,19.39109501978297
Benito Juárez,Centro,123.99000885072,0.968563458497837,Muy bajo,111,9925.2846386239,4686.0,2368.7580025608195,-99.14943968719702,19.39021868748919
Benito Juárez,Centro,124.853924878169,0.975312046574839,Muy bajo,111,0.0,5093.0,2179.4620066758293,-99.16534860779016,19.374088130858965
Benito Juárez,Centro,125.122963475443,0.977413675219444,Muy bajo,111,3018.49619618,2546.0,4359.780047132757,-99.17940697231022,19.386774595718865
Benito Juárez,Centro,123.828928298017,0.967305157618042,Muy bajo,111,2513.805335678,10448.0,1062.4042879019908,-99.143889203654,19.38494416279042
Benito Juárez,Centro,125.027914766751,0.976671190346109,Muy bajo,111,7015.526005793001,4514.0,2459.0163934426228,-99.16447510473812,19.394334604959067
Benito Juárez,Centro,124.83013107469,0.975126178303664,Muy bajo,111,4164.8455177916,4064.0,2731.299212598425,-99.15770079536514,19.39780185456229
Benito Juárez,Centro,123.409124521469,0.964025807923068,Bajo,111,0.0,5644.0,1966.690290574061,-99.14419894544882,19.39518560070602
Benito Juárez,Centro,125.379436803455,0.979417148691974,Muy bajo,111,1809.501591554,4368.0,2541.2087912087914,-99.15449786344035,19.38325096723766
Benito Juárez,Centro,124.74976140862,0.974498360607311,Muy bajo,111,38247.2575513946,6309.0,1759.3913456966238,-99.15225719386778,19.39992104523342
Benito Juárez,Centro,125.015564732899,0.976574716512356,Muy bajo,111,87510.893578708,6059.0,1831.9854761511801,-99.17880529806762,19.38136202470502
Benito Juárez,Centro,124.196780507839,0.970178681153235,Muy bajo,111,6324.63123124,2843.0,3904.326415758002,-99.14568884890797,19.37087345760621
Benito Juárez,Centro,123.338199565237,0.963471768758637,Bajo,111,8113.947666489999,1771.0,6267.645398080181,-99.18595175412324,19.36969543226977
Benito Juárez,Centro,125.257124942515,0.978461694295729,Muy bajo,111,8173.87601998,2649.0,4190.260475651189,-99.18618500797167,19.366375853752377
Benito Juárez,Centro,124.45007486908,0.972157321729319,Muy bajo,111,6324.63123124,5075.0,2187.192118226601,-99.14011289170372,19.394901620165967
Benito Juárez,Centro,124.824947892294,0.975085689226244,Muy bajo,111,39755.000408996,3854.0,2880.1245459263105,-99.1660319150454,19.362939634866976
Benito Juárez,Centro,124.742244105738,0.974439638255849,Muy bajo,111,5498.7758012459,7611.0,1458.4154513204574,-99.1465726211966,19.362747287222287
Benito Juárez,Centro,124.306153875278,0.971033064889603,Muy bajo,111,4424.70884632,3523.0,3150.7238149304567,-99.16927501678823,19.37516179492385
Benito Juárez,Centro,125.139455939699,0.97754250816628,Muy bajo,111,13600.988542742,5533.0,2006.144948490873,-99.16661164225542,19.386184214538744
Benito Juárez,Centro,124.493754087804,0.972498527408259,Muy bajo,111,9317.173509585,3011.0,3686.482896047825,-99.16262602333236,19.384647322530597
Benito Juárez,Centro,123.69266629561,0.966240729947325,Bajo,111,14613.5480859637,2417.0,4592.470004137361,-99.1444450112308,19.39057214167365
Benito Juárez,Centro,124.743419781294,0.974448822192463,Muy bajo,111,0.0,2208.0,5027.173913043478,-99.14354835528974,19.387995856791036
Benito Juárez,Centro,124.278928179811,0.970820387965012,Muy bajo,111,7296.706363110699,3867.0,2870.4422032583398,-99.14023969361044,19.38982898483789
Benito Juárez,Centro,123.802806227686,0.967101101799211,Muy bajo,111,0.0,4471.0,2482.666070230374,-99.17400376270446,19.376867155503245
Benito Juárez,Centro,122.293397749926,0.955310168730838,Bajo,111,5739.32591779,5045.0,2200.198216055501,-99.17295852668585,19.372107953295803
Benito Juárez,Centro,124.17904442877,0.970040133553774,Muy bajo,111,30906.524801993,4076.0,2723.2580961727185,-99.15947180094528,19.3739883670746
Benito Juárez,Centro,124.150997802646,0.969821043826703,Muy bajo,111,86838.76751035001,7049.0,1574.6914455951198,-99.15122682355162,19.37106276406456
Benito Juárez,Centro,125.016994433927,0.976585884800716,Muy bajo,111,0.0,5486.0,2023.332118118848,-99.1759405136056,19.370585138853517
Benito Juárez,Centro,125.624237467282,0.981329439688618,Muy bajo,111,13702.6669478,6987.0,1588.6646629454701,-99.16958755676984,19.367892598161863
Benito Juárez,Centro,125.237210981119,0.97830613389614,Muy bajo,111,8080.560857279,6776.0,1638.1345926800473,-99.168367307944,19.392322491650937
Benito Juárez,Centro,124.508470315629,0.972613485062106,Muy bajo,111,1545.632944689,1127.0,9849.157054125999,-99.17251750787476,19.39159928585369
Benito Juárez,Centro,123.614925493963,0.965633447954135,Bajo,111,9684.62737573,2679.0,4143.337066069429,-99.13791735177082,19.378314503842304
Benito Juárez,Centro,124.399399917746,0.97176146801031,Muy bajo,111,13379.26144368,3479.0,3190.572003449267,-99.13813812101677,19.37564867215482
Benito Juárez,Centro,123.747625377735,0.966670049689709,Muy bajo,111,10227.10212239,6444.0,1722.532588454376,-99.14307730757236,19.37468522138168
Benito Juárez,Centro,124.188297551308,0.970112415477539,Muy bajo,111,8009.802465813,3014.0,3682.8135368281355,-99.1424876872782,19.379705026575568
Benito Juárez,Centro,124.35508098208,0.971415265102482,Muy bajo,111,9266.377295671,3731.0,2975.073706781024,-99.17788545307494,19.36658248996172
Benito Juárez,Centro,123.774052805104,0.966876490843229,Muy bajo,111,27651.505382765,1190.0,9327.731092436976,-99.17841628131244,19.373172190585716
Cuauhtémoc,Centro,122.057945742616,0.953470905933586,Bajo,494,5324.918091938,7648.0,6459.205020920503,-99.12863146799376,19.418415536529864
Cuauhtémoc,Centro,121.736354707762,0.950958757351393,Bajo,494,10208.247954372,8402.0,5879.552487502975,-99.1258895793366,19.45868073842665
Cuauhtémoc,Centro,120.14514052974,0.93852878882602,Medio,494,0.0,5616.0,8796.296296296296,-99.12580662468704,19.441089644233134
Cuauhtémoc,Centro,119.384471232004,0.932586725488674,Medio,494,4840.12194337,9880.0,5000.0,-99.12631902261124,19.446397407386943
Cuauhtémoc,Centro,124.601825092908,0.973342737578398,Muy bajo,494,0.0,3031.0,16298.251402177499,-99.1611071877754,19.40454530041878
Cuauhtémoc,Centro,123.808811528563,0.967148012957944,Muy bajo,494,56031.4890662,3131.0,15777.706802938357,-99.15742114574968,19.40564669264944
Cuauhtémoc,Centro,121.610686846014,0.949977087135186,Bajo,494,536.887186294,2800.0,17642.857142857145,-99.12955168302337,19.461165584185256
Cuauhtémoc,Centro,115.603388079935,0.903050321639839,Alto,494,5487.87063185,4562.0,10828.583954405962,-99.12690374279988,19.427885757956226
Cuauhtémoc,Centro,123.527512557456,0.964950610870044,Bajo,494,3013.380775432,4902.0,10077.519379844962,-99.13293862117816,19.46275627537084
Cuauhtémoc,Centro,123.073241689919,0.961402017183867,Bajo,494,0.0,11023.0,4481.538601106777,-99.16113273498758,19.45187154130433
Cuauhtémoc,Centro,124.068949798498,0.969180115582589,Muy bajo,494,3738.89194858,3007.0,16428.33388759561,-99.17295344125652,19.428345745831145
Cuauhtémoc,Centro,118.987512663349,0.929485833991852,Medio,494,109413.132529332,840.0,58809.52380952381,-99.15278224855628,19.40916154784412
Cuauhtémoc,Centro,122.297752505561,0.955344186449022,Bajo,494,9750.812019902,4939.0,10002.02470135655,-99.13005165318732,19.41167738761899
Cuauhtémoc,Centro,121.902315276039,0.952255179083066,Bajo,494,13445.786973529,2006.0,24626.121635094718,-99.17960177928792,19.41273756603884
Cuauhtémoc,Centro,124.380893896706,0.971616905912872,Muy bajo,494,14997.848360822,2636.0,18740.515933232167,-99.18003642598497,19.408286627189423
Cuauhtémoc,Centro,125.050531684569,0.976847865227779,Muy bajo,494,6215.958954369,1325.0,37283.018867924526,-99.1701879977209,19.40397641823572
Cuauhtémoc,Centro,123.317574206009,0.963310651185925,Bajo,494,0.0,3506.0,14090.131203650884,-99.1650472860465,19.40382085292128
Cuauhtémoc,Centro,122.371756190533,0.955922275487992,Bajo,494,12787.340055434,6019.0,8207.343412526998,-99.1402519214582,19.40554929059436
Cuauhtémoc,Centro,124.251953769888,0.970609673988884,Muy bajo,494,12324.947082405,3145.0,15707.472178060414,-99.13394143923152,19.40582003417416
Cuauhtémoc,Centro,123.250654820174,0.962787902035525,Bajo,494,5057.039371636,3624.0,13631.346578366447,-99.13034042096194,19.40571055175235
Cuauhtémoc,Centro,122.366724879858,0.955882972775515,Bajo,494,12953.294982693,3565.0,13856.942496493688,-99.12760786202452,19.40639932956291
Cuauhtémoc,Centro,124.825941964337,0.975093454544309,Muy bajo,494,36030.032337334,1082.0,45656.192236598894,-99.16982914909588,19.424882133630494
Cuauhtémoc,Centro,123.517828782559,0.964874964851526,Bajo,494,7065.165927522001,982.0,50305.49898167006,-99.17135499023652,19.422524803730944
Cuauhtémoc,Centro,123.745249810275,0.966651492647447,Muy bajo,494,7984.612238899,2004.0,24650.69860279441,-99.17365425080234,19.41988107472961
Cuauhtémoc,Centro,122.074157343503,0.953597544881097,Bajo,494,3887.614584775,2930.0,16860.068259385665,-99.15715158271009,19.46050757256257
Cuauhtémoc,Centro,123.119401517132,0.961762600446206,Bajo,494,42853.44414327,1327.0,37226.827430293895,-99.14610062398744,19.46222070592209
Cuauhtémoc,Centro,122.559328174771,0.957387517497852,Bajo,494,31636.8415076142,7933.0,6227.152401361402,-99.1407067432586,19.460126691096868
Cuauhtémoc,Centro,122.195209287673,0.954543157279954,Bajo,494,15756.7404352596,5259.0,9393.420802433922,-99.12725140524124,19.454565959208757
Cuauhtémoc,Centro,123.02455914812,0.961021727421086,Bajo,494,0.0,5239.0,9429.280397022332,-99.15987035597016,19.4571380845832
Cuauhtémoc,Centro,123.878703385681,0.967693981939462,Muy bajo,494,850.970163765,4962.0,9955.663039097139,-99.16132118370236,19.447679258990668
Cuauhtémoc,Centro,123.933061933178,0.968118610530514,Muy bajo,494,21012.94213773,4685.0,10544.290288153683,-99.16209492478905,19.444211913023505
Cuauhtémoc,Centro,118.343195822707,0.924452672422416,Alto,494,0.0,1838.0,26877.04026115343,-99.12635161620024,19.436149278051843
Cuauhtémoc,Centro,124.361166719689,0.97146280460281,Muy bajo,494,40924.973627053,626.0,78913.73801916934,-99.17113924559192,19.42639559743509
Cuauhtémoc,Centro,123.361063226779,0.963650371109766,Bajo,494,6808.28891811,3010.0,16411.960132890366,-99.17726615334632,19.41705746573905
Cuauhtémoc,Centro,124.012285846457,0.968737478035664,Muy bajo,494,11243.01497773,9903.0,4988.387357366455,-99.16579491248348,19.43887552531061
Cuauhtémoc,Centro,123.614309730355,0.96562863783972,Bajo,494,9739.60141007,4833.0,10221.394578936479,-99.15213259741546,19.42098080442288
Cuauhtémoc,Centro,121.289549100683,0.947468479480782,Bajo,494,0.0,2227.0,22182.308037718904,-99.13061560597563,19.45821393705508
Cuauhtémoc,Centro,124.517031332718,0.972680360517616,Muy bajo,494,410365.916422,230.0,214782.6086956522,-99.1428698310013,19.45471725661553
Cuauhtémoc,Centro,124.303307036181,0.971010826450009,Muy bajo,494,410896.026217518,1285.0,38443.57976653697,-99.14829888666225,19.456005277022857
Cuauhtémoc,Centro,124.757856377531,0.9745615954692,Muy bajo,494,419243.830551091,587.0,84156.72913117547,-99.13475451046418,19.449784202573536
Cuauhtémoc,Centro,123.314372310922,0.963285639182068,Bajo,494,10656.9362102,1346.0,36701.33729569094,-99.1314116782316,19.40974552361762
Cuauhtémoc,Centro,122.232558443619,0.95483491488196,Bajo,494,12837.483041613,2373.0,20817.530552043827,-99.13584575458034,19.42109167085357
Cuauhtémoc,Centro,124.62777822317,0.973545473700753,Muy bajo,494,410365.916422,1050.0,47047.619047619046,-99.14634013099874,19.45353536306084
Cuauhtémoc,Centro,121.910892342735,0.952322179912087,Bajo,494,2070.10833621,1384.0,35693.64161849711,-99.13457847441744,19.456561384129987
Cuauhtémoc,Centro,122.302322151601,0.955379882810479,Bajo,494,5950.655697265,6961.0,7096.6815112771155,-99.1520252154506,19.45726378676904
Cuauhtémoc,Centro,121.253830728476,0.947189460949875,Bajo,494,3842.39397979,1708.0,28922.716627634658,-99.13395027771335,19.43597147885335
Cuauhtémoc,Centro,121.257102153515,0.947215016095647,Bajo,494,8330.1677346008,5292.0,9334.845049130763,-99.13705498756704,19.443560647951
Cuauhtémoc,Centro,124.859586906345,0.975356276215949,Muy bajo,494,410365.916422,3396.0,14546.525323910484,-99.1475129439962,19.454055438390533
Cuauhtémoc,Centro,125.715823026584,0.982044871737447,Muy bajo,494,427720.5097276,218.0,226605.50458715597,-99.1405056354834,19.452650949130764
Cuauhtémoc,Centro,116.733381102257,0.911877403433955,Alto,494,411490.315916828,139.0,355395.6834532374,-99.13714002807608,19.451255335832872
Cuauhtémoc,Centro,124.224726095684,0.970396981607141,Muy bajo,494,410365.916422,1394.0,35437.58967001435,-99.13514498874132,19.45124340847914
Cuauhtémoc,Centro,122.62413902383,0.957893795549559,Bajo,494,0.0,6778.0,7288.285629979345,-99.15658426146577,19.45355509830777
Cuauhtémoc,Centro,124.075301132186,0.969229729819898,Muy bajo,494,26100.22243138,9893.0,4993.429697766097,-99.15534010276176,19.44844637378813
Cuauhtémoc,Centro,123.864351939999,0.967581873826942,Muy bajo,494,14177.023933067,6982.0,7075.336579776568,-99.15940308536588,19.43707331181524
Cuauhtémoc,Centro,122.866122758557,0.959784081752293,Bajo,494,18680.396938298,1542.0,32036.31647211414,-99.1557245117272,19.43610883451825
Cuauhtémoc,Centro,123.273759197067,0.962968384764713,Bajo,494,5890.6764296693,2769.0,17840.375586854458,-99.15135946374065,19.43756633501428
Cuauhtémoc,Centro,122.106573643683,0.953850768863458,Bajo,494,2067.733786165,7972.0,6196.688409433015,-99.14113523177514,19.41634155131924
Cuauhtémoc,Centro,121.676292612633,0.950489574784819,Bajo,494,1595.273762724,2805.0,17611.408199643494,-99.13253344804323,19.41551001902873
Cuauhtémoc,Centro,123.987994913364,0.968547726374342,Muy bajo,494,6426.4315155,4753.0,10393.435724805386,-99.144530783788,19.4327982149896
Cuauhtémoc,Centro,124.578761630043,0.973162574454245,Muy bajo,494,46361.989728979,3062.0,16133.246244284783,-99.17316864830092,19.416443241610366
Cuauhtémoc,Centro,124.536317869295,0.972831019709775,Muy bajo,494,149392.555459202,1206.0,40961.85737976783,-99.17041672210796,19.412953234741057
Cuauhtémoc,Centro,123.529185685926,0.964963680722299,Bajo,494,124848.494049075,1876.0,26332.622601279316,-99.16731672296494,19.414814266948333
Cuauhtémoc,Centro,123.02787716643,0.961047646536012,Bajo,494,2913.05897618,2761.0,17892.068091271278,-99.1621995540577,19.41362111639682
Cuauhtémoc,Centro,121.725057303088,0.9508705062621,Bajo,494,20466.59071099,9393.0,5259.235600979453,-99.14723973797474,19.41212733577586
Cuauhtémoc,Centro,122.165406614576,0.954310349972374,Bajo,494,812.997935318,3280.0,15060.975609756097,-99.1371520504362,19.4120461666624
Cuauhtémoc,Centro,122.065332399843,0.953528607730182,Bajo,494,460.824638439,6418.0,7697.101900903708,-99.14299743125744,19.41076158591037
Cuauhtémoc,Centro,122.063471424107,0.953514070485516,Bajo,494,0.0,5261.0,9389.849838433758,-99.14047994377542,19.41064938019836
Cuauhtémoc,Centro,122.912724290396,0.960148115445557,Bajo,494,12750.948130537,1636.0,30195.599022004888,-99.13435634659685,19.41052033863799
Cuauhtémoc,Centro,123.30084331322,0.963179955724779,Bajo,494,0.0,1780.0,27752.808988764045,-99.16293926596153,19.40912323818515
Cuauhtémoc,Centro,123.769190726798,0.966838510110562,Muy bajo,494,56031.4890662,3238.0,15256.331068560841,-99.16097114597102,19.40980346985978
Cuauhtémoc,Centro,123.857904074055,0.967531505515842,Muy bajo,494,130857.3956699,584.0,84589.04109589041,-99.15745969120611,19.40952205197792
Cuauhtémoc,Centro,121.690209197138,0.950598285924878,Bajo,494,0.0,5232.0,9441.896024464831,-99.14794388318217,19.408394593923305
Cuauhtémoc,Centro,121.556021434462,0.949550061437191,Bajo,494,1974.665349178,2280.0,21666.666666666668,-99.13759197109434,19.409037249092428
Cuauhtémoc,Centro,124.282157795896,0.970845616514911,Muy bajo,494,20591.115154072,1401.0,35260.52819414704,-99.17406155587948,19.405749647958924
Cuauhtémoc,Centro,122.972762576326,0.960617112023602,Bajo,494,3831.281279455,1674.0,29510.155316606928,-99.16835473780122,19.4024357679173
Cuauhtémoc,Centro,121.773839865961,0.95125157735201,Bajo,494,3833.24045039,7382.0,6691.953400162558,-99.14776007576644,19.405526840071342
Cuauhtémoc,Centro,122.662567255618,0.958193982487444,Bajo,494,14335.150007747,2370.0,20843.881856540083,-99.16728125521811,19.42124301373108
Cuauhtémoc,Centro,123.616451416373,0.965645367887855,Bajo,494,45610.310663714,6626.0,7455.478418351946,-99.14457304628756,19.45941021767858
Cuauhtémoc,Centro,123.191453529647,0.962325443751731,Bajo,494,2076.716012837,3670.0,13460.490463215257,-99.13720697931994,19.459286165974905
Cuauhtémoc,Centro,123.85250646406,0.967489341410418,Muy bajo,494,414963.339680917,490.0,100816.32653061225,-99.15060788219232,19.454756300015475
Cuauhtémoc,Centro,122.435093155447,0.956417040109406,Bajo,494,1379.11856058,172.0,287209.30232558143,-99.13678485910332,19.430947687258364
Cuauhtémoc,Centro,120.579764426319,0.94192390774179,Medio,494,21496.080406146,4888.0,10106.382978723404,-99.13179355739778,19.449667820000663
Cuauhtémoc,Centro,121.577954212833,0.949721392078031,Bajo,494,64214.4974726665,1836.0,26906.31808278867,-99.15149030777928,19.44673631468001
Cuauhtémoc,Centro,122.191934803127,0.954517578234464,Bajo,494,37914.3602524,8991.0,5494.38327216105,-99.14847361311142,19.447594915865213
Cuauhtémoc,Centro,121.660051033204,0.950362701656175,Bajo,494,9236.0446981924,8735.0,5655.409273039496,-99.13893112907355,19.44810915595669
Cuauhtémoc,Centro,118.47213657406,0.925459909225039,Alto,494,2757.25712627,6835.0,7227.5054864667145,-99.1329293243355,19.44484037436384
Cuauhtémoc,Centro,121.968257468102,0.952770294762129,Bajo,494,0.0,7081.0,6976.415760485807,-99.14547572903764,19.44540779250508
Cuauhtémoc,Centro,122.145081617365,0.954151578715115,Bajo,494,10197.626081207,10841.0,4556.775205239369,-99.14192073773764,19.44429549432345
Cuauhtémoc,Centro,121.647956235537,0.950268221631804,Bajo,494,23453.422430735,4292.0,11509.785647716682,-99.14149789420117,19.439087955307457
Cuauhtémoc,Centro,118.994856149048,0.929543198548657,Medio,494,6707.200516407,8279.0,5966.904215484962,-99.13508519461762,19.439369821581806
Cuauhtémoc,Centro,119.354131434409,0.93234972236592,Medio,494,11116.15813687,4180.0,11818.181818181818,-99.1288207920204,19.439380744272803
Cuauhtémoc,Centro,126.31869274653,0.98675426394079,Muy bajo,494,17188.0396099687,359.0,137604.45682451254,-99.15346692785036,19.434421498191824
Cuauhtémoc,Centro,117.594822430624,0.918606660089631,Alto,494,1893.8840143306,947.0,52164.73072861668,-99.13181826962028,19.432928253259185
Cuauhtémoc,Centro,119.054772484445,0.930011242494864,Medio,494,3611.79811092,2006.0,24626.121635094718,-99.1263073578676,19.432037630541103
Cuauhtémoc,Centro,124.160521143321,0.969895436593241,Muy bajo,494,46176.93634784,2984.0,16554.959785522788,-99.16521603830846,19.4330355101034
Cuauhtémoc,Centro,122.255318396277,0.955012707098172,Bajo,494,30792.434624018,974.0,50718.68583162218,-99.1580428670089,19.430623372816516
Cuauhtémoc,Centro,124.120062443503,0.969579388400445,Muy bajo,494,4284.09177288,1803.0,27398.7798114254,-99.15842535018176,19.42700342404852
Cuauhtémoc,Centro,123.214465443406,0.962505204193592,Bajo,494,457.796636601,2963.0,16672.291596355048,-99.15428174219436,19.4295128841614
Cuauhtémoc,Centro,120.265931207573,0.939472360310211,Medio,494,5797.46382141,2011.0,24564.893088015913,-99.13941682893386,19.428246937106028
Cuauhtémoc,Centro,118.279498376006,0.923955091852454,Alto,494,1905.162512951,2048.0,24121.09375,-99.13494907743308,19.42772747622896
Cuauhtémoc,Centro,123.270914795145,0.962946165363422,Bajo,494,410365.916422,832.0,59375.0,-99.14705587899977,19.45578253645452
Cuauhtémoc,Centro,119.068957522758,0.930122050695414,Medio,494,0.0,2642.0,18697.95609386828,-99.13068442576946,19.428216922838708
Cuauhtémoc,Centro,122.241369448776,0.954903743150514,Bajo,494,812.997935318,4258.0,11601.69093471113,-99.1365777813742,19.415924066703973
Cuauhtémoc,Centro,125.632046143376,0.981390438138368,Muy bajo,494,412999.28438809,594.0,83164.98316498316,-99.13940675501236,19.4541729822138
Cuauhtémoc,Centro,125.604741404112,0.98117714375328,Muy bajo,494,413954.510728031,235.0,210212.76595744683,-99.1376426012324,19.45382902993548
Cuauhtémoc,Centro,124.117641852688,0.969560479652605,Muy bajo,494,410365.916422,1377.0,35875.09077705156,-99.13464198668372,19.4529779921492
Cuauhtémoc,Centro,123.137219123595,0.961901784907099,Bajo,494,990.285244632,8412.0,5872.563005230623,-99.14398460612144,19.449618559440804
Cuauhtémoc,Centro,123.912914725251,0.967961228096484,Muy bajo,494,410365.916422,1281.0,38563.622170179544,-99.141825967537,19.452508882696584
Cuauhtémoc,Centro,124.782228745588,0.974751983269923,Muy bajo,494,2651.59045196,5682.0,8694.12178810278,-99.162678869305,19.43800916794942
Cuauhtémoc,Centro,122.596997741484,0.957681778028632,Bajo,494,5368.97372462,9074.0,5444.1260744985675,-99.14653903855611,19.416738335734166
Cuauhtémoc,Centro,122.757157669699,0.95893288733512,Bajo,494,4379.414203517,6265.0,7885.075818036712,-99.13172547307236,19.42064759581972
Cuauhtémoc,Centro,119.655958006738,0.934707478377637,Medio,494,5866.12468408,10857.0,4550.059869208806,-99.12888224062972,19.44824945044663
Cuauhtémoc,Centro,124.70457243036,0.974145361252965,Muy bajo,494,410365.916422,1259.0,39237.49007148531,-99.14149741453564,19.45458156689712
Cuauhtémoc,Centro,123.133310400233,0.961871251425795,Bajo,494,6435.06470468,4263.0,11588.083509265776,-99.13677175903396,19.4632705743095
Cuauhtémoc,Centro,124.395663460188,0.971732280204871,Muy bajo,494,410365.916422,448.0,110267.85714285714,-99.14333571052232,19.45264321064932
Cuauhtémoc,Centro,123.074762230091,0.961413895073561,Bajo,494,95447.26309678,369.0,133875.33875338754,-99.14628437788868,19.435341274336697
Cuauhtémoc,Centro,123.443422300349,0.964293729311562,Bajo,494,0.0,8637.0,5719.578557369457,-99.15206171466136,19.41685306864291
Cuauhtémoc,Centro,124.838584596972,0.975192214050042,Muy bajo,494,126817.571549376,3497.0,14126.39405204461,-99.16977291689966,19.40865652257925
Cuauhtémoc,Centro,124.03752520564,0.968934638445984,Muy bajo,494,0.0,3309.0,14928.98156542762,-99.16572536957833,19.408430908010725
Cuauhtémoc,Centro,123.490835833883,0.964664106057606,Bajo,494,6100.479007772,3133.0,15767.634854771784,-99.1505716522608,19.42338078589019
Cuauhtémoc,Centro,124.137707266031,0.969717223138022,Muy bajo,494,410365.916422,1280.0,38593.75,-99.14578293736466,19.45542011102125
Cuauhtémoc,Centro,122.141608100126,0.954124444900853,Bajo,494,0.0,260.0,190000.0,-99.1385179549099,19.4341061671966
Cuauhtémoc,Centro,122.173075855114,0.954370259203836,Bajo,494,955.8688712145,738.0,66937.66937669377,-99.1638964448106,19.42491297538552
Cuauhtémoc,Centro,121.353701574148,0.947969614549216,Bajo,494,16130.894887423,3794.0,13020.558777016342,-99.13772249574284,19.42526002701552
Cuauhtémoc,Centro,119.341448125076,0.932250645109076,Medio,494,12705.007998946,2385.0,20712.78825995807,-99.12928648929942,19.42460645693612
Cuauhtémoc,Centro,123.485427095151,0.96462185501866,Bajo,494,5959.600048699,6722.0,7349.003272835465,-99.14568012707826,19.422031080934183
Cuauhtémoc,Centro,122.796863079535,0.959243051109022,Bajo,494,5898.772077676,5119.0,9650.322328579801,-99.14051935681395,19.42149550220394
Cuauhtémoc,Centro,123.615844102635,0.965640623780651,Bajo,494,61106.477862597,901.0,54827.968923418426,-99.16749314959304,19.418248605140924
Cuauhtémoc,Centro,123.909916720078,0.967937808804185,Muy bajo,494,410365.916422,1189.0,41547.5189234651,-99.14470084630048,19.453244395578
Cuauhtémoc,Centro,124.204504113091,0.970239015061453,Muy bajo,494,410365.916422,1418.0,34837.79971791255,-99.136052683245,19.45339069119917
Cuauhtémoc,Centro,124.921873569979,0.975842836277572,Muy bajo,494,410365.916422,1076.0,45910.78066914498,-99.14428244646048,19.455076633686893
Cuauhtémoc,Centro,122.757312351245,0.958934095649355,Bajo,494,2174.91599790522,3456.0,14293.981481481482,-99.133720753414,19.459305746911717
Cuauhtémoc,Centro,122.395161208843,0.956105106715205,Bajo,494,1522.6231589,2585.0,19110.251450676984,-99.1357235133887,19.455004722712196
Cuauhtémoc,Centro,122.674237283591,0.958285144370237,Bajo,494,3126.17992412,1556.0,31748.071979434444,-99.13177348833538,19.4552037971704
Cuauhtémoc,Centro,124.494569232585,0.972504895013648,Muy bajo,494,411860.607074045,1351.0,36565.507031828274,-99.13330187261768,19.4519120341134
Cuauhtémoc,Centro,124.595505902872,0.973293374435247,Muy bajo,494,413523.92333851,695.0,71079.13669064749,-99.1323320772566,19.45271081603064
Cuauhtémoc,Centro,123.742238274723,0.9666279676609,Muy bajo,494,4100.0583631,5014.0,9852.413242919825,-99.15680917472534,19.442688227936674
Cuauhtémoc,Centro,122.383042076772,0.956010436599594,Bajo,494,7262.714876242,10667.0,4631.105277960064,-99.14816345180978,19.441011096897803
Cuauhtémoc,Centro,122.925285141405,0.960246236103888,Bajo,494,571.7739856441,1497.0,32999.331997327994,-99.14499419489866,19.438970817344597
Cuauhtémoc,Centro,125.484664311437,0.980239146528774,Muy bajo,494,5791.391095909999,4209.0,11736.754573532906,-99.1691980656688,19.43148846809046
Cuauhtémoc,Centro,124.072794795581,0.969210151258106,Muy bajo,494,22484.206369167,732.0,67486.3387978142,-99.16274539294648,19.430297749794956
Cuauhtémoc,Centro,124.722433036202,0.974284881608889,Muy bajo,494,410365.916422,1578.0,31305.449936628644,-99.13926444175527,19.451632198983493
Cuauhtémoc,Centro,124.347487509013,0.971355947738097,Muy bajo,494,414275.0413968,1612.0,30645.16129032258,-99.1491935733912,19.454978579552503
Cuauhtémoc,Centro,124.103433136353,0.969449486488221,Muy bajo,494,27898.101985614,4538.0,10885.852798589687,-99.15661904784275,19.42221404303295
Cuauhtémoc,Centro,123.876571936403,0.967677331856904,Muy bajo,494,10709.627630006,6307.0,7832.566989059775,-99.15667868881592,19.41555692590036
Cuauhtémoc,Centro,124.554924842458,0.972976370407351,Muy bajo,494,62661.640832384,1967.0,25114.387391967462,-99.17396175667274,19.40871962299976
Cuauhtémoc,Centro,124.773877518544,0.97468674661559,Muy bajo,494,22619.531840494,2378.0,20773.75946173255,-99.17652767877784,19.411287500286075
Cuauhtémoc,Centro,124.539556629091,0.972856319686916,Muy bajo,494,50892.013349772,1252.0,39456.86900958467,-99.17410829781144,19.413143997409872
Cuauhtémoc,Centro,120.975672971408,0.945016596848238,Medio,494,31646.693900178,1788.0,27628.635346756153,-99.15019732115398,19.42881706373851
Cuauhtémoc,Centro,121.724639344266,0.950867241324496,Bajo,494,16064.745767318,7970.0,6198.243412797993,-99.1450717304068,19.42810266632822
Cuauhtémoc,Centro,118.219883208433,0.923489400516365,Alto,494,9358.930278711,1552.0,31829.896907216495,-99.1622643877526,19.41646568991757
Cuauhtémoc,Centro,123.93739282201,0.968152441810186,Muy bajo,494,25072.402768139,2701.0,18289.52239911144,-99.16155153183496,19.420556240627203
Miguel Hidalgo,Centro,122.293828999166,0.955313537488206,Bajo,226,247016.5877616,2880.0,7847.222222222222,-99.20342333012296,19.46559251079394
Miguel Hidalgo,Centro,123.484093219409,0.964611435281505,Bajo,226,22502.9189794788,309.0,73139.15857605178,-99.18805041748152,19.421563520310347
Miguel Hidalgo,Centro,123.58929904676,0.965433263757349,Bajo,226,2013.489930225,2076.0,10886.319845857419,-99.18218347691332,19.415098578819656
Miguel Hidalgo,Centro,124.513272130097,0.972650995036269,Muy bajo,226,13185.115781431,2198.0,10282.074613284803,-99.18119094135584,19.4309745806515
Miguel Hidalgo,Centro,124.897145253743,0.975649667943141,Muy bajo,226,2717.354742481,906.0,24944.812362030905,-99.17942515606585,19.432299213098016
Miguel Hidalgo,Centro,126.167114205051,0.985570189209856,Muy bajo,226,14917.260750194,1473.0,15342.837746096402,-99.2226187664118,19.431980829399286
Miguel Hidalgo,Centro,124.333939791425,0.971250118048082,Muy bajo,226,4172.9653631125,7545.0,2995.3611663353213,-99.16671080411122,19.4459648714163
Miguel Hidalgo,Centro,121.25589568914,0.947205591648312,Bajo,226,26682.221969292,4315.0,5237.543453070683,-99.18516421697622,19.45979797972792
Miguel Hidalgo,Centro,125.512562697557,0.980457078260513,Muy bajo,226,0.0,8058.0,2804.6661702655747,-99.21239958988204,19.45834639323417
Miguel Hidalgo,Centro,125.008080815683,0.976516254957195,Muy bajo,226,2300.029909502,2471.0,9146.094698502631,-99.17564429143422,19.429848392555822
Miguel Hidalgo,Centro,124.570383087029,0.973097124417799,Muy bajo,226,0.0,2446.0,9239.574816026165,-99.22641573945918,19.42402481361659
Miguel Hidalgo,Centro,123.527040910942,0.96494692654432,Bajo,226,0.0,2458.0,9194.46704637917,-99.18533761664848,19.41196018616497
Miguel Hidalgo,Centro,124.788431227621,0.974800434733916,Muy bajo,226,10479.066596925,7942.0,2845.6308234701587,-99.17894572115632,19.404355571454676
Miguel Hidalgo,Centro,123.743044094061,0.966634262419428,Muy bajo,226,7063.193744864,5224.0,4326.186830015314,-99.18139497531168,19.398236938231733
Miguel Hidalgo,Centro,124.637562422434,0.973621904196772,Muy bajo,226,1834.45333001,5300.0,4264.1509433962265,-99.17283452239052,19.401104488233997
Miguel Hidalgo,Centro,122.42711944538,0.95635475247614,Bajo,226,26176.41460726,4044.0,5588.526211671612,-99.20606992821524,19.40251188376113
Miguel Hidalgo,Centro,121.986514239254,0.9529129098129,Bajo,226,0.0,3137.0,7204.335352247371,-99.20188205603354,19.404071362369915
Miguel Hidalgo,Centro,121.773544720861,0.951249271789152,Bajo,226,0.0,6098.0,3706.1331584125946,-99.19889467898648,19.40526453597825
Miguel Hidalgo,Centro,123.99846934207,0.968629548683957,Muy bajo,226,4320.54550267,3762.0,6007.4428495481125,-99.194591904919,19.405264367445348
Miguel Hidalgo,Centro,123.324348239769,0.963363567397696,Bajo,226,71550.361935091,8675.0,2605.187319884726,-99.18944186657885,19.40158261860088
Miguel Hidalgo,Centro,125.980996950174,0.984116311000304,Muy bajo,226,75250.69025186,682.0,33137.82991202346,-99.24256650080262,19.40900568237306
Miguel Hidalgo,Centro,125.032975991888,0.976710726739145,Muy bajo,226,73929.08149962,1264.0,17879.74683544304,-99.24808166208784,19.405090193100047
Miguel Hidalgo,Centro,125.567590309159,0.98088693332948,Muy bajo,226,38442.0334022975,1905.0,11863.517060367454,-99.22883704342468,19.399638344508176
Miguel Hidalgo,Centro,125.173387369719,0.977807567774846,Muy bajo,226,72859.3855788682,1559.0,14496.472097498397,-99.25234068391802,19.39999072994519
Miguel Hidalgo,Centro,126.008939443954,0.984334587284545,Muy bajo,226,257294.5472772604,89.0,253932.5842696629,-99.16890231763809,19.452065508615632
Miguel Hidalgo,Centro,123.307139388063,0.96322913830071,Bajo,226,37707.20161621,2767.0,8167.690639681965,-99.22012373650114,19.429171035045357
Miguel Hidalgo,Centro,125.839471308241,0.983010765751241,Muy bajo,226,6723.070165086,1152.0,19618.055555555555,-99.22095010887186,19.42548639240678
Miguel Hidalgo,Centro,123.386472741602,0.963848860712139,Bajo,226,2907.85283947,6897.0,3276.787008844425,-99.19259319701104,19.45517971920921
Miguel Hidalgo,Centro,126.160570116013,0.985519069240028,Muy bajo,226,2209.673054018,185.0,122162.16216216216,-99.21114255614548,19.42706912540683
Miguel Hidalgo,Centro,125.258717790662,0.978474137028208,Muy bajo,226,78571.88158762,2723.0,8299.669482188763,-99.214671154586,19.445739342222744
Miguel Hidalgo,Centro,120.31561167042,0.939860445458044,Medio,226,0.0,349.0,64756.44699140402,-99.19681000608128,19.430758723987143
Miguel Hidalgo,Centro,123.418094259407,0.964095876152597,Bajo,226,6582.7993278760005,5001.0,4519.096180763847,-99.19436263620337,19.45768018639756
Miguel Hidalgo,Centro,122.75210626806,0.958893427679562,Bajo,226,6110.295388635001,4030.0,5607.940446650124,-99.18862018298802,19.45687579643096
Miguel Hidalgo,Centro,125.912544457059,0.983581585790679,Muy bajo,226,7305.058920993,6255.0,3613.1095123900877,-99.1864857559524,19.441566470450848
Miguel Hidalgo,Centro,125.530762555191,0.980599248724229,Muy bajo,226,22683.651249852,2003.0,11283.075386919621,-99.20936975062098,19.442034313224067
Miguel Hidalgo,Centro,124.917068691662,0.975805302369775,Muy bajo,226,12919.138917688,9902.0,2282.367198545748,-99.18020764621282,19.441762023118624
Miguel Hidalgo,Centro,122.791580317686,0.959201784154253,Bajo,226,3011.8367444220003,7375.0,3064.406779661017,-99.1880877594411,19.45071652897842
Miguel Hidalgo,Centro,124.758878552458,0.974569580316458,Muy bajo,226,114170.092888398,1100.0,20545.454545454544,-99.21289320839227,19.44911354017524
Miguel Hidalgo,Centro,123.210003672554,0.962470350512656,Bajo,226,101043.673374613,1041.0,21709.894332372718,-99.2095545095032,19.44724291660734
Miguel Hidalgo,Centro,121.823225139427,0.951637356591079,Bajo,226,0.0,5805.0,3893.195521102498,-99.19778231080772,19.4489491417114
Miguel Hidalgo,Centro,122.089205292904,0.953715093819521,Bajo,226,0.0,4656.0,4853.951890034365,-99.1974978005351,19.44680324048201
Miguel Hidalgo,Centro,125.085030193551,0.977117354644566,Muy bajo,226,75044.474850888,1613.0,14011.159330440174,-99.21178103904305,19.44603462029722
Miguel Hidalgo,Centro,125.12596258906,0.977437103170488,Muy bajo,226,13184.8825408785,18174.0,1243.5347199295697,-99.2040285393016,19.44225013230246
Miguel Hidalgo,Centro,124.822671416317,0.975067906249488,Muy bajo,226,8031.523947444,2645.0,8544.423440453686,-99.17420822936931,19.435501926570705
Miguel Hidalgo,Centro,125.200625332046,0.978020340523537,Muy bajo,226,32296.179820106,2207.0,10240.144993203445,-99.19884298798988,19.43493660417025
Miguel Hidalgo,Centro,125.360979513291,0.979272967261863,Muy bajo,226,8224.870009186001,1745.0,12951.289398280802,-99.17823232918572,19.434477230222708
Miguel Hidalgo,Centro,122.651801696254,0.958109885974288,Bajo,226,0.0,2741.0,8245.165997811016,-99.20238215689488,19.430604303384023
Miguel Hidalgo,Centro,124.316930812826,0.97111725028486,Muy bajo,226,38993.505309934,665.0,33984.96240601504,-99.19823955085155,19.429515518370007
Miguel Hidalgo,Centro,124.703649864191,0.974138154511977,Muy bajo,226,14787.258709334,877.0,25769.66932725199,-99.2126959507066,19.42060072871095
Miguel Hidalgo,Centro,125.38902139987,0.979492019965382,Muy bajo,226,10279.3012346129,78.0,289743.58974358975,-99.209277940633,19.42162002116143
Miguel Hidalgo,Centro,125.958201824259,0.983938244023795,Muy bajo,226,11675.2079258517,805.0,28074.534161490683,-99.21053222527148,19.418040245169333
Miguel Hidalgo,Centro,124.883742063726,0.975544967248317,Muy bajo,226,15929.4429431411,1836.0,12309.368191721132,-99.20554402732738,19.422856595312524
Miguel Hidalgo,Centro,123.989633391738,0.968560525553044,Muy bajo,226,8507.162158094001,8322.0,2715.693342946407,-99.17980880001636,19.40097892995612
Miguel Hidalgo,Centro,125.529162093987,0.980586746521399,Muy bajo,226,7030.641735876,3448.0,6554.524361948956,-99.18793209998418,19.4293648286582
Miguel Hidalgo,Centro,120.21103684096,0.939043546101129,Medio,226,3214.15179118,2020.0,11188.118811881188,-99.19548571637932,19.408422559230736
Miguel Hidalgo,Centro,124.448050463779,0.972141507834171,Muy bajo,226,12950.313186147,2612.0,8652.373660030627,-99.18656195706843,19.433338227307903
Miguel Hidalgo,Centro,124.990809960424,0.976381341511706,Muy bajo,226,2301.014561487,1328.0,17018.072289156626,-99.1938236707106,19.428715419703742
Miguel Hidalgo,Centro,124.695968651189,0.97407815175611,Muy bajo,226,4235.025875523001,555.0,40720.72072072072,-99.21388428132283,19.429964583821214
Miguel Hidalgo,Centro,122.117251383193,0.953934179360841,Bajo,226,32627.363164334,15549.0,1453.4696765065278,-99.19314712055036,19.44813779826844
Miguel Hidalgo,Centro,125.223589052228,0.978199724495248,Muy bajo,226,16871.165031885,1363.0,16581.071166544385,-99.21433105716804,19.42592733826969
Miguel Hidalgo,Centro,123.507329638624,0.964792949475809,Bajo,226,13930.0075715705,722.0,31301.939058171745,-99.2211358982528,19.42149164339348
Miguel Hidalgo,Centro,122.464144059812,0.956643974881524,Bajo,226,4198.12475447,8170.0,2766.217870257038,-99.19667466882136,19.452054218138528
Miguel Hidalgo,Centro,122.25144837232,0.954982475922103,Bajo,226,2386.96283573,2889.0,7822.776047075113,-99.20075697891308,19.449624184847117
Miguel Hidalgo,Centro,122.344996559188,0.955713239281578,Bajo,226,0.0,7185.0,3145.4418928322893,-99.19506404230286,19.46154627264351
Miguel Hidalgo,Centro,125.239222500727,0.978321847133085,Muy bajo,226,324.166190408,83.0,272289.156626506,-99.21438054459496,19.41918582545467
Miguel Hidalgo,Centro,125.937360831262,0.983775442000934,Muy bajo,226,17149.175325179698,1560.0,14487.179487179488,-99.21627117687862,19.444898777191124
Miguel Hidalgo,Centro,123.600325535191,0.965519398550534,Bajo,226,2739.017796812,4905.0,4607.543323139654,-99.18503098350764,19.45526907674069
Miguel Hidalgo,Centro,123.567033248731,0.965259331691809,Bajo,226,4343.740549415001,3824.0,5910.041841004184,-99.19760593643552,19.442581551307114
Miguel Hidalgo,Centro,122.774705849173,0.959069967133396,Bajo,226,0.0,4753.0,4754.891647380602,-99.17018003845855,19.439203360443585
Miguel Hidalgo,Centro,124.223421191802,0.970386788187298,Muy bajo,226,39280.061190166,1276.0,17711.598746081505,-99.19718973557544,19.439500524125265
Miguel Hidalgo,Centro,123.205745714692,0.962437088942376,Bajo,226,1832.662588567,10717.0,2108.799104226929,-99.18690534704554,19.44649455343504
Miguel Hidalgo,Centro,122.035428352688,0.953295008526472,Bajo,226,35329.7035909,2213.0,10212.381382738364,-99.21786132081576,19.431102912721844
Miguel Hidalgo,Centro,125.104751248064,0.977271408127919,Muy bajo,226,100925.275042195,1962.0,11518.858307849134,-99.21477014447385,19.45102592885668
Miguel Hidalgo,Centro,121.510511156251,0.949194552208108,Bajo,226,0.0,5129.0,4406.317020861767,-99.2079884733665,19.458297127523117
Miguel Hidalgo,Centro,122.964790591721,0.960554837869002,Bajo,226,0.0,5077.0,4451.447705337798,-99.20300818562868,19.45604988480687
Miguel Hidalgo,Centro,122.565528541391,0.957435952437025,Bajo,226,56292.0511091467,10020.0,2255.4890219560875,-99.2057186711798,19.4533410560039
Miguel Hidalgo,Centro,125.391082880391,0.979508123478251,Muy bajo,226,102763.971371236,2123.0,10645.31323598681,-99.21586508657082,19.448249255204946
Miguel Hidalgo,Centro,124.73376542626,0.974373405990886,Muy bajo,226,585.717048934,782.0,28900.2557544757,-99.17511483629836,19.438042802014483
Miguel Hidalgo,Centro,125.860851408004,0.983177779074012,Muy bajo,226,97924.530887233,848.0,26650.94339622642,-99.22313329243192,19.40928634195956
Miguel Hidalgo,Centro,125.421933653668,0.979749118151444,Muy bajo,226,19872.9939156488,1521.0,14858.645627876396,-99.22438459428564,19.416925476486533
Miguel Hidalgo,Centro,123.467928288841,0.964485160905026,Bajo,226,7592.312668667,1082.0,20887.24584103512,-99.22732989138642,19.41156016207907
Miguel Hidalgo,Centro,124.820049027596,0.975047421132073,Muy bajo,226,17159.790878779,639.0,35367.76212832551,-99.21502893743974,19.41134491524802
Miguel Hidalgo,Centro,125.78139585155,0.982557102059237,Muy bajo,226,4020.119136917,265.0,85283.01886792453,-99.19952116233245,19.41601859929829
Miguel Hidalgo,Centro,123.483159917331,0.964604144675616,Bajo,226,17506.8239432739,1448.0,15607.734806629833,-99.18603422803626,19.40091295805279
Miguel Hidalgo,Centro,123.110097303454,0.961689919417612,Bajo,226,3577.621270387,3492.0,6471.935853379153,-99.19230964137404,19.409368184012077
Miguel Hidalgo,Centro,123.81677375462,0.967210210882428,Muy bajo,226,5183.56269014,7005.0,3226.2669521770163,-99.18777068233888,19.40872824617856
Miguel Hidalgo,Centro,123.976096907556,0.968454783614188,Muy bajo,226,3455.6343662530003,1823.0,12397.147558968732,-99.18564837866036,19.404620904284773
Miguel Hidalgo,Centro,127.3437831962,0.994761886171071,Muy bajo,226,33525.601448078,1597.0,14151.534126487164,-99.21995460366404,19.43384916159166
Miguel Hidalgo,Centro,127.59284856915,0.996707491476308,Muy bajo,226,51954.4318366807,1893.0,11938.721605916535,-99.21825920972704,19.435028029641373
Miguel Hidalgo,Centro,124.736051835813,0.974391266565009,Muy bajo,226,46928.69198182,9026.0,2503.8776866829157,-99.178796780911,19.45041078473286
Miguel Hidalgo,Centro,120.347548452111,0.940109923621767,Medio,226,3753.35912072,1526.0,14809.960681520315,-99.2025400933036,19.449493950409035
Miguel Hidalgo,Centro,123.064492674395,0.961333673155081,Bajo,226,645.703972273,3168.0,7133.838383838384,-99.19200071131525,19.45235133166514
Miguel Hidalgo,Centro,124.225978205102,0.970406762616433,Muy bajo,226,7791.397317603,7071.0,3196.1533022203366,-99.18226772429692,19.45254353401702
Miguel Hidalgo,Centro,125.161015970133,0.977710927039997,Muy bajo,226,8746.363989856,1289.0,17532.97129557797,-99.17132571682158,19.45081683639087
Miguel Hidalgo,Centro,123.844492567635,0.967426739856399,Muy bajo,226,24197.27083762,7645.0,2956.1805101373448,-99.17625299253667,19.44537154810594
Miguel Hidalgo,Centro,125.194328081195,0.977971148761074,Muy bajo,226,52591.6852405977,3488.0,6479.357798165138,-99.20548407459846,19.434654848312377
Miguel Hidalgo,Centro,126.059645761188,0.984730686022202,Muy bajo,226,28565.9973558758,3967.0,5697.000252079657,-99.19356229705764,19.434802587403084
Miguel Hidalgo,Centro,125.893863116719,0.983435654164596,Muy bajo,226,5454.2642192,4042.0,5591.291439881247,-99.1884224817905,19.43562000070957
Miguel Hidalgo,Centro,124.175005696048,0.970008584488093,Muy bajo,226,17570.522907530998,862.0,26218.097447795823,-99.21691311609378,19.418177725433395
Miguel Hidalgo,Centro,121.162803213955,0.946478388137639,Bajo,226,5336.457190479,4285.0,5274.212368728121,-99.19910779240472,19.455901974752557
Miguel Hidalgo,Centro,121.597553454055,0.94987449400163,Bajo,226,775.221467455,4077.0,5543.2916360068675,-99.19251572916292,19.44383774267546
Miguel Hidalgo,Centro,123.562953773564,0.965227464361423,Bajo,226,20426.428717167,3127.0,7227.374480332586,-99.18995216338364,19.439380044846708
Miguel Hidalgo,Centro,124.904746029461,0.975709042353098,Muy bajo,226,22473.7115915539,4721.0,4787.121372590553,-99.20993989740477,19.43708305658213
Miguel Hidalgo,Centro,124.888004659107,0.975578265045153,Muy bajo,226,10120.297055677,831.0,27196.149217809867,-99.20716952495312,19.42875120373282
Miguel Hidalgo,Centro,125.539221576719,0.980665327428655,Muy bajo,226,8677.023661146,4046.0,5585.763717251607,-99.2126037904542,19.4323733407604
Miguel Hidalgo,Centro,125.625626103177,0.981340287191553,Muy bajo,226,176626.4894283331,303.0,74587.4587458746,-99.22273238103878,19.43840479570876
Miguel Hidalgo,Centro,121.459914892819,0.948799313169485,Bajo,226,537.105482832,8511.0,2655.3871460462933,-99.17307705849284,19.441881615812694
Miguel Hidalgo,Centro,124.742959065858,0.974445223256228,Muy bajo,226,19258.446342732,9287.0,2433.509206417573,-99.1725462181901,19.446728251047304
Miguel Hidalgo,Centro,124.362564163874,0.971473720912808,Muy bajo,226,109289.2210610349,1029.0,21963.07094266278,-99.2399910804648,19.404214261329304
Miguel Hidalgo,Centro,124.631966124033,0.973578188012018,Muy bajo,226,42303.639240606,4680.0,4829.059829059829,-99.17566765190548,19.45613615342402
Miguel Hidalgo,Centro,123.529714320877,0.964967810220327,Bajo,226,160897.08025815198,1201.0,18817.651956702746,-99.16822808258271,19.45594254990136
Miguel Hidalgo,Centro,124.880555101775,0.975520071896519,Muy bajo,226,102402.29463006112,1059.0,21340.88762983947,-99.23402962741376,19.410237348290128
Miguel Hidalgo,Centro,123.707240465213,0.966354577895605,Muy bajo,226,21971.6880659,1535.0,14723.12703583062,-99.23079940989518,19.417917283471265
Miguel Hidalgo,Centro,119.949211542406,0.936998265041471,Medio,226,7772.7371252115,3263.0,6926.141587496169,-99.20232204185838,19.44692142664516
Miguel Hidalgo,Centro,123.370452621539,0.963723717541032,Bajo,226,49847.2219239519,1997.0,11316.975463194793,-99.23482632586398,19.40215649828603
Miguel Hidalgo,Centro,125.401330141763,0.979588171241828,Muy bajo,226,151796.1003929204,6096.0,3707.3490813648295,-99.24536084856192,19.39432973122295
Venustiano Carranza,Norte,121.635179795449,0.950168416872419,Bajo,324,74322.77161094,3664.0,8842.794759825327,-99.10063613999772,19.447792192473027
Venustiano Carranza,Norte,124.49243487733,0.97248822223068,Muy bajo,324,1970.98638771,4132.0,7841.239109390126,-99.12615185943464,19.416025616504644
Venustiano Carranza,Norte,119.959151522302,0.937075912437376,Medio,324,18589.7381112873,13581.0,2385.685884691849,-99.12337932865104,19.446938416199043
Venustiano Carranza,Norte,121.789381176324,0.951372980241272,Bajo,324,55672.80154944,2791.0,11608.74238624149,-99.0798816082435,19.408567874655795
Venustiano Carranza,Norte,121.326505361321,0.94775716793196,Bajo,324,31647.181387697,5009.0,6468.356957476542,-99.05550083836118,19.42869519100476
Venustiano Carranza,Norte,121.562395635018,0.949599854301904,Bajo,324,29121.02421808,2663.0,12166.729252722494,-99.09414092147249,19.412461906645643
Venustiano Carranza,Norte,122.352059317999,0.955768410905192,Bajo,324,23120.62676495,2419.0,13393.964448119059,-99.09261275874675,19.412288602245443
Venustiano Carranza,Norte,121.844016428209,0.951799770343253,Bajo,324,37687.27169014,3613.0,8967.616938831996,-99.0905421032705,19.412588774565403
Venustiano Carranza,Norte,121.186485041345,0.946663381693591,Bajo,324,4430.705187916999,5702.0,5682.216766047001,-99.12234328829236,19.43918944947623
Venustiano Carranza,Norte,121.746978071927,0.951041743088973,Bajo,324,50246.0936516304,3850.0,8415.584415584415,-99.11257970562076,19.451881523037816
Venustiano Carranza,Norte,122.085705850555,0.953687757488022,Bajo,324,9564.25062193,3587.0,9032.617786451074,-99.1061993208888,19.45049503523416
Venustiano Carranza,Norte,123.954634520142,0.968287127491131,Muy bajo,324,157981.20994462,10277.0,3152.67101294152,-99.11991453472922,19.453081336381647
Venustiano Carranza,Norte,119.948092542704,0.936989523835371,Medio,324,22639.5897090044,4890.0,6625.766871165645,-99.1216551156289,19.43307683449268
Venustiano Carranza,Norte,118.173313229374,0.923125613301593,Alto,324,1676.14232772,368.0,88043.47826086957,-99.12448955531411,19.42543714158583
Venustiano Carranza,Norte,121.989355778442,0.952935106851593,Bajo,324,5299.86209396,2912.0,11126.373626373626,-99.09494181287312,19.450007034078137
Venustiano Carranza,Norte,122.690457053248,0.958411847129112,Bajo,324,1427.177501244,2899.0,11176.267678509832,-99.09088764945456,19.44815215412249
Venustiano Carranza,Norte,122.418193096584,0.95628502318632,Bajo,324,597.293909231,3305.0,9803.328290468986,-99.09107152413748,19.445952145495248
Venustiano Carranza,Norte,121.224389070185,0.946959473754592,Bajo,324,26790.826742157,5176.0,6259.659969088099,-99.08322641868324,19.444179174845623
Venustiano Carranza,Norte,120.682597712548,0.942727202815982,Medio,324,10344.964805496,2974.0,10894.41829186281,-99.1212869730498,19.44984468089913
Venustiano Carranza,Norte,121.700330285131,0.950677348069329,Bajo,324,9498.224246447,3668.0,8833.151581243184,-99.08985158956182,19.442330054089325
Venustiano Carranza,Norte,122.010129903415,0.953097386526525,Bajo,324,38577.176132655,8393.0,3860.3598236625758,-99.0635589453247,19.422032579693276
Venustiano Carranza,Norte,119.299554288591,0.931923386166748,Medio,324,10122.477634574,3055.0,10605.56464811784,-99.12461206584273,19.42060210749596
Venustiano Carranza,Norte,122.949573525106,0.960435967850315,Bajo,324,29034.11149747,4012.0,8075.7726819541385,-99.0886579401881,19.41129108688213
Venustiano Carranza,Norte,121.847395979065,0.951826170127357,Bajo,324,41798.97499476,3703.0,8749.662435862814,-99.08609261626178,19.410581543407226
Venustiano Carranza,Norte,121.815532433232,0.9515772640547,Bajo,324,33633.145239013,2438.0,13289.581624282198,-99.08344384635105,19.40958981337621
Venustiano Carranza,Norte,123.1709950025,0.962165629408684,Bajo,324,7977.991798348999,10188.0,3180.2120141342753,-99.12614857867938,19.411526272818207
Venustiano Carranza,Norte,123.523568579699,0.964919801994615,Bajo,324,9210.339060131,4440.0,7297.2972972972975,-99.12396220901208,19.40687266050219
Venustiano Carranza,Norte,121.096720313717,0.945962173299075,Medio,324,31974.36738676,6791.0,4771.020468266824,-99.11678070781748,19.407808617142702
Venustiano Carranza,Norte,124.186251505278,0.970096432533128,Muy bajo,324,25230.657331669,5519.0,5870.628737090053,-99.1096612794571,19.407465254979897
Venustiano Carranza,Norte,124.409900095699,0.971843491463388,Muy bajo,324,29388.10401571,1543.0,20998.05573558004,-99.10016355442056,19.41026409112664
Venustiano Carranza,Norte,122.13539143717,0.954075882660805,Bajo,324,47019.479982560006,2629.0,12324.077596044124,-99.10496921379357,19.445924151272205
Venustiano Carranza,Norte,122.829076613803,0.959494691160104,Bajo,324,4346.675859004,3016.0,10742.705570291777,-99.089613782522,19.41820988355524
Venustiano Carranza,Norte,122.427988301268,0.956361539652559,Bajo,324,52564.361601973,3484.0,9299.655568312284,-99.08544192819046,19.417004189282856
Venustiano Carranza,Norte,121.219370483124,0.946920270434217,Bajo,324,12176.11211904,547.0,59232.17550274223,-99.11207038700825,19.409927167798504
Venustiano Carranza,Norte,122.910253329032,0.960128813221883,Bajo,324,3924.871530848,1652.0,19612.590799031477,-99.10988616368968,19.4471238245657
Venustiano Carranza,Norte,122.395858371362,0.956110552687404,Bajo,324,7405.035919213999,1487.0,21788.83658372562,-99.10769177319578,19.44636802119494
Venustiano Carranza,Norte,121.046809788835,0.945572290992889,Medio,324,2297866.272717235,1419.0,22832.980972515856,-99.08421388515524,19.436888299319868
Venustiano Carranza,Norte,123.452659366611,0.964365885809722,Bajo,324,10122.297942667,4882.0,6636.624334289226,-99.10892483782229,19.43096628737941
Venustiano Carranza,Norte,122.305065639526,0.955401313909463,Bajo,324,18671.7437383854,1856.0,17456.896551724138,-99.10644699188076,19.429785702043223
Venustiano Carranza,Norte,122.387171215216,0.956042691880875,Bajo,324,0.0,2185.0,14828.37528604119,-99.1090570298014,19.442375692224417
Venustiano Carranza,Norte,122.715920696322,0.958610759561093,Bajo,324,114660.823625486,2421.0,13382.899628252786,-99.11526412595104,19.444185890675342
Venustiano Carranza,Norte,121.412301099726,0.948427372070862,Bajo,324,339.489477537,1596.0,20300.751879699248,-99.11191473223562,19.44313018806354
Venustiano Carranza,Norte,121.500016005072,0.949112568022299,Bajo,324,57933.783137888,3381.0,9582.963620230701,-99.10646440476866,19.44216101880468
Venustiano Carranza,Norte,120.016412930138,0.937523217084951,Medio,324,73539.27098469001,3631.0,8923.161663453593,-99.10256922315028,19.443379559881464
Venustiano Carranza,Norte,122.912202028291,0.96014403572982,Bajo,324,16151.720040539,3513.0,9222.886421861656,-99.09794028860676,19.442908161392435
Venustiano Carranza,Norte,122.049473317298,0.953404722523773,Bajo,324,2673.704616968,3467.0,9345.255263916932,-99.0930143713506,19.4435626322224
Venustiano Carranza,Norte,120.735864395855,0.94314330217338,Medio,324,3730.02383740032,3022.0,10721.376571806752,-99.08722127052476,19.441080779523045
Venustiano Carranza,Norte,123.487540964579,0.964638367774027,Bajo,324,36484.980875753,1474.0,21981.004070556308,-99.10982548391796,19.425179483059257
Venustiano Carranza,Norte,120.352194597977,0.940146217571176,Medio,324,49872.432462096,7102.0,4562.095184455083,-99.11697529420452,19.4397451112848
Venustiano Carranza,Norte,121.957441229827,0.95268580236432,Bajo,324,9783.58300407,1928.0,16804.979253112033,-99.11060490797767,19.43979896900694
Venustiano Carranza,Norte,121.127922568616,0.946205913614913,Medio,324,9393.318407782,6818.0,4752.12672337929,-99.11824121673423,19.43844651060907
Venustiano Carranza,Norte,122.87844832711,0.959880364472301,Bajo,324,84538.20010698799,2343.0,13828.42509603073,-99.11252291867518,19.436513085894624
Venustiano Carranza,Norte,122.042633431515,0.953351291900691,Bajo,324,1577.26499384,4238.0,7645.115620575743,-99.09930461337642,19.43039202086538
Venustiano Carranza,Norte,122.330193584676,0.955597603995131,Bajo,324,81560.080546161,2531.0,12801.264322402212,-99.1084598117972,19.436936793726563
Venustiano Carranza,Norte,121.081112743195,0.94584025281029,Medio,324,43418.574840730005,6439.0,5031.837241807734,-99.10394284054118,19.438641844668936
Venustiano Carranza,Norte,122.50946857891,0.956998033030074,Bajo,324,2806.660724826,3905.0,8297.055057618438,-99.09887807491326,19.43981735012321
Venustiano Carranza,Norte,124.132641697227,0.969677652813885,Muy bajo,324,11262.109122842,5328.0,6081.081081081082,-99.09949767003464,19.437174158702632
Venustiano Carranza,Norte,122.632795649227,0.95796141786132,Bajo,324,14863.109252968,3543.0,9144.792548687552,-99.10384071397732,19.43250380895821
Venustiano Carranza,Norte,122.840896205265,0.959587021376796,Bajo,324,23917.125195492,5390.0,6011.131725417439,-99.0984982702763,19.433774051817387
Venustiano Carranza,Norte,121.955383381765,0.952669727226865,Bajo,324,14473.388868701,3597.0,9007.506255212676,-99.0907037222538,19.43463815491857
Venustiano Carranza,Norte,116.764870659994,0.91212338805184,Alto,324,7748.742574939,2007.0,16143.497757847534,-99.1237167619881,19.430909090066592
Venustiano Carranza,Norte,121.394851805709,0.948291064728697,Bajo,324,14947.677630952,3123.0,10374.63976945245,-99.12136123254125,19.427946709393527
Venustiano Carranza,Norte,122.553890567157,0.957345040946023,Bajo,324,20312.607909827,2021.0,16031.66749134092,-99.1071396591283,19.427179967858883
Venustiano Carranza,Norte,121.769163124292,0.951215044399657,Bajo,324,31848.5752850154,5209.0,6220.003839508543,-99.1014223944613,19.42815078019722
Venustiano Carranza,Norte,122.435712925206,0.956421881518375,Bajo,324,29888.617622008,3103.0,10441.50821785369,-99.09466750576846,19.42806325040393
Venustiano Carranza,Norte,122.394763283398,0.956101998270836,Bajo,324,26347.955332411,3902.0,8303.434136340338,-99.09298913489822,19.431138228315007
Venustiano Carranza,Norte,118.575392968583,0.926266509462581,Alto,324,4159.202649245,1989.0,16289.592760180996,-99.12190827476034,19.4240433921917
Venustiano Carranza,Norte,122.78428847632,0.959144823023615,Bajo,324,29585.901786534003,4389.0,7382.091592617908,-99.09724689086325,19.425166460523258
Venustiano Carranza,Norte,121.6317579027,0.950141686329318,Bajo,324,182.3735722829,3529.0,9181.07112496458,-99.06959234800108,19.42838615787369
Venustiano Carranza,Norte,121.423005660953,0.948510992089436,Bajo,324,4665.6704815987,3791.0,8546.557636507518,-99.06602080686648,19.42708392922219
Venustiano Carranza,Norte,124.264303805595,0.970706147837119,Muy bajo,324,27382.644109176,2580.0,12558.139534883721,-99.11397652404996,19.414453976787865
Venustiano Carranza,Norte,123.518988686413,0.964884025585523,Bajo,324,19211.40566344,1274.0,25431.711145996862,-99.11078842258136,19.412521182388808
Venustiano Carranza,Norte,123.331304778185,0.963417909267421,Bajo,324,26473.427703759,1058.0,30623.818525519848,-99.1058026482482,19.4121302471448
Venustiano Carranza,Norte,123.832282550781,0.967331359782941,Muy bajo,324,57849.127642496,2248.0,14412.811387900356,-99.06145514534664,19.42622209856422
Venustiano Carranza,Norte,121.135585756613,0.946265775566195,Medio,324,23108.34159037,4947.0,6549.423893268648,-99.11841187316588,19.435455322898115
Venustiano Carranza,Norte,125.071225188568,0.977009515121892,Muy bajo,324,36359.502681816,1718.0,18859.138533178113,-99.11108829556603,19.42174739980104
Venustiano Carranza,Norte,123.167346696844,0.962137130212843,Bajo,324,9020.37000619,3456.0,9375.0,-99.08900456968009,19.42180497497119
Venustiano Carranza,Norte,121.21627604336,0.946896097831056,Bajo,324,7991.2119522,4497.0,7204.803202134756,-99.11891676799256,19.41012231243585
Venustiano Carranza,Norte,123.154147731814,0.962034024847046,Bajo,324,28130.856740202,1428.0,22689.0756302521,-99.11248882538648,19.42570616053598
Venustiano Carranza,Norte,122.48170419637,0.956781148084065,Bajo,324,597.039442567,2635.0,12296.015180265655,-99.09559793755052,19.435978043502583
Venustiano Carranza,Norte,119.757206493644,0.935498393593748,Medio,324,5086.66481514,1384.0,23410.404624277457,-99.1218365116334,19.41971239801423
Venustiano Carranza,Norte,121.572239760694,0.949676752920583,Bajo,324,10990.612653794,4897.0,6616.295691239535,-99.09026866533333,19.438105195382573
Venustiano Carranza,Norte,120.463904440079,0.941018852971543,Medio,324,0.0,1799.0,18010.00555864369,-99.11050053303472,19.442836577740504
Venustiano Carranza,Norte,121.813740796105,0.951563268457249,Bajo,324,1536.74658489,2976.0,10887.09677419355,-99.1067018358604,19.44879237103263
Venustiano Carranza,Norte,122.862745456466,0.959757699534695,Bajo,324,1933.886156425,4499.0,7201.600355634585,-99.09650743009604,19.44681540192045
Venustiano Carranza,Norte,121.557240511518,0.949559584410058,Bajo,324,3563.33790049,1827.0,17733.99014778325,-99.11491013851897,19.44930045799765
Venustiano Carranza,Norte,121.548789217651,0.949493566071222,Bajo,324,3563.33790049,2235.0,14496.644295302014,-99.11508884172962,19.448230929423246
Venustiano Carranza,Norte,120.655039111085,0.942511925354586,Medio,324,27605.617421479,7677.0,4220.398593200469,-99.1192857289051,19.44417358605373
Venustiano Carranza,Norte,121.039172236385,0.945512629296886,Medio,324,13772.1459510686,1910.0,16963.350785340313,-99.11580478897405,19.44700071178064
Venustiano Carranza,Norte,121.268770577882,0.947306165451668,Bajo,324,2051.6774594065,3052.0,10615.989515072084,-99.06971596477348,19.4258623563888
Venustiano Carranza,Norte,122.353620628864,0.955780607280249,Bajo,324,8378.5707433799,4441.0,7295.654131952263,-99.07115288345292,19.423588220834745
Venustiano Carranza,Norte,121.681128754295,0.950527352910142,Bajo,324,8689.1012619132,1426.0,22720.897615708272,-99.11912671798908,19.417819767876683
Venustiano Carranza,Norte,122.678370463878,0.958317431224879,Bajo,324,34613.79601397,170.0,190588.23529411765,-99.11372209137944,19.418533343506876
Venustiano Carranza,Norte,123.807261156001,0.967135902028809,Muy bajo,324,69075.608598677,3159.0,10256.410256410256,-99.11159550047851,19.41663645612588
Venustiano Carranza,Norte,122.786663559407,0.959163376282142,Bajo,324,7492.328810064,4115.0,7873.633049817739,-99.12297274516058,19.415718787117463
Venustiano Carranza,Norte,123.985904865003,0.968531399700219,Muy bajo,324,55033.972257113,1702.0,19036.427732079905,-99.11834632573893,19.41552195276942
Venustiano Carranza,Norte,124.600667735884,0.973333696739282,Muy bajo,324,101486.1998062201,2583.0,12543.554006968641,-99.08171737251185,19.41601029596137
Venustiano Carranza,Norte,121.492406083785,0.949053122170585,Bajo,324,25115.584899529,3707.0,8740.221203129217,-99.07844008181615,19.4145752400344
Venustiano Carranza,Norte,122.95115771188,0.960448342923392,Bajo,324,15533.046461724,2763.0,11726.384364820846,-99.12330257677516,19.41111244043254
Venustiano Carranza,Norte,122.947174093057,0.960417224386828,Bajo,324,12959.675103099,3109.0,10421.357349630105,-99.1182447697913,19.41276445540494
Venustiano Carranza,Norte,122.995587986518,0.960795415569526,Bajo,324,5950.08345482,2822.0,11481.218993621545,-99.0856902147617,19.419922034168387
Venustiano Carranza,Norte,120.815051074324,0.943761878814162,Medio,324,9896.973211243,860.0,37674.41860465116,-99.10804568568932,19.420659476489178
Venustiano Carranza,Norte,124.992263528313,0.976392696239026,Muy bajo,324,9404.48996746,643.0,50388.802488335925,-99.10961614840762,19.421297543635056
Venustiano Carranza,Norte,122.273984342239,0.955158518469136,Bajo,324,48806.62596294,3946.0,8210.846426761276,-99.10313373545772,19.42530871729278
Venustiano Carranza,Norte,122.345936298122,0.955720580169765,Bajo,324,15497.17249843,2458.0,13181.448331977217,-99.09543689605206,19.415102268172
Venustiano Carranza,Norte,122.481249788233,0.956777598418081,Bajo,324,33835.961443777,2452.0,13213.703099510603,-99.0942065777922,19.41440502194555
Venustiano Carranza,Norte,124.674471818803,0.973910226561852,Muy bajo,324,33800.134875356,1288.0,25155.279503105587,-99.10221981743852,19.421240837064783
Venustiano Carranza,Norte,123.483800084,0.964609145417607,Bajo,324,31721.92006551,2306.0,14050.303555941024,-99.09712138472466,19.422228880308253
Venustiano Carranza,Norte,120.963324019301,0.944920131464671,Medio,324,29090.54744506,2189.0,14801.279122887163,-99.1182566005779,19.43303524031284
Venustiano Carranza,Norte,123.711060714404,0.966384420249865,Muy bajo,324,10934.977656339,1213.0,26710.63478977741,-99.1075231231313,19.42364568255925
Venustiano Carranza,Norte,122.226220738866,0.954785407108782,Bajo,324,15197.204938297,201.0,161194.02985074627,-99.09316856145608,19.421819946035622
Venustiano Carranza,Norte,121.538640905623,0.949414291262813,Bajo,324,787255.0311478182,4011.0,8077.786088257292,-99.05474961504376,19.43500649158587
Venustiano Carranza,Norte,124.133054812286,0.969680879913821,Muy bajo,324,52267.40122,2513.0,12892.956625547156,-99.0609208459363,19.427034708869275
Venustiano Carranza,Norte,120.311885355936,0.939831336886493,Medio,324,52267.40122,1356.0,23893.805309734515,-99.06226409329696,19.42975784934465
Venustiano Carranza,Norte,120.761669182461,0.943344879490717,Medio,324,52267.40122,1181.0,27434.377646062658,-99.06141701220932,19.429490201571188
Venustiano Carranza,Norte,122.427195696468,0.956355348121051,Bajo,324,3278.146825817,5152.0,6288.819875776397,-99.12116712735512,19.45751433459535
Venustiano Carranza,Norte,121.814854991181,0.95157197213141,Bajo,324,3469.007320381,4855.0,6673.532440782698,-99.11707291950556,19.455992305752872
Venustiano Carranza,Norte,124.6601263594,0.973798165211894,Muy bajo,324,11849.224600649,815.0,39754.601226993866,-99.11310986957238,19.42335141135702
Venustiano Carranza,Norte,122.728482326838,0.958708886308642,Bajo,324,14799.31021791,961.0,33714.880332986475,-99.11328421505765,19.421213413432135
Venustiano Carranza,Norte,122.883736437443,0.959921673207425,Bajo,324,15131.1636612226,2109.0,15362.731152204837,-99.11582418800252,19.420553899167928
Venustiano Carranza,Norte,121.100754020645,0.945993683105142,Medio,324,55274.768132564335,2881.0,11246.09510586602,-99.0829984353809,19.440256254901453
Venustiano Carranza,Norte,120.660673095904,0.942555935931504,Medio,324,2346267.1233826703,3400.0,9529.411764705883,-99.07893412406128,19.440361503070395
Venustiano Carranza,Norte,121.641197108203,0.950215421863432,Bajo,324,54820.24359088,4295.0,7543.655413271245,-99.06161701324126,19.42463034449572
Venustiano Carranza,Norte,124.815456697562,0.975011547571768,Muy bajo,324,5789.733042042,366.0,88524.59016393442,-99.10287074245863,19.41869563353761
Venustiano Carranza,Norte,123.708144995309,0.966361643745561,Muy bajo,324,15636.466231385,1753.0,18482.601254991445,-99.10376985104487,19.41651336143818
Venustiano Carranza,Norte,124.108292427387,0.969487445447768,Muy bajo,324,7571.147774575,486.0,66666.66666666666,-99.10646694507548,19.420078380761183
Venustiano Carranza,Norte,122.792311771811,0.959207497999615,Bajo,324,10213.98855489,996.0,32530.12048192771,-99.10471110916988,19.41949407968253
Venustiano Carranza,Norte,119.671522944316,0.934829065833851,Medio,324,54700.13383442,1079.0,30027.803521779428,-99.0603858158142,19.42841759247294
Venustiano Carranza,Norte,120.849936959181,0.944034394266036,Medio,324,26414.71620781,4462.0,7261.317794710892,-99.05727368024316,19.426019853110542
Venustiano Carranza,Norte,109.206492428208,0.853080171355019,Muy alto,324,53485.4939295919,900.0,36000.0,-99.05949527731352,19.42714073343385
Venustiano Carranza,Norte,124.308505712606,0.97105143656097,Muy bajo,324,9269.706483857,1940.0,16701.03092783505,-99.10277597541136,19.41318699029204
Venustiano Carranza,Norte,121.71562445693,0.950796820404799,Bajo,324,31738.286581448003,1312.0,24695.121951219513,-99.10670291631074,19.416161019295725
Venustiano Carranza,Norte,123.845464121413,0.96743432927022,Muy bajo,324,12944.222708385,1222.0,26513.9116202946,-99.10736926961803,19.41393022236324
Venustiano Carranza,Norte,123.249539608727,0.962779190421853,Bajo,324,34655.81603763,807.0,40148.69888475836,-99.1088887360136,19.41574851818847
Venustiano Carranza,Norte,124.21376966066,0.970311394044905,Muy bajo,324,24553.055975720003,1135.0,28546.255506607933,-99.10911765378788,19.41858218305522
Venustiano Carranza,Norte,123.467646783451,0.964482961890476,Bajo,324,32205.77512718,1213.0,26710.63478977741,-99.1101862581747,19.41577610249036
Venustiano Carranza,Norte,123.364786231949,0.96367945383019,Bajo,324,68960.20161167,2078.0,15591.915303176133,-99.0968739422731,19.41581234929921
Venustiano Carranza,Norte,122.600888593385,0.957712171904787,Bajo,324,13161.536548766,1299.0,24942.263279445728,-99.0993150061155,19.412315488926545
Venustiano Carranza,Norte,121.996793347394,0.952993206351491,Bajo,324,51105.8066092,1182.0,27411.167512690354,-99.10022931474752,19.415383337481376
Venustiano Carranza,Norte,124.219907618129,0.970359341467196,Muy bajo,324,30832.265793863,885.0,36610.16949152543,-99.0980140752954,19.41927661052656
Venustiano Carranza,Norte,124.502254204674,0.972564927134092,Muy bajo,324,56903.96430367,965.0,33575.12953367875,-99.100274771491,19.42038754330068
Venustiano Carranza,Norte,124.11266393826,0.969521594051588,Muy bajo,324,28777.122303303,1331.0,24342.599549211118,-99.10043993146743,19.418091139494024
Venustiano Carranza,Norte,124.173456683033,0.969996484179224,Muy bajo,324,40732.789356496,2153.0,15048.769159312586,-99.10464659836738,19.422801053966467
Venustiano Carranza,Norte,120.185433332026,0.938843541089498,Medio,324,2740.7981721423,4277.0,7575.403320084171,-99.07681453062204,19.412542935172013
Venustiano Carranza,Norte,122.049129683512,0.953402038185489,Bajo,324,17295.326122062,3171.0,10217.596972563859,-99.0728225897768,19.418236523089178
Milpa Alta,Sur,120.270108301415,0.939504990201084,Medio,146,32963.78738331,1969.0,7414.931437277806,-98.96943292613278,19.207702803823604
Milpa Alta,Sur,120.32661446827,0.939946395189293,Medio,146,0.0,3527.0,4139.495321803232,-98.99871566000702,19.180001623630098
Milpa Alta,Sur,121.07345290652,0.94578041703828,Medio,146,0.0,382.0,38219.89528795812,-99.06199577706693,19.184360478795195
Milpa Alta,Sur,118.26344009744,0.92382965060142,Alto,146,4085.217225342,3177.0,4595.530374567202,-99.02923780480717,19.197636420628548
Milpa Alta,Sur,121.626328404884,0.950099273128196,Bajo,146,0.0,134.0,108955.22388059701,-99.07448484724864,19.191520388078445
Milpa Alta,Sur,117.69418962133,0.919382879325231,Alto,146,2168.076437489,1950.0,7487.179487179488,-99.0331809321634,19.173658126639506
Milpa Alta,Sur,119.501115935172,0.933497910173341,Medio,146,6016.612930316,3378.0,4322.084073416223,-99.0230091212343,19.191735854891576
Milpa Alta,Sur,118.745956084513,0.92759888457077,Medio,146,0.0,2761.0,5287.939152480985,-99.01803477095474,19.18713747539279
Milpa Alta,Sur,115.256520403653,0.900340721412409,Alto,146,17335.154525079997,416.0,35096.153846153844,-99.02931836240512,19.20254959967763
Milpa Alta,Sur,118.918574875429,0.928947317841167,Medio,146,0.0,165.0,88484.8484848485,-98.99646253237655,19.19282198987802
Milpa Alta,Sur,121.204690953372,0.946805599451959,Bajo,146,1077.103887159,4866.0,3000.4110152075627,-99.0775667272112,19.184372995623168
Milpa Alta,Sur,120.831544872011,0.943890722177259,Medio,146,0.0,275.0,53090.90909090909,-99.0041629542121,19.222289456363665
Milpa Alta,Sur,120.664652640036,0.942587022638107,Medio,146,3401.3905624642,3368.0,4334.916864608076,-99.00166584873136,19.19819491938552
Milpa Alta,Sur,120.142499026603,0.938508154393957,Medio,146,2654.019962661,2324.0,6282.271944922548,-99.01926443347296,19.195488717211024
Milpa Alta,Sur,116.171142041032,0.907485402701881,Alto,146,0.0,1830.0,7978.142076502732,-99.09818266501986,19.20426780485589
Milpa Alta,Sur,120.413939806047,0.940628547984962,Medio,146,170.7861535245,5875.0,2485.1063829787236,-99.08936694286398,19.195710932903072
Milpa Alta,Sur,117.814633689521,0.920323743224858,Alto,146,22388.709487353,1395.0,10465.949820788532,-99.0464762933915,19.20659028280775
Milpa Alta,Sur,119.439397518248,0.933015789041944,Medio,146,25687.115898851,1588.0,9193.954659949623,-99.05125109316256,19.205109465097514
Milpa Alta,Sur,116.292838623288,0.908436050771747,Alto,146,12725.2540785847,3035.0,4810.543657331136,-99.0535919357358,19.1972427039596
Milpa Alta,Sur,117.201497094151,0.91553415004031,Alto,146,0.0,3057.0,4775.924108603206,-99.04702274286946,19.1971969537143
Milpa Alta,Sur,115.363980826789,0.901180161945151,Alto,146,0.0,159.0,91823.89937106919,-99.05725720295828,19.202148253778656
Milpa Alta,Sur,119.752387182386,0.935460746941227,Medio,146,11628.8582362355,4952.0,2948.3037156704363,-99.01081690588184,19.198588933806885
Milpa Alta,Sur,119.449072679738,0.933091367775752,Medio,146,0.0,722.0,20221.606648199446,-99.01731891071972,19.202923439524863
Milpa Alta,Sur,119.747099588783,0.935419442242606,Medio,146,46088.466295573104,10423.0,1400.7483450062361,-98.99824320496484,19.22151948167317
Milpa Alta,Sur,120.765925942755,0.943378131706044,Medio,146,13853.3990620775,2109.0,6922.712185870081,-98.97335547660651,19.21067825592615
Milpa Alta,Sur,119.877750478226,0.936440038002763,Medio,146,18701.5078820262,3799.0,3843.116609634114,-99.00708556520722,19.19014115252014
Milpa Alta,Sur,115.028441651301,0.898559055718249,Muy alto,146,0.0,1152.0,12673.611111111111,-99.0730709431049,19.176083774934096
Milpa Alta,Sur,119.793270525865,0.935780112291082,Medio,146,0.0,9142.0,1597.0247210676,-99.09486099501662,19.192193866509808
Milpa Alta,Sur,121.503996395905,0.949143661343026,Bajo,146,8330.60992362,7426.0,1966.065176407218,-98.99785704597676,19.21249871023189
Milpa Alta,Sur,121.816780591535,0.951587014199364,Bajo,146,5573.674117577,3231.0,4518.724852986691,-98.9871686774896,19.21959191623904
Milpa Alta,Sur,120.041340161068,0.937717939266393,Medio,146,10457.010090885,5998.0,2434.1447149049686,-99.07060288077098,19.188716304558422
Milpa Alta,Sur,120.192725506636,0.938900504823313,Medio,146,18466.2270524589,4502.0,3243.003109729009,-99.0685039094454,19.181701603875453
Milpa Alta,Sur,120.752692322915,0.943274755629866,Medio,146,3249.856343208,1635.0,8929.66360856269,-98.99531016485508,19.18772215705424
Milpa Alta,Sur,118.630636297103,0.926698049631224,Medio,146,0.0,971.0,15036.045314109168,-98.98462856936408,19.20796241722428
Milpa Alta,Sur,121.233427503925,0.947030078609966,Bajo,146,0.0,681.0,21439.06020558003,-99.08331614750342,19.18799212591108
Milpa Alta,Sur,118.536616096603,0.92596359907824,Alto,146,0.0,2338.0,6244.653550042772,-99.03390187575891,19.179067115200866
Milpa Alta,Sur,119.942145160126,0.936943065112668,Medio,146,11421.79479239,3357.0,4349.121239201669,-99.00385036626464,19.17558434014119
Milpa Alta,Sur,119.182671878015,0.931010344600945,Medio,146,377.5434859331,4831.0,3022.1486234734007,-98.99443814860985,19.1712073362636
Milpa Alta,Sur,117.988917907907,0.921685186190189,Alto,146,2337.40975588,987.0,14792.299898682879,-99.03343763702276,19.195797870980293
Milpa Alta,Sur,117.843774961911,0.920551383918107,Alto,146,1198.97296443,4448.0,3282.374100719424,-99.02940392220366,19.18770989856732
Milpa Alta,Sur,121.456808623985,0.948775048162063,Bajo,146,40906.459250388405,5442.0,2682.8371922087467,-98.98680116020076,19.213228561649867
Milpa Alta,Sur,120.80170521281,0.943657625948109,Medio,146,17170.70662312,4933.0,2959.6594364484085,-99.06874638618082,19.206816875763497
Coacalco de Berriozábal,Norte,122.809835687352,0.959344388257147,Bajo,72,0.0,1699.0,4237.786933490288,-99.079851273867,19.64825784547953
Coacalco de Berriozábal,Norte,122.794867608391,0.959227463236655,Bajo,72,0.0,1294.0,5564.142194744977,-99.08026387721206,19.65748905297845
Coacalco de Berriozábal,Norte,121.262220017713,0.947254994931787,Bajo,72,0.0,2608.0,2760.7361963190183,-99.07633356378108,19.64141440397685
Coacalco de Berriozábal,Norte,123.915922789224,0.967984725964348,Muy bajo,72,0.0,12257.0,587.4194337929346,-99.0866815502226,19.65149397192539
Coacalco de Berriozábal,Norte,121.825439096458,0.951654651193274,Bajo,72,0.0,5871.0,1226.3668880940215,-99.11490391120054,19.64818359256842
Coacalco de Berriozábal,Norte,123.997152899758,0.968619265130226,Muy bajo,72,0.0,4325.0,1664.7398843930634,-99.12406525166604,19.6353728425344
Coacalco de Berriozábal,Norte,124.295807813364,0.970952245333231,Muy bajo,72,0.0,22110.0,325.64450474898234,-99.10279516248691,19.65896568169625
Coacalco de Berriozábal,Norte,123.926136274929,0.96806450988508,Muy bajo,72,0.0,1837.0,3919.43385955362,-99.083580707867,19.646218840476045
Coacalco de Berriozábal,Norte,122.905683480614,0.960093115279523,Bajo,72,0.0,1549.0,4648.160103292446,-99.07952808189192,19.639805282268096
Coacalco de Berriozábal,Norte,121.595173032356,0.94985589903986,Bajo,72,0.0,2539.0,2835.7621110673495,-99.07702510930808,19.6559007775537
Coacalco de Berriozábal,Norte,123.149392464929,0.961996878485153,Bajo,72,0.0,3271.0,2201.161724243351,-99.083207603112,19.62472117757196
Coacalco de Berriozábal,Norte,123.515803289458,0.964859142458888,Bajo,72,0.0,2268.0,3174.6031746031745,-99.08531613751524,19.61869021555797
Coacalco de Berriozábal,Norte,121.955109562158,0.952667588250761,Bajo,72,0.0,4390.0,1640.0911161731208,-99.10819109190211,19.632322591038424
Coacalco de Berriozábal,Norte,123.045369273251,0.961184288315751,Bajo,72,0.0,6832.0,1053.8641686182668,-99.09684379486988,19.657576453659782
Coacalco de Berriozábal,Norte,123.375269507092,0.963761345244852,Bajo,72,0.0,6107.0,1178.9749467823808,-99.09269802435858,19.656664737599904
Coacalco de Berriozábal,Norte,123.919997562149,0.968016556562583,Muy bajo,72,0.0,6299.0,1143.0385775519924,-99.0987405880461,19.6493609072605
Coacalco de Berriozábal,Norte,122.863015489298,0.959759808929934,Bajo,72,0.0,4997.0,1440.8645187112268,-99.09447797473597,19.649090894387857
Coacalco de Berriozábal,Norte,123.423325849148,0.964136743370042,Bajo,72,0.0,4506.0,1597.8695073235685,-99.11609055239072,19.637715403312725
Coacalco de Berriozábal,Norte,123.299049805818,0.963165945517444,Bajo,72,0.0,1886.0,3817.6033934252387,-99.1199277361423,19.637062096588945
Coacalco de Berriozábal,Norte,122.068812855253,0.953555795742832,Bajo,72,0.0,2676.0,2690.582959641256,-99.08353233312133,19.651401581979567
Coacalco de Berriozábal,Norte,123.321012532329,0.963337510101916,Bajo,72,0.0,6859.0,1049.7157019973756,-99.07544351913975,19.650638277070342
Coacalco de Berriozábal,Norte,122.616162059682,0.957831482496636,Bajo,72,0.0,4363.0,1650.240660096264,-99.08691976865173,19.62672255653792
Coacalco de Berriozábal,Norte,122.45497144788,0.956572321876426,Bajo,72,0.0,1270.0,5669.291338582677,-99.08294040581978,19.64012841775676
Coacalco de Berriozábal,Norte,122.728375279639,0.958708050096064,Bajo,72,0.0,7818.0,920.951650038373,-99.11873617032768,19.650279351529807
Coacalco de Berriozábal,Norte,120.480904001541,0.941151647171615,Medio,72,0.0,4026.0,1788.375558867362,-99.09269101693974,19.622501700271037
Coacalco de Berriozábal,Norte,122.978303395894,0.960660394828507,Bajo,72,0.0,1049.0,6863.679694947569,-99.08553119018543,19.639677405918817
Coacalco de Berriozábal,Norte,122.817743732793,0.959406162942971,Bajo,72,0.0,3580.0,2011.173184357542,-99.08832892799671,19.62202971049237
Coacalco de Berriozábal,Norte,120.599074487649,0.942074750700504,Medio,72,0.0,3199.0,2250.7033447952485,-99.11296387733611,19.64659369910421
Coacalco de Berriozábal,Norte,122.57946307566,0.957544803793917,Bajo,72,0.0,1468.0,4904.632152588556,-99.08245119420488,19.658251955770663
Coacalco de Berriozábal,Norte,125.125943489945,0.977436953975358,Muy bajo,72,0.0,595.0,12100.840336134454,-99.11513642551284,19.624723362893523
Coacalco de Berriozábal,Norte,122.094695003804,0.953757977382671,Bajo,72,0.0,2149.0,3350.395532805956,-99.07772726272628,19.65163707663424
Coacalco de Berriozábal,Norte,122.895351560135,0.960012406190742,Bajo,72,0.0,2308.0,3119.5840554592723,-99.12240081312277,19.64235141277204
Coacalco de Berriozábal,Norte,122.051786498099,0.953422792224858,Bajo,72,0.0,1619.0,4447.1896232242125,-99.08430331967072,19.64872316759409
Coacalco de Berriozábal,Norte,121.802439278183,0.9514749852368,Bajo,72,0.0,2259.0,3187.2509960159364,-99.08534110716288,19.644977850582706
Coacalco de Berriozábal,Norte,119.589507779661,0.93418839411954,Medio,72,0.0,1416.0,5084.745762711865,-99.0830543317028,19.65413556910787
Coacalco de Berriozábal,Norte,122.7046990444,0.95852310022389,Bajo,72,0.0,1624.0,4433.4975369458125,-99.08277222561254,19.656178679870788
Coacalco de Berriozábal,Norte,125.384419766091,0.979456073727701,Muy bajo,72,0.0,295.0,24406.77966101695,-99.11449073671515,19.623423244881824
Coacalco de Berriozábal,Norte,121.857872161775,0.951908006138598,Bajo,72,0.0,1615.0,4458.204334365325,-99.08001876851012,19.6555971034902
Coacalco de Berriozábal,Norte,122.042111989852,0.95334721859393,Bajo,72,0.0,2056.0,3501.9455252918287,-99.08077722126916,19.65282819880436
Coacalco de Berriozábal,Norte,122.188432685624,0.954490221005661,Bajo,72,0.0,1766.0,4077.010192525481,-99.0798379890299,19.64259624167877
Coacalco de Berriozábal,Norte,123.209526395989,0.962466622207084,Bajo,72,0.0,6859.0,1049.7157019973756,-99.09944385874356,19.64084393339075
Coacalco de Berriozábal,Norte,123.791187968135,0.967010344311914,Muy bajo,72,0.0,10294.0,699.4365649893142,-99.09334909810848,19.637955605043203
Coacalco de Berriozábal,Norte,122.950236776526,0.960441148921719,Bajo,72,0.0,2165.0,3325.635103926097,-99.08111085230068,19.649318874503308
Coacalco de Berriozábal,Norte,123.319342193134,0.963324462038426,Bajo,72,0.0,1625.0,4430.7692307692305,-99.08716954248403,19.640158879369626
Coacalco de Berriozábal,Norte,122.350229722147,0.955754118788412,Bajo,72,0.0,4710.0,1528.6624203821657,-99.08875083062048,19.65718435980127
Coacalco de Berriozábal,Norte,122.875066304133,0.959853945376913,Bajo,72,0.0,5528.0,1302.4602026049204,-99.09063942910464,19.648794361864265
Coacalco de Berriozábal,Norte,124.425634668412,0.971966404045674,Muy bajo,72,0.0,1343.0,5361.131794489947,-99.11888681791405,19.642545097896456
Coacalco de Berriozábal,Norte,123.257772836094,0.962843505306956,Bajo,72,0.0,4619.0,1558.7789564840875,-99.0942881387507,19.62991823147326
Coacalco de Berriozábal,Norte,122.779755097628,0.959109409969085,Bajo,72,0.0,2899.0,2483.6150396688513,-99.09084190272382,19.62756976281636
Coacalco de Berriozábal,Norte,122.282168902249,0.955222453183099,Bajo,72,0.0,1896.0,3797.46835443038,-99.08194066810378,19.6457935158068
Coacalco de Berriozábal,Norte,123.430624365642,0.964193756644282,Bajo,72,0.0,1105.0,6515.837104072399,-99.12142367538875,19.629767729904582
Coacalco de Berriozábal,Norte,123.421712472693,0.964124140278118,Bajo,72,0.0,2647.0,2720.060445787684,-99.08637648678202,19.642382565661507
Coacalco de Berriozábal,Norte,122.327390150476,0.95557570461832,Bajo,72,0.0,7014.0,1026.5183917878528,-99.10010480281986,19.62994548348337
Coacalco de Berriozábal,Norte,120.561647870758,0.941782388002642,Medio,72,0.0,8474.0,849.6577767288176,-99.1042035355252,19.623003313945805
Coacalco de Berriozábal,Norte,122.528342463259,0.957145468737755,Bajo,72,0.0,3939.0,1827.8750952018281,-99.10036128660064,19.618047853269896
Coacalco de Berriozábal,Norte,123.885458538515,0.967746750660524,Muy bajo,72,0.0,6076.0,1184.9901250822911,-99.09508180923666,19.614003236585347
Coacalco de Berriozábal,Norte,123.502210670673,0.964752962017556,Bajo,72,0.0,5179.0,1390.2297740876618,-99.08850099743378,19.616398649710213
Coacalco de Berriozábal,Norte,123.168107258431,0.962143071434786,Bajo,72,0.0,7854.0,916.7303284950344,-99.11924496692085,19.64565222984182
Coacalco de Berriozábal,Norte,122.254529539822,0.955006544847329,Bajo,72,0.0,1824.0,3947.368421052631,-99.0913247204542,19.616372328603536
Coacalco de Berriozábal,Norte,123.590737890809,0.965444503467557,Bajo,72,0.0,3891.0,1850.4240555127217,-99.09500983893074,19.618338083631706
Coacalco de Berriozábal,Norte,119.134123378591,0.930631101926934,Medio,72,0.0,2956.0,2435.723951285521,-99.09839019236384,19.622285156916767
Coacalco de Berriozábal,Norte,124.344085117729,0.971329369533129,Muy bajo,72,0.0,4397.0,1637.4801000682282,-99.11071190746804,19.64693773953373
Coacalco de Berriozábal,Norte,123.793078683552,0.967025113871819,Muy bajo,72,0.0,785.0,9171.974522292992,-99.12124695710725,19.626618108106264
Coacalco de Berriozábal,Norte,124.338509386804,0.97128581401379,Muy bajo,72,0.0,12322.0,584.3207271546827,-99.10468666470511,19.650240426193896
Coacalco de Berriozábal,Norte,124.299324366367,0.970979715326741,Muy bajo,72,0.0,12429.0,579.2903692976104,-99.10798965237385,19.640874992492144
Coacalco de Berriozábal,Norte,121.604341562626,0.949927520160548,Bajo,72,0.0,4977.0,1446.6546112115732,-99.11074745182556,19.625704250716847
Coacalco de Berriozábal,Norte,123.787859064576,0.966984340165502,Muy bajo,72,0.0,2499.0,2881.1524609843937,-99.11655481637229,19.629416491594814
Coacalco de Berriozábal,Norte,120.375270214245,0.940326475633148,Medio,72,0.0,4621.0,1558.1043064271803,-99.08674471322723,19.634423070917915
Coacalco de Berriozábal,Norte,122.918199482175,0.960190885590786,Bajo,72,0.0,7663.0,939.5797990343208,-99.0799727208962,19.63298258263197
Ecatepec de Morelos,Norte,117.416214047475,0.917211438370533,Alto,1075,0.0,1626.0,66113.16113161133,-99.06980838436634,19.65537835169341
Ecatepec de Morelos,Norte,120.145910193494,0.938534801150677,Medio,1075,0.0,1381.0,77842.1433743664,-99.0883120948158,19.510171356388216
Ecatepec de Morelos,Norte,119.391345437682,0.932640424205914,Medio,1075,0.0,5214.0,20617.568085922518,-99.06244913147086,19.634124927290088
Ecatepec de Morelos,Norte,120.121579797578,0.938344741220578,Medio,1075,0.0,4475.0,24022.346368715083,-99.02399873972948,19.59490661376941
Ecatepec de Morelos,Norte,118.677094286704,0.927060962026345,Medio,1075,0.0,4064.0,26451.771653543303,-99.0656194849766,19.649495645164933
Ecatepec de Morelos,Norte,119.754749012889,0.935479196675535,Medio,1075,0.0,6039.0,17800.960423911245,-98.98978598347612,19.60507624208735
Ecatepec de Morelos,Norte,118.686597192302,0.927135195161714,Medio,1075,0.0,3053.0,35211.2676056338,-99.01288868221064,19.63657358029482
Ecatepec de Morelos,Norte,117.041380761034,0.914283381282385,Alto,1075,0.0,4040.0,26608.910891089112,-99.09140578862628,19.55362806941585
Ecatepec de Morelos,Norte,120.284515772568,0.939617535963575,Medio,1075,0.0,3277.0,32804.39426304547,-99.00885183970068,19.62881873028749
Ecatepec de Morelos,Norte,123.935716346304,0.968139345810572,Muy bajo,1075,0.0,2865.0,37521.81500872601,-99.00307299731324,19.648553209825742
Ecatepec de Morelos,Norte,123.263772026362,0.962890368731904,Bajo,1075,0.0,5495.0,19563.239308462238,-99.01620367421944,19.546280537046343
Ecatepec de Morelos,Norte,123.31220139868,0.963268680829629,Bajo,1075,0.0,3128.0,34367.00767263427,-99.022957192939,19.61401404791913
Ecatepec de Morelos,Norte,122.108905604773,0.953868985269114,Bajo,1075,0.0,4637.0,23183.09251671339,-99.02702317629463,19.571244603506084
Ecatepec de Morelos,Norte,122.721499789437,0.958654341344603,Bajo,1075,0.0,4514.0,23814.79840496234,-99.01492315791256,19.62050360534715
Ecatepec de Morelos,Norte,119.980927258426,0.937246016323059,Medio,1075,0.0,3846.0,27951.11804472179,-99.08640396518156,19.521247275084814
Ecatepec de Morelos,Norte,118.020052941622,0.921928401399346,Alto,1075,0.0,6607.0,16270.622067504162,-99.08616029232002,19.54136760914682
Ecatepec de Morelos,Norte,120.776576254823,0.943461327950533,Medio,1075,0.0,1234.0,87115.07293354943,-99.08559215437732,19.509031706371758
Ecatepec de Morelos,Norte,120.715244031998,0.942982223622636,Medio,1075,0.0,5245.0,20495.71020019066,-98.99042196388396,19.59971009469714
Ecatepec de Morelos,Norte,122.098402519753,0.953786939107119,Bajo,1075,0.0,1573.0,68340.75015893197,-99.0808330767944,19.507067926774923
Ecatepec de Morelos,Norte,119.60137052094,0.934281061406426,Medio,1075,0.0,4575.0,23497.26775956284,-99.01800781277204,19.498726290180446
Ecatepec de Morelos,Norte,119.267959690545,0.931676581013354,Medio,1075,0.0,4191.0,25650.202815557142,-99.0237390773916,19.489591937763308
Ecatepec de Morelos,Norte,124.025386869695,0.968839818316909,Muy bajo,1075,0.0,3888.0,27649.176954732513,-99.07874970016805,19.62212247354726
Ecatepec de Morelos,Norte,122.467488804664,0.956670102774184,Bajo,1075,0.0,4743.0,22664.97997048282,-99.08153757966976,19.61649350264973
Ecatepec de Morelos,Norte,118.289287406281,0.924031560086521,Alto,1075,0.0,4921.0,21845.153424100794,-99.0846907071022,19.53786866189193
Ecatepec de Morelos,Norte,118.046151325498,0.922132272188469,Alto,1075,0.0,394.0,272842.6395939086,-99.09807738504048,19.567462192581804
Ecatepec de Morelos,Norte,118.892417122496,0.928742983283229,Medio,1075,0.0,5194.0,20696.958028494417,-99.0700943884468,19.649291547311066
Ecatepec de Morelos,Norte,123.480409639095,0.964582660533266,Bajo,1075,0.0,4588.0,23430.688753269398,-99.03046252094308,19.61230066897688
Ecatepec de Morelos,Norte,119.453523615776,0.933126136819187,Medio,1075,0.0,3242.0,33158.544108574955,-99.06593285799336,19.50231436065263
Ecatepec de Morelos,Norte,123.544692660163,0.965084815390632,Bajo,1075,0.0,7678.0,14001.041938004688,-99.01814432568598,19.617231899495597
Ecatepec de Morelos,Norte,120.176455207364,0.938773407346024,Medio,1075,0.0,3384.0,31767.139479905436,-99.01756819266105,19.50130983279144
Ecatepec de Morelos,Norte,119.392886817284,0.932652464885418,Medio,1075,0.0,4991.0,21538.769785614106,-99.01668459915186,19.494082814028555
Ecatepec de Morelos,Norte,117.806114762274,0.920257196559417,Alto,1075,0.0,6417.0,16752.37649992208,-99.01525774621368,19.55818363600111
Ecatepec de Morelos,Norte,121.588169164667,0.94980118745161,Bajo,1075,0.0,2703.0,39770.62523122456,-99.04771715264228,19.49611761983584
Ecatepec de Morelos,Norte,119.787459013473,0.935734714935329,Medio,1075,0.0,1627.0,66072.52612169637,-99.04997383556407,19.494366176743224
Ecatepec de Morelos,Norte,119.022503530453,0.929759169525671,Medio,1075,0.0,3732.0,28804.930332261523,-99.071285534445,19.642459134215446
Ecatepec de Morelos,Norte,115.553017052454,0.902656842060011,Alto,1075,0.0,4482.0,23984.828201695673,-99.08629889471992,19.54485603788242
Ecatepec de Morelos,Norte,121.186575700187,0.946664089886476,Bajo,1075,0.0,2362.0,45512.27773073666,-99.07419456786894,19.629320237620817
Ecatepec de Morelos,Norte,117.601939287332,0.918662254305737,Alto,1075,0.0,3425.0,31386.861313868612,-98.9987886331782,19.64964298656155
Ecatepec de Morelos,Norte,118.766266249417,0.927757539963604,Medio,1075,0.0,7033.0,15285.084601165932,-99.06891301168169,19.5057678396036
Ecatepec de Morelos,Norte,124.375636329314,0.971575835767755,Muy bajo,1075,0.0,6748.0,15930.646117368107,-99.001875418582,19.5882467990356
Ecatepec de Morelos,Norte,123.401433006682,0.96396572469352,Bajo,1075,0.0,873.0,123138.60252004582,-99.07660918418344,19.6286454645958
Ecatepec de Morelos,Norte,117.879522190198,0.920830627861898,Alto,1075,0.0,3368.0,31918.052256532064,-99.00031638054476,19.644739301720094
Ecatepec de Morelos,Norte,118.750846102363,0.927637083556676,Medio,1075,0.0,5761.0,18659.954868946363,-99.06252471063688,19.511261763759634
Ecatepec de Morelos,Norte,122.241119209489,0.95490178837503,Bajo,1075,0.0,1636.0,65709.04645476773,-99.04101960356788,19.547139245342677
Ecatepec de Morelos,Norte,122.728407818416,0.958708304276792,Bajo,1075,0.0,1276.0,84247.64890282131,-99.04262276445176,19.54537510138678
Ecatepec de Morelos,Norte,122.087740247818,0.953703649436631,Bajo,1075,0.0,4692.0,22911.338448422848,-99.0316176112756,19.51073084976177
Ecatepec de Morelos,Norte,125.098783333821,0.977224789019552,Muy bajo,1075,0.0,132.0,814393.9393939395,-99.05153781209538,19.58947850947235
Ecatepec de Morelos,Norte,119.260479024954,0.931618144858668,Medio,1075,0.0,665.0,161654.13533834586,-99.0692199105072,19.612008828247006
Ecatepec de Morelos,Norte,120.844429228307,0.943991369937599,Medio,1075,0.0,2528.0,42523.73417721519,-99.04741348029762,19.549674154259595
Ecatepec de Morelos,Norte,122.368517473729,0.955896975846692,Bajo,1075,0.0,3057.0,35165.19463526333,-99.00715111090771,19.624686966022747
Ecatepec de Morelos,Norte,119.453520214548,0.933126110250064,Medio,1075,0.0,5224.0,20578.101071975496,-99.06298296457103,19.620476968836588
Ecatepec de Morelos,Norte,121.349161455298,0.947934148843099,Bajo,1075,0.0,1742.0,61710.67738231917,-99.04278652393576,19.540327964605638
Ecatepec de Morelos,Norte,122.220809416098,0.954743135884318,Bajo,1075,0.0,4714.0,22804.412388629615,-99.02789875799076,19.53814116004289
Ecatepec de Morelos,Norte,123.365870099489,0.963687920597016,Bajo,1075,0.0,4385.0,24515.393386545038,-99.0191191993868,19.532004621326053
Ecatepec de Morelos,Norte,124.491926256716,0.972484249077151,Muy bajo,1075,0.0,4057.0,26497.411880700023,-99.0512232665008,19.592826017877886
Ecatepec de Morelos,Norte,120.400946507789,0.940527049210864,Medio,1075,0.0,7259.0,14809.20236947238,-99.02250868870792,19.51734540882781
Ecatepec de Morelos,Norte,121.454407440312,0.948756291015544,Bajo,1075,0.0,8001.0,13435.820522434697,-99.02428506366572,19.49858494750955
Ecatepec de Morelos,Norte,120.36756814637,0.940266309966837,Medio,1075,0.0,5522.0,19467.584208620065,-99.02083566681104,19.495818604493337
Ecatepec de Morelos,Norte,120.297409272645,0.939718255151698,Medio,1075,0.0,4643.0,23153.13374973078,-99.05632542167038,19.52504218698613
Ecatepec de Morelos,Norte,120.248341607439,0.939334956949263,Medio,1075,0.0,4049.0,26549.76537416646,-99.06838442923242,19.5141925185473
Ecatepec de Morelos,Norte,117.314140400351,0.916414077312204,Alto,1075,0.0,3421.0,31423.560362467113,-99.01642483119008,19.56435337232976
Ecatepec de Morelos,Norte,123.908346989578,0.967925546658096,Muy bajo,1075,0.0,2513.0,42777.556705133306,-99.04530234337568,19.49985723935452
Ecatepec de Morelos,Norte,118.800221389201,0.928022784783961,Medio,1075,0.0,4123.0,26073.247635217074,-99.0752728645898,19.54717570788415
Ecatepec de Morelos,Norte,118.409973977712,0.924974318330528,Alto,1075,0.0,4683.0,22955.370489002777,-99.06052315400808,19.5581553037914
Ecatepec de Morelos,Norte,117.090895127237,0.914670168945514,Alto,1075,0.0,4508.0,23846.495119787047,-99.06653919432551,19.55468968234185
Ecatepec de Morelos,Norte,116.598738399934,0.910825625128331,Alto,1075,0.0,5070.0,21203.155818540436,-99.0731081598974,19.5728054118696
Ecatepec de Morelos,Norte,117.49215239913,0.917804640300222,Alto,1075,0.0,4279.0,25122.6922178079,-99.07108626712618,19.56848963393084
Ecatepec de Morelos,Norte,120.946523933302,0.944788895492119,Medio,1075,0.0,5152.0,20865.683229813665,-99.0326694878718,19.503472727708296
Ecatepec de Morelos,Norte,118.298730534134,0.924105326260558,Alto,1075,0.0,6004.0,17904.73017988008,-99.06546718388464,19.641274733490103
Ecatepec de Morelos,Norte,120.454560406774,0.940945860886951,Medio,1075,0.0,3858.0,27864.178330741317,-99.05864139524978,19.61721681201246
Ecatepec de Morelos,Norte,119.393998231827,0.932661146839098,Medio,1075,0.0,4354.0,24689.94028479559,-99.05286418458068,19.61503151327399
Ecatepec de Morelos,Norte,120.215738960533,0.939080277296157,Medio,1075,0.0,4746.0,22650.653181626636,-99.04447489884554,19.615598454741537
Ecatepec de Morelos,Norte,123.566928402136,0.965258512669527,Bajo,1075,0.0,4558.0,23584.90566037736,-99.03224928866824,19.606982112733807
Ecatepec de Morelos,Norte,118.369282023201,0.924656448039536,Alto,1075,0.0,539.0,199443.41372912802,-99.0890441700541,19.57160961272237
Ecatepec de Morelos,Norte,121.413053544478,0.94843324988713,Bajo,1075,0.0,3111.0,34554.805528768884,-99.007553342381,19.60648075833586
Ecatepec de Morelos,Norte,121.060523754273,0.94567941934877,Medio,1075,0.0,1999.0,53776.88844422212,-99.00009894864095,19.61051430733513
Ecatepec de Morelos,Norte,118.248326833684,0.923711591451749,Alto,1075,0.0,4220.0,25473.933649289098,-99.08000575595442,19.54375092338746
Ecatepec de Morelos,Norte,120.793873261544,0.943596445681446,Medio,1075,0.0,4600.0,23369.565217391304,-99.06877804852326,19.5467365627322
Ecatepec de Morelos,Norte,120.474295146141,0.941100021271255,Medio,1075,0.0,5342.0,20123.549232497193,-99.06943632176024,19.54090902072893
Ecatepec de Morelos,Norte,124.867483147808,0.975417958693522,Muy bajo,1075,0.0,888.0,121058.55855855856,-99.05648956892308,19.58953155259596
Ecatepec de Morelos,Norte,124.633038552124,0.973586565418156,Muy bajo,1075,0.0,799.0,134543.17897371715,-99.05544140144534,19.58987476148355
Ecatepec de Morelos,Norte,123.557604232247,0.965185675750493,Bajo,1075,0.0,4012.0,26794.616151545364,-99.03837533057929,19.566694620454605
Ecatepec de Morelos,Norte,124.192521615741,0.970145412285053,Muy bajo,1075,0.0,257.0,418287.9377431907,-99.0427715385606,19.56269191393011
Ecatepec de Morelos,Norte,124.126152583647,0.96962696229172,Muy bajo,1075,0.0,7025.0,15302.491103202849,-99.0110540633361,19.586279388545893
Ecatepec de Morelos,Norte,118.324745808363,0.924308547828285,Alto,1075,0.0,3990.0,26942.355889724313,-99.02228187744036,19.50380002531145
Ecatepec de Morelos,Norte,119.888183599099,0.936521537631073,Medio,1075,0.0,8340.0,12889.68824940048,-99.03538846647967,19.49633757700337
Ecatepec de Morelos,Norte,120.870826822117,0.944197578042539,Medio,1075,0.0,2734.0,39319.67812728603,-99.03962175724538,19.539571842402463
Ecatepec de Morelos,Norte,122.522406292548,0.957099097597957,Bajo,1075,0.0,4318.0,24895.785085687818,-99.02721669935242,19.523235554417496
Ecatepec de Morelos,Norte,118.359470947254,0.924579807592944,Alto,1075,0.0,3626.0,29646.99393270822,-98.99767721854724,19.63216427708768
Ecatepec de Morelos,Norte,122.561792931435,0.957406771252734,Bajo,1075,0.0,1813.0,59293.98786541644,-99.0409629617786,19.5082311669923
Ecatepec de Morelos,Norte,122.872263198904,0.959832048569899,Bajo,1075,0.0,2003.0,53669.495756365446,-99.04235621702892,19.50589362233174
Ecatepec de Morelos,Norte,121.342496773715,0.947882086849527,Bajo,1075,0.0,1919.0,56018.759770713914,-99.04339533530376,19.503299607837903
Ecatepec de Morelos,Norte,121.172741780712,0.946556024494633,Bajo,1075,0.0,5060.0,21245.059288537548,-99.03886892696124,19.573656989094008
Ecatepec de Morelos,Norte,122.116938755622,0.95393173723148,Bajo,1075,0.0,1569.0,68514.97769279797,-99.035885368113,19.551470658203403
Ecatepec de Morelos,Norte,123.752099567982,0.966705000386304,Muy bajo,1075,0.0,921.0,116720.95548317047,-99.01679619284684,19.60516129887967
Ecatepec de Morelos,Norte,119.57774426058,0.934096501919273,Medio,1075,0.0,5662.0,18986.223949134583,-99.05205031273984,19.516611865644396
Ecatepec de Morelos,Norte,119.02975146218,0.929815787650676,Medio,1075,0.0,5502.0,19538.34969102145,-99.0472168706005,19.51468442127601
Ecatepec de Morelos,Norte,118.094983235079,0.92251372875636,Alto,1075,0.0,2881.0,37313.432835820895,-99.01652312199668,19.50612148208515
Ecatepec de Morelos,Norte,117.587375102702,0.918548484356319,Alto,1075,0.0,2910.0,36941.58075601375,-99.01705908394209,19.503725089844597
Ecatepec de Morelos,Norte,122.830265748458,0.95950398023416,Bajo,1075,0.0,5733.0,18751.09017966161,-99.02873257515998,19.51729426790713
Ecatepec de Morelos,Norte,117.86980181588,0.920754695942426,Alto,1075,0.0,3478.0,30908.568142610697,-98.99239173663672,19.64093364521501
Ecatepec de Morelos,Norte,119.648180612071,0.934646724286669,Medio,1075,0.0,1390.0,77338.12949640288,-99.07598796208276,19.5229816117184
Ecatepec de Morelos,Norte,117.832322291131,0.92046191994821,Alto,1075,0.0,2672.0,40232.03592814371,-99.06797927696834,19.521445802211364
Ecatepec de Morelos,Norte,119.213053283079,0.931247672745648,Medio,1075,0.0,8132.0,13219.3802262666,-99.04876719668596,19.510395199345982
Ecatepec de Morelos,Norte,123.458216525678,0.964409296252671,Bajo,1075,0.0,4036.0,26635.28245787909,-99.01624328076213,19.60916682990776
Ecatepec de Morelos,Norte,119.070215697537,0.930131879085031,Medio,1075,0.0,3224.0,33343.67245657568,-98.99578500031174,19.64560901039977
Ecatepec de Morelos,Norte,122.455138386898,0.95657362594144,Bajo,1075,0.0,3056.0,35176.70157068063,-99.03648773724863,19.581060459484437
Ecatepec de Morelos,Norte,123.143731780137,0.961952659338059,Bajo,1075,0.0,3191.0,33688.49890316516,-99.05242551021291,19.60582127303467
Ecatepec de Morelos,Norte,121.357011910982,0.947995473659337,Bajo,1075,0.0,2065.0,52058.11138014528,-99.04537179155234,19.601732089001104
Ecatepec de Morelos,Norte,122.333200017814,0.955621089123534,Bajo,1075,0.0,641.0,167706.70826833075,-99.0412165859787,19.59827788800607
Ecatepec de Morelos,Norte,120.385769070383,0.940408488760699,Medio,1075,0.0,3283.0,32744.44106000609,-99.0559251632214,19.60312645648088
Ecatepec de Morelos,Norte,122.529450784004,0.957154126523845,Bajo,1075,0.0,2390.0,44979.07949790795,-99.05178861798552,19.60013861690161
Ecatepec de Morelos,Norte,122.172458330768,0.95436543533519,Bajo,1075,0.0,2041.0,52670.2596766291,-99.04796172782274,19.597559739862685
Ecatepec de Morelos,Norte,121.852680383469,0.95186744991315,Bajo,1075,0.0,2615.0,41108.986615678776,-99.0382490686538,19.58904265375172
Ecatepec de Morelos,Norte,121.311117535936,0.947636964009791,Bajo,1075,0.0,4411.0,24370.8909544321,-99.05254590097272,19.571647561815148
Ecatepec de Morelos,Norte,121.339300883406,0.947857121752748,Bajo,1075,0.0,4161.0,25835.135784667145,-99.04726446756196,19.571267693785728
Ecatepec de Morelos,Norte,121.965675561227,0.952750125873714,Bajo,1075,0.0,4405.0,24404.086265607264,-99.05014385312404,19.566403958042027
Ecatepec de Morelos,Norte,121.64903590052,0.950276655569822,Bajo,1075,0.0,3109.0,34577.034416211,-99.0413583374839,19.552941967412544
Ecatepec de Morelos,Norte,122.893500793851,0.959997948698492,Bajo,1075,0.0,1353.0,79453.06725794531,-99.03933659589734,19.55185129841187
Ecatepec de Morelos,Norte,121.05822755852,0.945661482328517,Medio,1075,0.0,3093.0,34755.900420303915,-99.02812547746966,19.54687283172643
Ecatepec de Morelos,Norte,120.150725858846,0.938572419322749,Medio,1075,0.0,1585.0,67823.34384858044,-99.03853066717755,19.549913155353448
Ecatepec de Morelos,Norte,121.180798547477,0.946618960935677,Bajo,1075,0.0,4964.0,21655.922643029815,-99.02958869356338,19.545653170117983
Ecatepec de Morelos,Norte,118.829334077896,0.928250202192104,Medio,1075,0.0,10727.0,10021.441223081942,-99.04691444860904,19.5417220066709
Ecatepec de Morelos,Norte,120.094073148468,0.938129869591477,Medio,1075,0.0,6201.0,17335.913562328657,-99.07668309693692,19.54013663155659
Ecatepec de Morelos,Norte,119.828511913092,0.93605540479417,Medio,1075,0.0,5615.0,19145.146927871774,-99.03064799557308,19.53226607822326
Ecatepec de Morelos,Norte,120.266700385593,0.939478368840492,Medio,1075,0.0,5634.0,19080.58217962371,-99.04408415571709,19.529461381106216
Ecatepec de Morelos,Norte,120.724755067409,0.943056520265055,Medio,1075,0.0,7329.0,14667.758220766817,-99.03658330383053,19.529097296547068
Ecatepec de Morelos,Norte,121.630593923843,0.950132593762925,Bajo,1075,0.0,4891.0,21979.145369045185,-99.03348993636486,19.52551317463272
Ecatepec de Morelos,Norte,119.21614233821,0.931271803286075,Medio,1075,0.0,468.0,229700.8547008547,-99.06970905186502,19.530239477888134
Ecatepec de Morelos,Norte,120.267928769088,0.939487964511772,Medio,1075,0.0,5104.0,21061.912225705328,-99.05232963374256,19.52521030826648
Ecatepec de Morelos,Norte,119.736808320009,0.935339050709704,Medio,1075,0.0,5546.0,19383.339343671112,-99.04796026820246,19.524594124832856
Ecatepec de Morelos,Norte,118.809263669115,0.928093419684199,Medio,1075,0.0,4201.0,25589.145441561534,-99.04225272852156,19.524203151520236
Ecatepec de Morelos,Norte,120.454925965056,0.940948716491184,Medio,1075,0.0,5242.0,20507.439908431897,-99.03669957493229,19.520537397190896
Ecatepec de Morelos,Norte,117.968592943009,0.921526415185349,Alto,1075,0.0,3869.0,27784.95735332127,-99.06962025646996,19.52663905692765
Ecatepec de Morelos,Norte,119.416269497787,0.932835121618059,Medio,1075,0.0,5608.0,19169.04422253923,-99.07879395766209,19.51971384524441
Ecatepec de Morelos,Norte,118.369553870957,0.924658571612269,Alto,1075,0.0,7448.0,14433.404940923738,-99.05570157416167,19.51072407317748
Ecatepec de Morelos,Norte,122.451632477327,0.956546239090434,Bajo,1075,0.0,2684.0,40052.160953800296,-99.03776052332556,19.51566806954953
Ecatepec de Morelos,Norte,118.237255048812,0.923625102819753,Alto,1075,0.0,7864.0,13669.888097660223,-99.06108649707946,19.50573360160192
Ecatepec de Morelos,Norte,118.316098540877,0.924240998617022,Alto,1075,0.0,6643.0,16182.447689297005,-99.05331550402316,19.50514235793116
Ecatepec de Morelos,Norte,121.088320131103,0.94589655422218,Medio,1075,0.0,5310.0,20244.82109227872,-98.99788480548838,19.60500173286593
Ecatepec de Morelos,Norte,121.800381044405,0.951458907086267,Bajo,1075,0.0,3536.0,30401.583710407238,-98.99008134886722,19.609038505782525
Ecatepec de Morelos,Norte,122.253196473608,0.954996131433906,Bajo,1075,0.0,2234.0,48119.96418979409,-99.05814232497671,19.607548970470763
Ecatepec de Morelos,Norte,121.675241838083,0.950481366528024,Bajo,1075,0.0,4768.0,22546.140939597313,-99.00880397573988,19.602973152449533
Ecatepec de Morelos,Norte,121.228397042914,0.946990782534749,Bajo,1075,0.0,6227.0,17263.529789625823,-99.0045627933709,19.60182537459329
Ecatepec de Morelos,Norte,121.538769080133,0.949415292514026,Bajo,1075,0.0,5036.0,21346.306592533758,-99.0091235068952,19.595167172726573
Ecatepec de Morelos,Norte,120.944464271066,0.944772806183017,Medio,1075,0.0,6301.0,17060.78400253928,-99.0023546960824,19.592563964647724
Ecatepec de Morelos,Norte,121.652008978234,0.950299880138158,Bajo,1075,0.0,2980.0,36073.82550335571,-99.02898528396048,19.52108414843458
Ecatepec de Morelos,Norte,118.502488910559,0.925697010297021,Alto,1075,0.0,2344.0,45861.77474402731,-99.0234253363606,19.57332959855365
Ecatepec de Morelos,Norte,121.492339309995,0.949052600558775,Bajo,1075,0.0,10465.0,10272.336359292882,-99.02783080957934,19.597542169029413
Ecatepec de Morelos,Norte,118.743583712647,0.927580352491284,Medio,1075,0.0,4990.0,21543.086172344687,-99.08452342944746,19.55727604179797
Ecatepec de Morelos,Norte,119.950514213746,0.937008441021531,Medio,1075,0.0,4470.0,24049.217002237136,-99.0202229396444,19.558515092606456
Ecatepec de Morelos,Norte,121.629397058815,0.950123244302099,Bajo,1075,0.0,6766.0,15888.264853680164,-99.02402858344976,19.55368283234745
Ecatepec de Morelos,Norte,119.625439470507,0.93446907901567,Medio,1075,0.0,3266.0,32914.88058787508,-99.06291449539911,19.607676016954454
Ecatepec de Morelos,Norte,119.130587638147,0.930603482048327,Medio,1075,0.0,3109.0,34577.034416211,-99.03699749886782,19.53860597061558
Ecatepec de Morelos,Norte,122.426169825953,0.956347334405241,Bajo,1075,0.0,4298.0,25011.63331782224,-99.0281324048708,19.550539678140453
Ecatepec de Morelos,Norte,121.844976916196,0.951807273315267,Bajo,1075,0.0,1935.0,55555.555555555555,-99.00748084416573,19.620602243829083
Ecatepec de Morelos,Norte,121.74052415699,0.950991327525412,Bajo,1075,0.0,3620.0,29696.13259668508,-99.08708794965894,19.54830085782405
Ecatepec de Morelos,Norte,124.53316605581,0.972806398924618,Muy bajo,1075,0.0,4409.0,24381.946019505558,-99.04187768129006,19.568592581717
Ecatepec de Morelos,Norte,119.924226863374,0.936803094096999,Medio,1075,0.0,3245.0,33127.88906009245,-99.06518142425496,19.61248096102058
Ecatepec de Morelos,Norte,121.027823660267,0.945423978475451,Medio,1075,0.0,2847.0,37759.044608359676,-99.01294007491012,19.599448258604497
Ecatepec de Morelos,Norte,122.561632531867,0.957405518271454,Bajo,1075,0.0,4450.0,24157.303370786518,-99.0151296499736,19.59634113710909
Ecatepec de Morelos,Norte,119.739184801147,0.935357614889277,Medio,1075,0.0,3339.0,32195.26804432465,-98.99819242060414,19.596028969688923
Ecatepec de Morelos,Norte,119.804503084075,0.935867856824117,Medio,1075,0.0,2511.0,42811.62883313421,-99.05586410848684,19.566371796496608
Ecatepec de Morelos,Norte,120.083142009894,0.938044479635623,Medio,1075,0.0,3332.0,32262.905162064824,-99.05770167759876,19.56302536182712
Ecatepec de Morelos,Norte,121.837163562715,0.951746238327526,Bajo,1075,0.0,2514.0,42760.540970564834,-99.01527665500387,19.53056312564561
Ecatepec de Morelos,Norte,120.359406105706,0.940202551165565,Medio,1075,0.0,4352.0,24701.28676470588,-99.02690052420476,19.50756282856214
Ecatepec de Morelos,Norte,119.704398659769,0.935085878596067,Medio,1075,0.0,5803.0,18524.900913320696,-99.030227520655,19.562462405091534
Ecatepec de Morelos,Norte,117.414386321084,0.917197160857287,Alto,1075,0.0,3766.0,28544.875199150294,-98.98839384211053,19.640003404544668
Ecatepec de Morelos,Norte,118.471898045416,0.92545804592871,Alto,1075,0.0,4525.0,23756.906077348067,-98.99163398731925,19.645172225754724
Ecatepec de Morelos,Norte,118.793454352677,0.927969923231968,Medio,1075,0.0,4718.0,22785.07842306062,-99.06307413294871,19.568006017433294
Ecatepec de Morelos,Norte,120.841050776172,0.943964978736282,Medio,1075,0.0,3522.0,30522.43043725156,-99.05950699318312,19.56804198725389
Ecatepec de Morelos,Norte,120.935458602241,0.944702457274872,Medio,1075,0.0,6756.0,15911.782119597396,-99.0315626102884,19.55394278290353
Ecatepec de Morelos,Norte,119.56249188497,0.933977356079959,Medio,1075,0.0,6099.0,17625.840301688804,-99.05349429544076,19.579390716334125
Ecatepec de Morelos,Norte,119.678205306086,0.934881265938414,Medio,1075,0.0,6083.0,17672.201216505015,-99.0741676521856,19.553541014291845
Ecatepec de Morelos,Norte,118.149306051352,0.922938078228489,Alto,1075,0.0,7642.0,14066.998168018843,-99.07057732578689,19.55141723369813
Ecatepec de Morelos,Norte,121.815904940536,0.951580173942089,Bajo,1075,0.0,4478.0,24006.252791424744,-99.0242214833356,19.54850026548167
Ecatepec de Morelos,Norte,123.426824331601,0.964164072203192,Bajo,1075,0.0,1814.0,59261.30099228225,-99.0363243682459,19.594044813654044
Ecatepec de Morelos,Norte,122.611285930749,0.95779339200574,Bajo,1075,0.0,4677.0,22984.819328629463,-98.99452314546178,19.61053599725683
Ecatepec de Morelos,Norte,121.381960543281,0.948190363020247,Bajo,1075,0.0,3452.0,31141.367323290848,-98.99981717423486,19.60020261357674
Ecatepec de Morelos,Norte,117.658461443767,0.919103784198558,Alto,1075,0.0,3185.0,33751.96232339089,-99.06795311977469,19.5703434308726
Ecatepec de Morelos,Norte,116.068248478319,0.906681636770393,Alto,1075,0.0,3496.0,30749.427917620138,-99.09127051395996,19.56563376578276
Ecatepec de Morelos,Norte,119.907828037529,0.936674992618311,Medio,1075,0.0,3396.0,31654.888103651352,-99.0521737044073,19.625321356404868
Ecatepec de Morelos,Norte,122.457982929575,0.956595846442262,Bajo,1075,0.0,5014.0,21439.96808934982,-99.01994935967164,19.606515692186303
Ecatepec de Morelos,Norte,123.107912208486,0.961672850275035,Bajo,1075,0.0,3669.0,29299.53665849005,-99.07663253975308,19.616131468062704
Ecatepec de Morelos,Norte,110.770722712866,0.865299351823178,Muy alto,1075,0.0,95.0,1131578.9473684211,-99.09168509547602,19.572064946751304
Ecatepec de Morelos,Norte,122.153065763116,0.95421394786803,Bajo,1075,0.0,6089.0,17654.787321399246,-99.02448249790596,19.603178359532844
Ecatepec de Morelos,Norte,121.922970983795,0.952416533727101,Bajo,1075,0.0,3811.0,28207.819469955393,-99.0073276275974,19.609989656029654
Ecatepec de Morelos,Norte,121.64803320121,0.950268822858781,Bajo,1075,0.0,1653.0,65033.27283726558,-99.03367882634856,19.54986583190697
Ecatepec de Morelos,Norte,121.585347012701,0.949779141858634,Bajo,1075,0.0,6380.0,16849.529780564262,-99.03493459395982,19.533094895214585
Ecatepec de Morelos,Norte,120.784001833781,0.943519333789101,Medio,1075,0.0,1706.0,63012.895662368115,-99.06183460875091,19.611412925298183
Ecatepec de Morelos,Norte,118.874655222017,0.9286042339766,Medio,1075,0.0,4536.0,23699.294532627864,-99.03259241219652,19.600233872684623
Ecatepec de Morelos,Norte,123.092904115946,0.96155561268347,Bajo,1075,0.0,5283.0,20348.286958167708,-99.02472050394157,19.607640389742624
Ecatepec de Morelos,Norte,121.289243897258,0.947466095346061,Bajo,1075,0.0,1996.0,53857.71543086172,-99.04896715987935,19.577597423680317
Ecatepec de Morelos,Norte,121.61205856309,0.949987802474651,Bajo,1075,0.0,2240.0,47991.07142857143,-99.04475633181708,19.57598247006228
Ecatepec de Morelos,Norte,120.801055490646,0.943652550562179,Medio,1075,0.0,4242.0,25341.81989627534,-99.04920337769634,19.563217323133504
Ecatepec de Morelos,Norte,123.053348881849,0.961246622026128,Bajo,1075,0.0,3451.0,31150.39119095914,-99.03450938580669,19.54375171780569
Ecatepec de Morelos,Norte,121.916235394727,0.952363917830845,Bajo,1075,0.0,5573.0,19289.431186075723,-99.03000459979869,19.541675479326905
Ecatepec de Morelos,Norte,119.148762266072,0.930745455427016,Medio,1075,0.0,5825.0,18454.935622317596,-99.0547121720389,19.52148031759177
Ecatepec de Morelos,Norte,120.086245942302,0.938068726391761,Medio,1075,0.0,5140.0,20914.396887159535,-99.04975777551832,19.5206553086586
Ecatepec de Morelos,Norte,119.762854857934,0.935542516497704,Medio,1075,0.0,3713.0,28952.329652572047,-99.04621184284788,19.519159831104304
Ecatepec de Morelos,Norte,119.183565913996,0.9310173284748,Medio,1075,0.0,4812.0,22339.983374896095,-99.04191832266926,19.52057113332211
Ecatepec de Morelos,Norte,118.420322238868,0.925055155066556,Alto,1075,0.0,2130.0,50469.48356807511,-99.0722198467842,19.52460878273889
Ecatepec de Morelos,Norte,120.64573793826,0.942439268079993,Medio,1075,0.0,8536.0,12593.720712277413,-99.05806404259378,19.57272258981769
Ecatepec de Morelos,Norte,121.783142573804,0.951324246617581,Bajo,1075,0.0,3314.0,32438.14121907061,-99.03412964899876,19.560529120154875
Ecatepec de Morelos,Norte,121.785649499916,0.951343829784385,Bajo,1075,0.0,3814.0,28185.63188253802,-99.02842306252198,19.558218727026016
Ecatepec de Morelos,Norte,118.711985040474,0.927333515512346,Medio,1075,0.0,6252.0,17194.49776071657,-98.99694266396212,19.64086699826876
Ecatepec de Morelos,Norte,121.43016606496,0.948566926480711,Bajo,1075,0.0,5525.0,19457.013574660632,-99.0330180804158,19.537919046245527
Ecatepec de Morelos,Norte,119.092947858227,0.930309454200809,Medio,1075,0.0,3638.0,29549.20285871358,-98.99528447834382,19.62468110288538
Ecatepec de Morelos,Norte,120.353574698457,0.940156998398649,Medio,1075,0.0,5097.0,21090.83774769472,-99.0470043606988,19.608687585258664
Ecatepec de Morelos,Norte,118.276619488195,0.923932603060327,Alto,1075,0.0,5182.0,20744.88614434581,-99.07570367803156,19.510631131052
Ecatepec de Morelos,Norte,120.731847421354,0.943111923074764,Medio,1075,0.0,6303.0,17055.37045851182,-99.03847100189,19.53392229816001
Ecatepec de Morelos,Norte,119.019764732108,0.929737775059925,Medio,1075,0.0,4095.0,26251.52625152625,-99.07084005359908,19.51618839808161
Ecatepec de Morelos,Norte,117.671296204297,0.919204044535359,Alto,1075,0.0,8882.0,12103.129925692412,-99.064922185112,19.578197834051807
Ecatepec de Morelos,Norte,118.669820757749,0.927004143945393,Medio,1075,0.0,5156.0,20849.495733126456,-99.06386938906763,19.57305845081831
Ecatepec de Morelos,Norte,118.569356050611,0.926219351322955,Alto,1075,0.0,1649.0,65191.02486355367,-99.00208342393232,19.64030544932394
Ecatepec de Morelos,Norte,121.831339488147,0.95170074284077,Bajo,1075,0.0,5218.0,20601.76312763511,-99.04118725964332,19.51409340793821
Ecatepec de Morelos,Norte,122.571681791769,0.95748401932179,Bajo,1075,0.0,2700.0,39814.81481481482,-99.03689819431747,19.517602836874737
Ecatepec de Morelos,Norte,120.253593981114,0.939375986523016,Medio,1075,0.0,8834.0,12168.892913742358,-99.02912014995584,19.499752334530097
Ecatepec de Morelos,Norte,118.31073957542,0.924199136388237,Alto,1075,0.0,3957.0,27167.045741723527,-99.08694017240084,19.552651739957263
Ecatepec de Morelos,Norte,120.072407501843,0.937960625683677,Medio,1075,0.0,5857.0,18354.10619771214,-99.05408230146924,19.498726889483468
Ecatepec de Morelos,Norte,121.977065564377,0.952839100307593,Bajo,1075,0.0,1650.0,65151.51515151515,-99.04230795992316,19.542617064643487
Ecatepec de Morelos,Norte,122.620835266833,0.957867987838663,Bajo,1075,0.0,5454.0,19710.30436376971,-99.02343273487443,19.538715496170237
Ecatepec de Morelos,Norte,122.3036587034,0.955390323451986,Bajo,1075,0.0,2063.0,52108.57973824527,-99.04453679696786,19.548203881268584
Ecatepec de Morelos,Norte,121.18761405638,0.946672201135715,Bajo,1075,0.0,6311.0,17033.750594200603,-99.042335231288,19.49327690114916
Ecatepec de Morelos,Norte,120.94001656652,0.944738062382788,Medio,1075,0.0,1272.0,84512.5786163522,-99.08326908266687,19.50809547532365
Ecatepec de Morelos,Norte,121.553402872511,0.949529606213077,Bajo,1075,0.0,3070.0,35016.28664495114,-99.03548240193714,19.51088973645764
Ecatepec de Morelos,Norte,121.430583604404,0.948570188142296,Bajo,1075,0.0,8435.0,12744.516893894486,-99.0244262350615,19.513097699739895
Ecatepec de Morelos,Norte,119.714513978745,0.935164895675115,Medio,1075,0.0,9646.0,11144.515861496993,-99.05890121257816,19.516531146603523
Ecatepec de Morelos,Norte,120.20165661799,0.938970271316449,Medio,1075,0.0,7524.0,14287.612971823499,-99.017590757745,19.51030995516956
Ecatepec de Morelos,Norte,117.202209917881,0.915539718352019,Alto,1075,0.0,2674.0,40201.94465220643,-99.07805441909598,19.50696002072297
Ecatepec de Morelos,Norte,118.720094483991,0.927396863444425,Medio,1075,0.0,2694.0,39903.48923533779,-99.09006196852138,19.54916945341656
Ecatepec de Morelos,Norte,119.532118291458,0.933740088956161,Medio,1075,5581.01700089,2713.0,39624.03243641725,-99.07467510817018,19.50484505396026
Ecatepec de Morelos,Norte,119.362908157203,0.932418282833511,Medio,1075,0.0,3700.0,29054.054054054053,-99.05855644469727,19.49922283893203
Ecatepec de Morelos,Norte,120.626193558624,0.942286594714538,Medio,1075,0.0,3554.0,30247.608328643782,-99.06230705622386,19.50079006368051
Ecatepec de Morelos,Norte,123.661149968674,0.965994536218493,Bajo,1075,0.0,7254.0,14819.409980700304,-99.03633078888365,19.611451219722785
Ecatepec de Morelos,Norte,120.237792099967,0.939252548152483,Medio,1075,0.0,3639.0,29541.082715031604,-98.9846835172538,19.61201095074388
Ecatepec de Morelos,Norte,122.895199768949,0.960011220454918,Bajo,1075,0.0,4474.0,24027.715690657133,-99.0246529408508,19.53416217587682
Ecatepec de Morelos,Norte,122.180788783279,0.95443050970666,Bajo,1075,0.0,1753.0,61323.44552196235,-99.05384614281606,19.61112662624173
Ecatepec de Morelos,Norte,118.372123317325,0.924678643163872,Alto,1075,0.0,3146.0,34170.375079465986,-99.07849444846418,19.54803185849025
Ecatepec de Morelos,Norte,122.300346265579,0.955364447929742,Bajo,1075,0.0,3261.0,32965.34805274456,-99.0436832467236,19.59420609450424
Ecatepec de Morelos,Norte,122.250808372425,0.954977476482889,Bajo,1075,0.0,3299.0,32585.63200969991,-99.04519311562382,19.583514082037045
Ecatepec de Morelos,Norte,123.055254972749,0.961261511693539,Bajo,1075,0.0,6370.0,16875.981161695447,-99.03291944330772,19.587676825403868
Ecatepec de Morelos,Norte,121.878701124446,0.952070714185063,Bajo,1075,0.0,4791.0,22437.904404091005,-99.02045213352812,19.54100996325833
Ecatepec de Morelos,Norte,119.740674683865,0.935369253294432,Medio,1075,0.0,2905.0,37005.1635111876,-99.05180670965647,19.555920908587098
Ecatepec de Morelos,Norte,122.257052213598,0.955026251028975,Bajo,1075,0.0,6881.0,15622.729254468828,-99.01645528415295,19.54140147568997
Ecatepec de Morelos,Norte,118.028547226865,0.921994755570688,Alto,1075,0.0,2640.0,40719.696969696975,-99.05887048574228,19.535514106755336
Ecatepec de Morelos,Norte,120.740971656675,0.943183198179917,Medio,1075,0.0,6639.0,16192.197620123514,-99.04177948525512,19.53583489445669
Ecatepec de Morelos,Norte,119.784870715899,0.935714496125173,Medio,1075,0.0,6779.0,15857.796135123175,-99.07313440839958,19.53350396147891
Ecatepec de Morelos,Norte,120.226522374425,0.939164513282186,Medio,1075,0.0,4660.0,23068.669527896996,-99.04802646401676,19.529294649849707
Ecatepec de Morelos,Norte,119.624239122958,0.934459702350695,Medio,1075,0.0,4161.0,25835.135784667145,-99.00173479488762,19.62818403022324
Ecatepec de Morelos,Norte,120.144081373016,0.938520515090825,Medio,1075,0.0,5784.0,18585.753803596126,-99.07307094991386,19.614737780984367
Ecatepec de Morelos,Norte,118.960209835152,0.929272554535296,Medio,1075,0.0,4452.0,24146.451033243484,-99.06876227601576,19.61443267942693
Ecatepec de Morelos,Norte,121.732728683708,0.950930432211079,Bajo,1075,0.0,3898.0,27578.245253976398,-99.04069575954055,19.605501277322315
Ecatepec de Morelos,Norte,120.317910934604,0.939878406447726,Medio,1075,0.0,4347.0,24729.69864274212,-98.99532844362793,19.59261219235639
Ecatepec de Morelos,Norte,121.968031620827,0.952768530527899,Bajo,1075,0.0,1950.0,55128.20512820513,-99.04671442879904,19.590993274381866
Ecatepec de Morelos,Norte,120.307138540015,0.939794256540359,Medio,1075,0.0,7396.0,14534.883720930233,-99.01718830562815,19.51991239359453
Ecatepec de Morelos,Norte,118.574235582441,0.926257468396001,Alto,1075,0.0,3993.0,26922.113698973204,-99.01832940896988,19.48936778821722
Ecatepec de Morelos,Norte,120.046105209798,0.937755162040395,Medio,1075,0.0,9111.0,11798.92437712655,-99.03745925224464,19.490725346833525
Ecatepec de Morelos,Norte,119.692980325713,0.934996682851778,Medio,1075,0.0,9977.0,10774.781998596773,-99.03038623030577,19.48861016434869
Ecatepec de Morelos,Norte,119.402645583735,0.932728696709839,Medio,1075,0.0,5885.0,18266.77994902294,-99.0819741247891,19.5539904089172
Ecatepec de Morelos,Norte,119.084082801504,0.930240203701685,Medio,1075,0.0,5315.0,20225.776105362183,-99.08043421033788,19.54990379376013
Ecatepec de Morelos,Norte,120.372776233454,0.940306993590341,Medio,1075,0.0,7282.0,14762.427904421862,-99.06038362787274,19.52445412976825
Ecatepec de Morelos,Norte,120.974664126384,0.945008716129182,Medio,1075,0.0,3787.0,28386.58568787959,-99.06462180036056,19.5184309528099
Ecatepec de Morelos,Norte,121.865605176942,0.951968413553548,Bajo,1075,0.0,1255.0,85657.37051792828,-99.0186769650699,19.603356743079217
Ecatepec de Morelos,Norte,118.999779901154,0.929581661053922,Medio,1075,0.0,5281.0,20355.993183109258,-98.9870207170285,19.635748389468475
Ecatepec de Morelos,Norte,120.159894897479,0.938644044414576,Medio,1075,0.0,4391.0,24481.894784787066,-99.04725922103404,19.586653248433123
Ecatepec de Morelos,Norte,119.430338180301,0.932945020890739,Medio,1075,0.0,4263.0,25216.98334506216,-99.05088155659026,19.58377983963704
Ecatepec de Morelos,Norte,119.049851186689,0.929972799162059,Medio,1075,0.0,2551.0,42140.33712269698,-99.0779696404603,19.5425120394051
Ecatepec de Morelos,Norte,119.758537431107,0.935508790378166,Medio,1075,0.0,4167.0,25797.936165106796,-99.01667083620583,19.526722792685064
Ecatepec de Morelos,Norte,119.820339652742,0.935991566160544,Medio,1075,0.0,4334.0,24803.876326718964,-99.02148538770736,19.593656308708887
Ecatepec de Morelos,Norte,118.308098342502,0.924178504067022,Alto,1075,0.0,6969.0,15425.455589037165,-99.02679055071545,19.56519376103208
Ecatepec de Morelos,Norte,118.37149002975,0.924673696158793,Alto,1075,0.0,7009.0,15337.423312883437,-99.06367347796102,19.56343380795658
Ecatepec de Morelos,Norte,115.22382704016,0.900085333115335,Alto,1075,0.0,3986.0,26969.39287506272,-99.06767502992636,19.56102140560426
Ecatepec de Morelos,Norte,118.863155316264,0.928514401024803,Medio,1075,0.0,3479.0,30899.68381718885,-98.98900971711574,19.64893920787913
Ecatepec de Morelos,Norte,117.062066132052,0.9144449676447,Alto,1075,0.0,4445.0,24184.47694038245,-99.06034840222767,19.549010251681786
Ecatepec de Morelos,Norte,119.002339460646,0.929601655372955,Medio,1075,0.0,2227.0,48271.21688370005,-99.05486069851686,19.546032063350022
Ecatepec de Morelos,Norte,120.13713653718,0.93846626463727,Medio,1075,0.0,3110.0,34565.91639871382,-99.0558667915579,19.57559085259113
Ecatepec de Morelos,Norte,119.199893697207,0.931144874995064,Medio,1075,0.0,7168.0,14997.209821428572,-99.07814620821044,19.556599565530774
Ecatepec de Morelos,Norte,121.335457850642,0.947827101421758,Bajo,1075,0.0,5723.0,18783.854621701903,-98.99442506062812,19.615800953287323
Ecatepec de Morelos,Norte,120.598330153471,0.942068936240998,Medio,1075,0.0,3427.0,31368.543915961483,-99.00190800250468,19.613211357809103
Ecatepec de Morelos,Norte,124.089712390656,0.969342305167501,Muy bajo,1075,0.0,3283.0,32744.44106000609,-99.03438380228646,19.505355285638448
Ecatepec de Morelos,Norte,121.853749540821,0.951875801769499,Bajo,1075,0.0,7357.0,14611.934212314804,-98.98644257654206,19.61955828682938
Ecatepec de Morelos,Norte,119.147688918279,0.930737070836514,Medio,1075,0.0,6553.0,16404.700137341675,-99.05862334524882,19.62624008371448
Ecatepec de Morelos,Norte,122.120610355267,0.953960418391222,Bajo,1075,0.0,1736.0,61923.96313364056,-99.07371810330136,19.619873962503444
Ecatepec de Morelos,Norte,123.004655869778,0.960866250473506,Bajo,1075,0.0,5849.0,18379.21012138827,-99.03232274493354,19.518463573470346
Ecatepec de Morelos,Norte,120.761602734837,0.943344360426799,Medio,1075,0.0,6074.0,17698.386565689823,-99.02862769724352,19.50467402830534
Ecatepec de Morelos,Norte,119.780411053439,0.935679658914203,Medio,1075,0.0,6275.0,17131.474103585657,-99.0166367716605,19.514865888669696
Ecatepec de Morelos,Norte,117.554203887512,0.91828936326096,Alto,1075,0.0,4177.0,25736.17428776634,-98.99434177398764,19.63694792259928
Ecatepec de Morelos,Norte,118.486604972433,0.925572930928137,Alto,1075,0.0,5746.0,18708.66689871215,-98.99168808038338,19.633101532482108
Ecatepec de Morelos,Norte,118.339951360337,0.924427327898908,Alto,1075,0.0,4054.0,26517.02022693636,-99.0839684360104,19.54884109841339
Ecatepec de Morelos,Norte,118.008548818039,0.921838535499441,Alto,1075,0.0,1958.0,54902.962206332995,-99.09290913887492,19.5709355111218
Ecatepec de Morelos,Norte,119.5328140066,0.933745523621988,Medio,1075,0.0,4697.0,22886.949116457316,-99.08031496480676,19.53461159011125
Ecatepec de Morelos,Norte,119.252016622058,0.931552039740269,Medio,1075,0.0,294.0,365646.25850340136,-99.07933377393351,19.516228761093355
Ecatepec de Morelos,Norte,121.598828069004,0.949884450815681,Bajo,1075,0.0,5193.0,20700.94357789332,-99.04684157897472,19.50591587827574
Ecatepec de Morelos,Norte,121.101949514657,0.946003021856107,Medio,1075,0.0,3934.0,27325.876970005087,-99.03768200186012,19.5014297036974
Ecatepec de Morelos,Norte,119.938467727328,0.936914338386526,Medio,1075,0.0,3516.0,30574.5164960182,-99.04096671439594,19.498114241165787
Ecatepec de Morelos,Norte,117.864514018966,0.920713389655618,Alto,1075,0.0,4533.0,23714.97904257666,-99.08313053343224,19.51113773515905
Ecatepec de Morelos,Norte,117.071283683757,0.914516971702455,Alto,1075,0.0,1846.0,58234.01950162513,-99.03611603125076,19.54784823566032
Ecatepec de Morelos,Norte,116.378061906816,0.909101783107793,Alto,1075,0.0,656.0,163871.95121951218,-99.08543627238735,19.570843386462204
Ecatepec de Morelos,Norte,122.225471317402,0.954779552909302,Bajo,1075,0.0,3064.0,35084.856396866846,-99.02109859510676,19.546609825257047
Ecatepec de Morelos,Norte,120.775050479417,0.943449409165161,Medio,1075,0.0,2435.0,44147.84394250513,-99.0398394164094,19.59222884554805
Ecatepec de Morelos,Norte,120.908778711759,0.944494043974176,Medio,1075,0.0,3445.0,31204.644412191585,-99.03442448634604,19.56778508048687
Ecatepec de Morelos,Norte,122.048963430299,0.953400739477724,Bajo,1075,0.0,2658.0,40443.94281414597,-99.04537812036708,19.53241599868096
Ecatepec de Morelos,Norte,120.482292213669,0.941162491364242,Medio,1075,0.0,5250.0,20476.190476190477,-99.02205172450596,19.52287044053067
Ecatepec de Morelos,Norte,120.358792736336,0.940197759754033,Medio,1075,0.0,4410.0,24376.417233560092,-99.02587663684542,19.509807660049336
Ecatepec de Morelos,Norte,119.363544071631,0.932423250358578,Medio,1075,0.0,4072.0,26399.80353634578,-99.00282795676276,19.618157801016945
Ecatepec de Morelos,Norte,120.534774105406,0.941572460224158,Medio,1075,0.0,4396.0,24454.0491355778,-99.0604573587442,19.539658738766555
Ecatepec de Morelos,Norte,124.04000437195,0.968954004763621,Muy bajo,1075,0.0,3529.0,30461.887220175686,-99.01863146224298,19.591953285547053
Ecatepec de Morelos,Norte,124.143386127515,0.969761584274616,Muy bajo,1075,0.0,8044.0,13363.998010939831,-99.01480990546423,19.589690066267966
Ecatepec de Morelos,Norte,118.978608340219,0.929416276758278,Medio,1075,0.0,4786.0,22461.34559130798,-99.06027251578024,19.57807233315498
Ecatepec de Morelos,Norte,120.505167897633,0.941341187630019,Medio,1075,0.0,4100.0,26219.51219512195,-99.01240780911397,19.607944218720707
Ecatepec de Morelos,Norte,121.07011815543,0.945754367213147,Medio,1075,0.0,3294.0,32635.09411050395,-99.03771473717164,19.505535040623982
Ecatepec de Morelos,Norte,122.594012604123,0.957658459254854,Bajo,1075,0.0,2854.0,37666.43307638402,-99.01135177632912,19.62232165582769
Ecatepec de Morelos,Norte,122.312261943247,0.955457528735842,Bajo,1075,0.0,4221.0,25467.898602226964,-99.03145071864203,19.514665903981744
Ecatepec de Morelos,Norte,122.241055495983,0.954901290669018,Bajo,1075,0.0,2049.0,52464.616886286,-99.04014075175196,19.54824625257587
Ecatepec de Morelos,Norte,122.001822273882,0.953032490439599,Bajo,1075,0.0,1936.0,55526.85950413223,-99.03854086927107,19.545104083861627
Ecatepec de Morelos,Norte,122.074983531123,0.953603998749005,Bajo,1075,0.0,1716.0,62645.68764568764,-99.04021560112648,19.54339136815257
Ecatepec de Morelos,Norte,121.007964569335,0.945268846703351,Medio,1075,0.0,8930.0,12038.073908174692,-99.02833106655406,19.493516275467798
Ecatepec de Morelos,Norte,121.368843565076,0.948087898104783,Bajo,1075,0.0,2305.0,46637.74403470716,-99.02541505303276,19.576735330266025
Ecatepec de Morelos,Norte,119.796257874616,0.935803448339397,Medio,1075,0.0,2643.0,40673.47710934544,-99.01886199208477,19.56603558066566
Ecatepec de Morelos,Norte,119.722840642908,0.935229940453437,Medio,1075,0.0,5371.0,20014.894805436605,-99.01676026531504,19.523649115859428
Ecatepec de Morelos,Norte,126.004585124798,0.984300572975972,Muy bajo,1075,0.0,787.0,136594.6632782719,-99.0547728679958,19.589032141309403
Ecatepec de Morelos,Norte,122.057734889888,0.953469258831134,Bajo,1075,0.0,2573.0,41780.02331908278,-99.02166916035516,19.601004192257843
Ecatepec de Morelos,Norte,119.41463125492,0.932822324279049,Medio,1075,0.0,4055.0,26510.480887792848,-98.98493055119135,19.638544905566143
Ecatepec de Morelos,Norte,119.18971394261,0.931065354569107,Medio,1075,0.0,11450.0,9388.646288209608,-99.04976205287234,19.53631281074343
Ecatepec de Morelos,Norte,119.811893904861,0.935925591144867,Medio,1075,0.0,7880.0,13642.131979695432,-99.05378759511449,19.53156079947789
Ecatepec de Morelos,Norte,121.867387022445,0.951982332662504,Bajo,1075,0.0,2650.0,40566.03773584906,-99.04945047178008,19.50136488771981
Ecatepec de Morelos,Norte,117.847958728121,0.92058406593102,Alto,1075,0.0,3344.0,32147.12918660287,-99.0644559919318,19.558933481494
Ecatepec de Morelos,Norte,118.792642475894,0.927963581154953,Medio,1075,0.0,4474.0,24027.715690657133,-99.0704378821792,19.57746112499728
Ecatepec de Morelos,Norte,121.42468889088,0.948524140850495,Bajo,1075,0.0,6488.0,16569.05055487053,-99.02140066959096,19.570576687499276
Ecatepec de Morelos,Norte,120.154243205326,0.938599895514602,Medio,1075,0.0,4755.0,22607.78128286015,-99.05723907687552,19.63432881650277
Ecatepec de Morelos,Norte,120.44570257678,0.940876666840323,Medio,1075,0.0,4244.0,25329.87747408105,-99.04973140042976,19.62097428957664
Ecatepec de Morelos,Norte,124.173927236568,0.970000159967003,Muy bajo,1075,0.0,4314.0,24918.868799258227,-99.02678968855749,19.610141682754165
Ecatepec de Morelos,Norte,117.309052140118,0.916374329731131,Alto,1075,0.0,2333.0,46078.01114444921,-99.07863887469097,19.612371993177884
Ecatepec de Morelos,Norte,116.828028927119,0.912616756753129,Alto,1075,0.0,3266.0,32914.88058787508,-99.02081194827691,19.507195563959097
Ecatepec de Morelos,Norte,119.048963764345,0.92996586695145,Medio,1075,0.0,1752.0,61358.447488584476,-99.03192472625044,19.59248224668928
Ecatepec de Morelos,Norte,124.877956417994,0.975499771953211,Muy bajo,1075,0.0,817.0,131578.94736842107,-99.05316565151328,19.590155680392723
Ecatepec de Morelos,Norte,120.921639410841,0.944594506933225,Medio,1075,0.0,5569.0,19303.28604776441,-99.01326444781294,19.612069253769967
Ecatepec de Morelos,Norte,121.70281519386,0.950696759244594,Bajo,1075,0.0,7578.0,14185.80100290314,-99.01717306462156,19.551536223090636
Ecatepec de Morelos,Norte,121.472093717212,0.948894449579132,Bajo,1075,0.0,2589.0,41521.82309772113,-99.07214587781642,19.50908503153533
Ecatepec de Morelos,Norte,120.581909288657,0.941940662602154,Medio,1075,0.0,2612.0,41156.20214395099,-99.03684053173174,19.541214350809707
Ecatepec de Morelos,Norte,122.22989583628,0.954814115591784,Bajo,1075,0.0,2934.0,36639.40013633265,-99.01856335680849,19.612127348762705
Ecatepec de Morelos,Norte,118.681640711932,0.927096476995522,Medio,1075,0.0,5575.0,19282.51121076233,-99.06334835968536,19.54343211733039
Ecatepec de Morelos,Norte,117.514955012305,0.917982765764396,Alto,1075,0.0,3873.0,27756.26129615285,-99.06137205745586,19.642162053017117
Ecatepec de Morelos,Norte,121.651182228985,0.950293421883015,Bajo,1075,0.0,6157.0,17459.80185155108,-99.0511925091838,19.629086157752173
Ecatepec de Morelos,Norte,122.364946530558,0.95586908097758,Bajo,1075,0.0,7473.0,14385.119764485482,-99.01736011759928,19.53577188912981
Ecatepec de Morelos,Norte,118.698635504328,0.92722923394144,Medio,1075,0.0,5167.0,20805.109347784015,-99.04005829263394,19.527794724359715
Ecatepec de Morelos,Norte,122.69259577183,0.958428553996754,Bajo,1075,0.0,1698.0,63309.776207302704,-99.03950681602085,19.583262122761205
Ecatepec de Morelos,Norte,119.150851293115,0.930761774122986,Medio,1075,0.0,4091.0,26277.193840136886,-98.99446599389265,19.64839965381165
Ecatepec de Morelos,Norte,119.524653027177,0.933681773110741,Medio,1075,0.0,1937.0,55498.1930820857,-99.08307076508224,19.5134813379979
Ecatepec de Morelos,Norte,120.487352419897,0.941202019797943,Medio,1075,0.0,4528.0,23741.166077738515,-98.99478794984816,19.600239527890448
Ecatepec de Morelos,Norte,121.772157727193,0.951238437114679,Bajo,1075,0.0,6031.0,17824.573039296964,-99.0366620642075,19.556421400605725
Ecatepec de Morelos,Norte,121.796318182911,0.951427169535671,Bajo,1075,0.0,4817.0,22316.794685488894,-99.0033018626614,19.5975130060475
Ecatepec de Morelos,Norte,123.976489607373,0.968457851237909,Muy bajo,1075,0.0,6338.0,16961.186494162197,-99.00897902069714,19.590078914850725
Ecatepec de Morelos,Norte,119.108450703231,0.930430556613113,Medio,1075,0.0,2820.0,38120.56737588653,-99.05328656877523,19.636618189659632
Ecatepec de Morelos,Norte,121.021216517688,0.945372365955004,Medio,1075,0.0,5705.0,18843.120070113935,-99.02375836173572,19.52913511178353
Ecatepec de Morelos,Norte,122.673794530287,0.958281685747438,Bajo,1075,0.0,4162.0,25828.92839980778,-99.02816715055746,19.526291621739578
Ecatepec de Morelos,Norte,118.249621989501,0.923721708723365,Alto,1075,0.0,7516.0,14302.820649281533,-98.9876843154934,19.64492687009517
Ecatepec de Morelos,Norte,118.812231793756,0.928116605560984,Medio,1075,0.0,10867.0,9892.334590963466,-98.98104713170596,19.64350984189929
Ecatepec de Morelos,Norte,116.750319296597,0.912009718257085,Alto,1075,0.0,4004.0,26848.151848151847,-99.08718620971466,19.562043644861514
Ecatepec de Morelos,Norte,114.684707444688,0.895873932980966,Muy alto,1075,0.0,3481.0,30881.9304797472,-99.08518642661409,19.56363423116898
Ecatepec de Morelos,Norte,117.657785568359,0.919098504513288,Alto,1075,0.0,2575.0,41747.57281553398,-99.05921465034392,19.58173195152373
Ecatepec de Morelos,Norte,117.811339504224,0.920298010284488,Alto,1075,0.0,7859.0,13678.585061712687,-99.0848855227384,19.566482293900567
Ecatepec de Morelos,Norte,118.753290982323,0.927656182042208,Medio,1075,0.0,1119.0,96067.91778373548,-99.06324656632928,19.59813009237304
Ecatepec de Morelos,Norte,118.211605429495,0.923424737611093,Alto,1075,0.0,1818.0,59130.913091309136,-99.00858087178152,19.64538396087785
Ecatepec de Morelos,Norte,118.568791420905,0.926214940647402,Alto,1075,0.0,4768.0,22546.140939597313,-99.06958984521208,19.607021826525106
Ecatepec de Morelos,Norte,118.150557651505,0.922947855259592,Alto,1075,0.0,4995.0,21521.52152152152,-99.06531087916362,19.605175106653288
Ecatepec de Morelos,Norte,119.54317638475,0.933826470634677,Medio,1075,0.0,4036.0,26635.28245787909,-99.06079164855576,19.602637941411555
Ecatepec de Morelos,Norte,119.756950213739,0.935496391631222,Medio,1075,0.0,5050.0,21287.128712871287,-99.05938768852631,19.598822992422416
Ecatepec de Morelos,Norte,113.801362698734,0.888973575039895,Muy alto,1075,0.0,1148.0,93641.1149825784,-99.07191210180368,19.559068370228736
Ecatepec de Morelos,Norte,119.411477194304,0.932797685940153,Medio,1075,0.0,4831.0,22252.121713930865,-99.0074735414662,19.638059502088225
Ecatepec de Morelos,Norte,113.302165045375,0.885074030148383,Muy alto,1075,0.0,3481.0,30881.9304797472,-99.09244462055128,19.55995917864344
Ecatepec de Morelos,Norte,117.535125968823,0.918140333713518,Alto,1075,0.0,983.0,109359.10478128179,-99.0654408737138,19.581895433343828
Ecatepec de Morelos,Norte,116.987254457015,0.913860566890304,Alto,1075,0.0,162.0,663580.2469135802,-99.0751024033872,19.60880429439933
Ecatepec de Morelos,Norte,119.19693625135,0.931121772536945,Medio,1075,0.0,205.0,524390.243902439,-99.06392729101115,19.60231843425941
Ecatepec de Morelos,Norte,121.697114633318,0.950652228603093,Bajo,1075,0.0,4381.0,24537.776763296053,-99.07080731531973,19.627156199246024
Ecatepec de Morelos,Norte,119.493913964966,0.933441651082502,Medio,1075,0.0,184.0,584239.1304347826,-99.09627670850672,19.56990490212358
Ecatepec de Morelos,Norte,119.70769824335,0.935111653705806,Medio,1075,0.0,3877.0,27727.624451895794,-99.06463400712356,19.65630673412397
Ecatepec de Morelos,Norte,118.095849792409,0.922520497977304,Alto,1075,0.0,4565.0,23548.740416210294,-99.0577431552834,19.644335231484185
Ecatepec de Morelos,Norte,118.677683885129,0.927065567748173,Medio,1075,0.0,5018.0,21422.877640494222,-99.06191518588663,19.651352723324536
Ecatepec de Morelos,Norte,116.91734143462,0.913314432573575,Alto,1075,0.0,3851.0,27914.82731757985,-99.09480314099191,19.56888696747329
Ecatepec de Morelos,Norte,119.476872867888,0.933308532421766,Medio,1075,0.0,4034.0,26648.4878532474,-99.06962943396442,19.637093823557223
Ecatepec de Morelos,Norte,120.266915761493,0.939480051276269,Medio,1075,0.0,8810.0,12202.043132803632,-99.06831520329578,19.632015566372097
Ecatepec de Morelos,Norte,120.849974943169,0.944034690982708,Medio,1075,0.0,4411.0,24370.8909544321,-99.06606711938733,19.624034012131656
Ecatepec de Morelos,Norte,125.282333369033,0.978658613071663,Muy bajo,1075,0.0,11815.0,9098.603470165044,-99.01626967822914,19.583637264933937
Ecatepec de Morelos,Norte,113.197607234573,0.884257263734849,Muy alto,1075,0.0,528.0,203598.48484848486,-99.09873113072456,19.573635590019123
Ecatepec de Morelos,Norte,116.230558383137,0.90794954088796,Alto,1075,0.0,1953.0,55043.52278545826,-99.07490631615504,19.56062987776971
Ecatepec de Morelos,Norte,116.226963878081,0.90792146196224,Alto,1075,0.0,651.0,165130.5683563748,-99.0728569460449,19.608928110101377
Ecatepec de Morelos,Norte,115.973408475623,0.905940782230046,Alto,1075,0.0,475.0,226315.7894736842,-99.07097077678732,19.60966480645256
Ecatepec de Morelos,Norte,117.593205309514,0.918594027745869,Alto,1075,0.0,7155.0,15024.458420684836,-98.98061304610133,19.63419519055984
Ecatepec de Morelos,Norte,117.705944450973,0.91947470364687,Alto,1075,0.0,5433.0,19786.489968709735,-98.98691761432111,19.628800735204827
Naucalpan de Juárez,Norte,121.512586741988,0.949210765905629,Bajo,424,0.0,251.0,168924.30278884462,-99.21974008484943,19.467418393305028
Naucalpan de Juárez,Norte,121.337292585522,0.947841433682697,Bajo,424,0.0,3966.0,10690.872415532023,-99.2537955775578,19.477807995298644
Naucalpan de Juárez,Norte,122.506156569617,0.956972160855337,Bajo,424,764.671175294,1856.0,22844.8275862069,-99.21841138723298,19.458130147433288
Naucalpan de Juárez,Norte,125.014411015453,0.976565704104264,Muy bajo,424,0.0,1689.0,25103.611604499703,-99.25196180434206,19.42586554174529
Naucalpan de Juárez,Norte,126.006542613336,0.984315864142461,Muy bajo,424,0.0,886.0,47855.53047404063,-99.23250073906716,19.45204771657485
Naucalpan de Juárez,Norte,121.570718050428,0.949664865890553,Bajo,424,0.0,3262.0,12998.160637645617,-99.28073631640456,19.44489355214417
Naucalpan de Juárez,Norte,126.501310128728,0.988180802457266,Muy bajo,424,0.0,1401.0,30264.097073518915,-99.23073611374608,19.457130767655347
Naucalpan de Juárez,Norte,119.595219845425,0.934233014635524,Medio,424,0.0,8219.0,5158.778440199538,-99.26375245184828,19.44592136306689
Naucalpan de Juárez,Norte,122.243182454841,0.954917905674102,Bajo,424,0.0,4262.0,9948.38104176443,-99.24265841959352,19.47588082941068
Naucalpan de Juárez,Norte,120.768914542837,0.943401477529299,Medio,424,0.0,5628.0,7533.759772565743,-99.25821824158662,19.457079321344438
Naucalpan de Juárez,Norte,119.936722308582,0.936900703829733,Medio,424,0.0,9517.0,4455.185457602186,-99.25359170505972,19.451982154872184
Naucalpan de Juárez,Norte,120.74325655774,0.943201046970298,Medio,424,0.0,6217.0,6820.009650957053,-99.2401109788664,19.455898104518315
Naucalpan de Juárez,Norte,125.38470779133,0.979458323672877,Muy bajo,424,0.0,1012.0,41897.23320158103,-99.24092368342674,19.426794573852597
Naucalpan de Juárez,Norte,119.811735159218,0.935924351083426,Medio,424,0.0,9504.0,4461.279461279461,-99.26441141753423,19.44060132443668
Naucalpan de Juárez,Norte,119.03888049208,0.92988710020928,Medio,424,0.0,9488.0,4468.802698145026,-99.25998913780226,19.441649972617128
Naucalpan de Juárez,Norte,120.000305654144,0.937397393084389,Medio,424,0.0,1726.0,24565.469293163384,-99.2301925424336,19.481175767157133
Naucalpan de Juárez,Norte,121.263821081282,0.947267501840062,Bajo,424,0.0,2758.0,15373.459028281364,-99.27490919944964,19.450534136590043
Naucalpan de Juárez,Norte,118.277515303755,0.923939600835588,Alto,424,0.0,4187.0,10126.582278481012,-99.2668639036488,19.438824605238423
Naucalpan de Juárez,Norte,123.91220591256,0.967955691117511,Muy bajo,424,0.0,2420.0,17520.661157024795,-99.23463816093738,19.480433212578813
Naucalpan de Juárez,Norte,121.449127188704,0.948715043669841,Bajo,424,0.0,2335.0,18158.45824411135,-99.232074208016,19.47393275833892
Naucalpan de Juárez,Norte,119.313949854284,0.932035838928254,Medio,424,0.0,2365.0,17928.118393234672,-99.23557049054963,19.469923399975208
Naucalpan de Juárez,Norte,121.063383881546,0.945701761590611,Medio,424,0.0,4687.0,9046.29827181566,-99.25249902695788,19.4676729913202
Naucalpan de Juárez,Norte,119.967958592348,0.937144709966318,Medio,424,0.0,6644.0,6381.69777242625,-99.2484358943395,19.47027241268377
Naucalpan de Juárez,Norte,123.848804248432,0.967460421090096,Muy bajo,424,0.0,5804.0,7305.306685044796,-99.24298895881452,19.471164770110672
Naucalpan de Juárez,Norte,120.545610982541,0.941657113844995,Medio,424,0.0,6075.0,6979.423868312758,-99.25204854231322,19.462839522129197
Naucalpan de Juárez,Norte,119.650395794934,0.934664028464608,Medio,424,0.0,946.0,44820.29598308668,-99.24386461407288,19.46623963717123
Naucalpan de Juárez,Norte,121.922966052462,0.952416495205381,Bajo,424,0.0,1858.0,22820.236813778254,-99.22880088902475,19.466914233508557
Naucalpan de Juárez,Norte,119.699444698404,0.935047180107393,Medio,424,0.0,5831.0,7271.48002057966,-99.23393492067652,19.46186436772556
Naucalpan de Juárez,Norte,119.90991968582,0.936691331790491,Medio,424,0.0,6688.0,6339.712918660287,-99.24854357248824,19.4455043582279
Naucalpan de Juárez,Norte,119.576419914961,0.934086156627864,Medio,424,0.0,7487.0,5663.149459062375,-99.2607819999539,19.437077771908715
Naucalpan de Juárez,Norte,120.735192973655,0.943138057274904,Medio,424,0.0,4668.0,9083.11910882605,-99.25780974553574,19.436454781159597
Naucalpan de Juárez,Norte,119.889639777816,0.936532912753206,Medio,424,0.0,6388.0,6637.445209768315,-99.26957239101198,19.45875615795765
Naucalpan de Juárez,Norte,120.332280296308,0.939990654513496,Medio,424,0.0,5439.0,7795.55065269351,-99.26470511081524,19.459683255400623
Naucalpan de Juárez,Norte,120.884598232434,0.944305155136277,Medio,424,0.0,6208.0,6829.896907216495,-99.26043082318968,19.45906331841232
Naucalpan de Juárez,Norte,119.668034075937,0.934801812102247,Medio,424,0.0,4062.0,10438.207779419005,-99.2687839785529,19.44578255879353
Naucalpan de Juárez,Norte,119.152255544408,0.930772743607553,Medio,424,0.0,5258.0,8063.902624572081,-99.27348846125358,19.43475470589276
Naucalpan de Juárez,Norte,117.87990971217,0.920833655038237,Alto,424,0.0,4222.0,10042.63382283278,-99.26978449921585,19.436818178179365
Naucalpan de Juárez,Norte,119.391132387952,0.932638759941309,Medio,424,0.0,9291.0,4563.556129587773,-99.25743073773955,19.46233533417226
Naucalpan de Juárez,Norte,121.592542149079,0.949835347566169,Bajo,424,0.0,4044.0,10484.668644906034,-99.2509561017618,19.457019458851747
Naucalpan de Juárez,Norte,121.406530823509,0.948382296836645,Bajo,424,0.0,4676.0,9067.579127459367,-99.24322193083654,19.462318042209457
Naucalpan de Juárez,Norte,120.156557651133,0.938617975097433,Medio,424,0.0,4272.0,9925.093632958802,-99.27372146565146,19.4599862539188
Naucalpan de Juárez,Norte,118.543436651875,0.92601687869863,Alto,424,0.0,4000.0,10600.0,-99.27589586337594,19.4576161339631
Naucalpan de Juárez,Norte,119.514552667305,0.933602872886597,Medio,424,0.0,5314.0,7978.923598042906,-99.27129894896326,19.45530790961336
Naucalpan de Juárez,Norte,120.978408593622,0.945037966503236,Medio,424,0.0,4927.0,8605.64237872945,-99.24566350027864,19.455405325729505
Naucalpan de Juárez,Norte,120.659522022755,0.94254694417966,Medio,424,0.0,6201.0,6837.606837606838,-99.24215584657992,19.44886082597187
Naucalpan de Juárez,Norte,120.032028814577,0.937645202518943,Medio,424,0.0,4676.0,9067.579127459367,-99.24709204963564,19.44352945098604
Naucalpan de Juárez,Norte,120.673414994836,0.942655470868324,Medio,424,0.0,3063.0,13842.637936663401,-99.28236602294407,19.440873473815486
Naucalpan de Juárez,Norte,120.225319869428,0.939155119764032,Medio,424,0.0,4242.0,9995.285242809996,-99.28653489976088,19.448038328467312
Naucalpan de Juárez,Norte,120.941501018534,0.944749658365318,Medio,424,0.0,5548.0,7642.393655371305,-99.28677107190182,19.444512750659523
Naucalpan de Juárez,Norte,122.819602845054,0.959420685630874,Bajo,424,0.0,3664.0,11572.052401746725,-99.24602825305428,19.427895172789466
Naucalpan de Juárez,Norte,119.71353158554,0.935157221587755,Medio,424,0.0,7186.0,5900.3618146395775,-99.26243572263311,19.451141585853613
Naucalpan de Juárez,Norte,121.207845008034,0.94683023774435,Bajo,424,0.0,6776.0,6257.378984651713,-99.25745921630372,19.45385170796401
Naucalpan de Juárez,Norte,120.964812805871,0.944931761307133,Medio,424,0.0,3084.0,13748.378728923477,-99.28041840101208,19.45276595219387
Naucalpan de Juárez,Norte,119.893708793338,0.936564698376772,Medio,424,0.0,3419.0,12401.286926001754,-99.28132525645334,19.450739234408523
Naucalpan de Juárez,Norte,120.739854941827,0.943174474822241,Medio,424,0.0,4676.0,9067.579127459367,-99.28042562995924,19.448485906329864
Naucalpan de Juárez,Norte,126.200844340099,0.985833676377574,Muy bajo,424,0.0,1906.0,22245.540398740817,-99.23299729878792,19.45403752591481
Naucalpan de Juárez,Norte,119.489378723584,0.933406223477339,Medio,424,0.0,1682.0,25208.08561236623,-99.26839368082165,19.431524665458102
Naucalpan de Juárez,Norte,125.260148736204,0.978485315038239,Muy bajo,424,0.0,579.0,73229.70639032815,-99.23875732035174,19.42479706038634
Naucalpan de Juárez,Norte,122.796654564093,0.959241422264576,Bajo,424,0.0,3088.0,13730.569948186527,-99.236317648271,19.47648716706602
Naucalpan de Juárez,Norte,120.063611925346,0.937891917938027,Medio,424,0.0,4817.0,8802.159020137015,-99.24897017212048,19.460289487132155
Naucalpan de Juárez,Norte,119.742584225131,0.935384169914815,Medio,424,0.0,4539.0,9341.26459572593,-99.26659751419432,19.436690039080307
Naucalpan de Juárez,Norte,119.568248080691,0.934022321322613,Medio,424,0.0,2741.0,15468.807004742794,-99.26821793146372,19.44896240622664
Naucalpan de Juárez,Norte,119.014033527646,0.929693005039613,Medio,424,0.0,2467.0,17186.866639643293,-99.266648179326,19.449503162957072
Naucalpan de Juárez,Norte,119.652170319334,0.93467789038385,Medio,424,0.0,5823.0,7281.4700326292295,-99.24406934938048,19.45043763804304
Naucalpan de Juárez,Norte,121.641652824675,0.950218981749644,Bajo,424,0.0,5565.0,7619.04761904762,-99.22579239359744,19.46060941041069
Naucalpan de Juárez,Norte,123.356418509862,0.963614088322768,Bajo,424,0.0,1073.0,39515.377446411934,-99.23478189721152,19.431136425217414
Naucalpan de Juárez,Norte,120.088014518586,0.938082541846549,Medio,424,0.0,10789.0,3929.9286310130688,-99.21310685480871,19.47011103879529
Naucalpan de Juárez,Norte,120.375078017197,0.940324974261879,Medio,424,0.0,11650.0,3639.4849785407723,-99.23702076866388,19.455162406646533
Naucalpan de Juárez,Norte,119.177501519569,0.930969955699415,Medio,424,0.0,10589.0,4004.155255453773,-99.25798553469173,19.44721914687274
Naucalpan de Juárez,Norte,121.128575682377,0.946211015494729,Medio,424,0.0,6896.0,6148.4918793503475,-99.26805583105276,19.453636051165876
Naucalpan de Juárez,Norte,117.466859115111,0.917607058649298,Alto,424,0.0,6608.0,6416.464891041162,-99.25237573486996,19.4468972578448
Naucalpan de Juárez,Norte,123.697236227915,0.966276428544971,Bajo,424,0.0,2334.0,18166.2382176521,-99.2223878576256,19.481988952843817
Naucalpan de Juárez,Norte,120.035382412734,0.937671399570297,Medio,424,0.0,2042.0,20763.956904995102,-99.22542661117038,19.475669104553884
Naucalpan de Juárez,Norte,125.280593178638,0.978645019356793,Muy bajo,424,0.0,2185.0,19405.03432494279,-99.23896148524774,19.48035572790845
Naucalpan de Juárez,Norte,119.456625516654,0.933150367705773,Medio,424,0.0,7288.0,5817.782656421515,-99.25420420657836,19.4420200857419
Naucalpan de Juárez,Norte,121.873183781043,0.952027614767154,Bajo,424,0.0,3856.0,10995.850622406639,-99.23967637789735,19.46216046267181
Naucalpan de Juárez,Norte,121.046270215807,0.945568076050708,Medio,424,0.0,4008.0,10578.842315369262,-99.28024956942969,19.45549252964917
Naucalpan de Juárez,Norte,119.026731791703,0.929792199117153,Medio,424,0.0,4630.0,9157.667386609071,-99.27129627533768,19.44429935459176
Naucalpan de Juárez,Norte,120.367544803981,0.940266127624844,Medio,424,0.0,2991.0,14175.860916081578,-99.284837820924,19.44243324766751
Naucalpan de Juárez,Norte,121.208637998314,0.946836432287075,Bajo,424,0.0,5101.0,8312.095667516172,-99.24584481715227,19.45841531414773
Naucalpan de Juárez,Norte,118.936479322265,0.929087180666492,Medio,424,0.0,3518.0,12052.302444570778,-99.27546144329663,19.447782567610943
Naucalpan de Juárez,Norte,119.060954946084,0.930059537567045,Medio,424,0.0,3031.0,13988.782580006598,-99.27497174094484,19.44528722792803
Naucalpan de Juárez,Norte,119.518098242352,0.93363056958943,Medio,424,0.0,6066.0,6989.779096604022,-99.27572674905645,19.45329915047017
Naucalpan de Juárez,Norte,120.58026289885,0.941927801622301,Medio,424,0.0,6895.0,6149.383611312545,-99.24764742739438,19.451477837313263
Naucalpan de Juárez,Norte,119.123408385895,0.930547400421632,Medio,424,0.0,3208.0,13216.957605985039,-99.26533609353946,19.45122279878677
Naucalpan de Juárez,Norte,126.604230737454,0.988984779662064,Muy bajo,424,0.0,1098.0,38615.66484517304,-99.23065571873832,19.455021135330465
Naucalpan de Juárez,Norte,126.919904664793,0.991450706018991,Muy bajo,424,0.0,862.0,49187.93503480278,-99.23471461955056,19.45241657314788
Naucalpan de Juárez,Norte,120.488665655695,0.941212278303594,Medio,424,0.0,4024.0,10536.779324055666,-99.2712810192378,19.448315003812173
Naucalpan de Juárez,Norte,125.898149848635,0.983469140506999,Muy bajo,424,0.0,790.0,53670.88607594936,-99.23406746902012,19.45485736718348
Naucalpan de Juárez,Norte,118.747192178142,0.927608540470718,Medio,424,0.0,4460.0,9506.726457399103,-99.28842144071704,19.44011563511156
Naucalpan de Juárez,Norte,120.733805809597,0.943127221269412,Medio,424,0.0,3168.0,13383.838383838383,-99.25190663497676,19.4386365960315
Naucalpan de Juárez,Norte,118.192876699553,0.923278435795211,Alto,424,0.0,2294.0,18482.99912816042,-99.27777353826752,19.469063913334253
Naucalpan de Juárez,Norte,119.647609970245,0.934642266646696,Medio,424,0.0,3566.0,11890.072910824454,-99.28006301585184,19.462679302166432
Naucalpan de Juárez,Norte,119.532248180934,0.933741103604051,Medio,424,0.0,2638.0,16072.78241091736,-99.26180133970524,19.46388582843073
Naucalpan de Juárez,Norte,118.878787968369,0.928636517441507,Medio,424,0.0,6084.0,6969.099276791585,-99.2966084717703,19.451665197534336
Naucalpan de Juárez,Norte,119.291919090675,0.931863742863482,Medio,424,0.0,6535.0,6488.1407804131595,-99.25991439902224,19.465528429314038
Naucalpan de Juárez,Norte,119.895490340914,0.936578615158438,Medio,424,0.0,3772.0,11240.721102863203,-99.29246609915106,19.445839852694576
Naucalpan de Juárez,Norte,118.549829209059,0.926066814958426,Alto,424,0.0,4225.0,10035.50295857988,-99.33587032933252,19.441787807957457
Naucalpan de Juárez,Norte,120.559417784583,0.941764967405622,Medio,424,0.0,889.0,47694.03824521935,-99.2677693828703,19.47027985787208
Naucalpan de Juárez,Norte,119.822368753145,0.936007416732069,Medio,424,0.0,3690.0,11490.514905149052,-99.27222957426402,19.467274387433157
Naucalpan de Juárez,Norte,117.806583721319,0.920260859891637,Alto,424,0.0,5695.0,7445.127304653204,-99.34661972624365,19.441226804596894
Naucalpan de Juárez,Norte,119.432023967767,0.932958189630336,Medio,424,0.0,5397.0,7856.216416527701,-99.28646545211284,19.45756688370343
Naucalpan de Juárez,Norte,119.239310961335,0.931452787882748,Medio,424,0.0,4524.0,9372.236958443855,-99.28146862912628,19.458251067639956
Naucalpan de Juárez,Norte,118.736961274859,0.927528620490403,Medio,424,0.0,2907.0,14585.483316133472,-99.28271076343624,19.46025202846649
Naucalpan de Juárez,Norte,121.244196734143,0.947114203798461,Bajo,424,21971.6880659,7706.0,5502.206073189722,-99.2342531507032,19.419988325997718
Naucalpan de Juárez,Norte,124.262388419392,0.970691185558288,Muy bajo,424,0.0,5321.0,7968.426987408382,-99.23310267122436,19.42585529246044
Naucalpan de Juárez,Norte,118.228149112685,0.923553970661037,Alto,424,0.0,3595.0,11794.158553546593,-99.34140202406232,19.47516868993046
Naucalpan de Juárez,Norte,120.141007747906,0.938496505083935,Medio,424,0.0,3888.0,10905.349794238684,-99.26925227334402,19.46728533809081
Naucalpan de Juárez,Norte,119.355824196743,0.932362945590562,Medio,424,0.0,4760.0,8907.563025210084,-99.27084547388864,19.44126986031035
Naucalpan de Juárez,Norte,121.010782416401,0.945290858668066,Medio,424,0.0,3395.0,12488.954344624448,-99.27842230343272,19.443437576202147
Naucalpan de Juárez,Norte,121.859351120533,0.951919559209875,Bajo,424,0.0,3247.0,13058.207576224208,-99.28152723349643,19.43875308446555
Naucalpan de Juárez,Norte,119.185931343448,0.931035806322755,Medio,424,0.0,4706.0,9009.774755631108,-99.28988636487686,19.46373256762997
Naucalpan de Juárez,Norte,120.906194699097,0.944473858636147,Medio,424,0.0,4141.0,10239.07268775658,-99.25426549514196,19.431035232351025
Naucalpan de Juárez,Norte,120.622134972557,0.942254890561966,Medio,424,0.0,5296.0,8006.042296072507,-99.24835121552375,19.4391446500776
Naucalpan de Juárez,Norte,120.120703378887,0.938337894966379,Medio,424,0.0,1568.0,27040.816326530614,-99.26176980621594,19.468394432399737
Naucalpan de Juárez,Norte,120.373986270333,0.94031644594473,Medio,424,0.0,3903.0,10863.438380732769,-99.28280341184708,19.463854209968076
Naucalpan de Juárez,Norte,117.691262759402,0.919360015777287,Alto,424,0.0,3841.0,11038.791981254883,-99.27567665902676,19.442526617502374
Naucalpan de Juárez,Norte,120.542981402048,0.94163657254816,Medio,424,0.0,5310.0,7984.934086629001,-99.26714344339432,19.462561849487145
Naucalpan de Juárez,Norte,120.246227556302,0.939318442774453,Medio,424,0.0,2615.0,16214.149139579351,-99.27296533885836,19.484068875607665
Naucalpan de Juárez,Norte,123.351581437041,0.963576302923572,Bajo,424,0.0,3395.0,12488.954344624448,-99.26480947079556,19.47961093764497
Naucalpan de Juárez,Norte,124.96548797419,0.976183535649845,Muy bajo,424,0.0,4797.0,8838.857619345425,-99.27744610339712,19.477945297899485
Naucalpan de Juárez,Norte,125.439282459473,0.979884640517373,Muy bajo,424,0.0,3173.0,13362.748187834855,-99.266525850777,19.47345908841005
Naucalpan de Juárez,Norte,119.880459249291,0.936461197906656,Medio,424,0.0,4796.0,8840.70058381985,-99.28992677728831,19.456298271937595
Naucalpan de Juárez,Norte,119.057150083353,0.93002981540604,Medio,424,0.0,4040.0,10495.049504950495,-99.27675676085248,19.46199690622945
Naucalpan de Juárez,Norte,119.606369010188,0.934320107730219,Medio,424,0.0,3558.0,11916.807195053401,-99.29063306754963,19.43651272517831
Naucalpan de Juárez,Norte,118.275054652344,0.923920379149403,Alto,424,0.0,4722.0,8979.246082168573,-99.29456013148916,19.438904249770925
Naucalpan de Juárez,Norte,119.92083309038,0.93677658321488,Medio,424,0.0,4995.0,8488.488488488489,-99.26913214643992,19.43315983977305
Naucalpan de Juárez,Norte,120.89815006161,0.944411016944474,Medio,424,0.0,4571.0,9275.869612776198,-99.27270627762594,19.430568714320614
Naucalpan de Juárez,Norte,120.735892252954,0.94314351978259,Medio,424,0.0,2784.0,15229.885057471265,-99.27461495635627,19.46701785800294
Naucalpan de Juárez,Norte,118.817784637211,0.928159982291991,Medio,424,0.0,5406.0,7843.137254901961,-99.27232666027548,19.46330352829944
Naucalpan de Juárez,Norte,119.409904743266,0.932785402542241,Medio,424,0.0,4263.0,9946.047384471029,-99.28774548123296,19.43658491117029
Naucalpan de Juárez,Norte,119.341478133649,0.932250879524796,Medio,424,0.0,5221.0,8121.049607354913,-99.27381616758996,19.437654370766637
Naucalpan de Juárez,Norte,120.718518351598,0.943007801379627,Medio,424,0.0,2414.0,17564.20878210439,-99.27679013027848,19.467472129899555
Naucalpan de Juárez,Norte,121.152971479637,0.946401586315601,Medio,424,0.0,3480.0,12183.908045977012,-99.29139322530904,19.44405512267845
Naucalpan de Juárez,Norte,121.339956413409,0.947862242507335,Bajo,424,0.0,3856.0,10995.850622406639,-99.24881303361056,19.43330233542933
Naucalpan de Juárez,Norte,117.956622446152,0.921432906152296,Alto,424,0.0,1882.0,22529.22422954304,-99.29748223924813,19.446014464069084
Naucalpan de Juárez,Norte,120.001683780668,0.93740815849206,Medio,424,0.0,556.0,76258.9928057554,-99.25949137391062,19.432492176461828
Naucalpan de Juárez,Norte,121.9874931913,0.952920557019225,Bajo,424,0.0,6851.0,6188.877536126113,-99.2590292039971,19.475616139231704
Naucalpan de Juárez,Norte,119.866281211417,0.936350444390909,Medio,424,0.0,3609.0,11748.406760875589,-99.27696614010216,19.438025330966106
Naucalpan de Juárez,Norte,124.841414520183,0.975214320349071,Muy bajo,424,0.0,6640.0,6385.542168674699,-99.2627260634167,19.518515280084724
Naucalpan de Juárez,Norte,124.255466762739,0.970637116171816,Muy bajo,424,0.0,2190.0,19360.730593607306,-99.2632633482549,19.484894087837983
Naucalpan de Juárez,Norte,125.00425662688,0.976486381828167,Muy bajo,424,0.0,2787.0,15213.491209185504,-99.23771599048406,19.51826162721817
Naucalpan de Juárez,Norte,121.551121535884,0.949511785266741,Bajo,424,0.0,7164.0,5918.481295365717,-99.21775821840812,19.490896343559992
Naucalpan de Juárez,Norte,124.855759586537,0.975326378628675,Muy bajo,424,0.0,3551.0,11940.298507462687,-99.2338789327724,19.498212647832
Naucalpan de Juárez,Norte,123.03355941635,0.961092034141802,Bajo,424,0.0,3079.0,13770.704774277361,-99.26531276886368,19.48817798581197
Naucalpan de Juárez,Norte,123.785213777806,0.966963676177118,Muy bajo,424,0.0,3808.0,11134.453781512606,-99.254425062542,19.48973438045856
Naucalpan de Juárez,Norte,124.776505817187,0.974707277899091,Muy bajo,424,0.0,4221.0,10045.013030087657,-99.24823983031824,19.492184172644908
Naucalpan de Juárez,Norte,123.519302735518,0.964886478819376,Bajo,424,0.0,3098.0,13686.249193027761,-99.24045842365062,19.489065047707868
Naucalpan de Juárez,Norte,122.607754693651,0.957765807305588,Bajo,424,0.0,2689.0,15767.94347341019,-99.25913406155284,19.49954001501128
Naucalpan de Juárez,Norte,125.154961223997,0.977663629633437,Muy bajo,424,0.0,2079.0,20394.420394420395,-99.23128224096055,19.50369047689755
Naucalpan de Juárez,Norte,124.771740833154,0.974670055630478,Muy bajo,424,0.0,813.0,52152.521525215256,-99.24620688362695,19.49686241621381
Naucalpan de Juárez,Norte,125.036582463953,0.976738899146651,Muy bajo,424,0.0,1931.0,21957.534955981355,-99.24117153885774,19.49697306381629
Naucalpan de Juárez,Norte,124.622367263129,0.973503205309774,Muy bajo,424,0.0,2416.0,17549.668874172185,-99.22156921184084,19.486198560413087
Naucalpan de Juárez,Norte,124.734855571496,0.974381921796712,Muy bajo,424,0.0,4532.0,9355.692850838483,-99.25292613991611,19.510136967963717
Naucalpan de Juárez,Norte,125.392421109891,0.979518577225327,Muy bajo,424,0.0,3593.0,11800.723629279155,-99.25083366378011,19.50506169424842
Naucalpan de Juárez,Norte,125.140259349593,0.977548784103131,Muy bajo,424,0.0,2363.0,17943.29242488362,-99.244236679188,19.512088266911015
Naucalpan de Juárez,Norte,125.527257206347,0.980571866253407,Muy bajo,424,0.0,2643.0,16042.37608777904,-99.24201243786996,19.501379430424592
Naucalpan de Juárez,Norte,124.540194612698,0.972861303375637,Muy bajo,424,0.0,2170.0,19539.170506912444,-99.22697398097245,19.50180545125612
Naucalpan de Juárez,Norte,124.596927135385,0.973304476570736,Muy bajo,424,0.0,1263.0,33570.863024544735,-99.25188250291824,19.49565983148329
Naucalpan de Juárez,Norte,123.551932343766,0.965141369084383,Bajo,424,0.0,3817.0,11108.200157191512,-99.23037902775816,19.49400361216278
Naucalpan de Juárez,Norte,121.659467131544,0.950358140435344,Bajo,424,0.0,3375.0,12562.962962962962,-99.26998690164412,19.491188283657696
Naucalpan de Juárez,Norte,119.178748334207,0.930979695347864,Medio,424,0.0,4759.0,8909.434755200673,-99.27537499288776,19.504358450638467
Naucalpan de Juárez,Norte,125.90171245629,0.983496970262178,Muy bajo,424,0.0,2433.0,17427.044800657623,-99.27253746153627,19.516702265442543
Naucalpan de Juárez,Norte,126.514804163231,0.988286212795147,Muy bajo,424,0.0,94.0,451063.829787234,-99.26831236957754,19.514500540092023
Naucalpan de Juárez,Norte,125.841339250527,0.983025357415984,Muy bajo,424,0.0,1323.0,32048.37490551776,-99.22586301894756,19.48846310559273
Naucalpan de Juárez,Norte,125.021788563739,0.976623334745222,Muy bajo,424,0.0,2009.0,21105.02737680438,-99.2391953257283,19.51233089621204
Naucalpan de Juárez,Norte,125.24351847905,0.978355405704949,Muy bajo,424,0.0,1280.0,33125.0,-99.27446087265564,19.520950093895888
Naucalpan de Juárez,Norte,124.722855342126,0.974288180504414,Muy bajo,424,0.0,1814.0,23373.759647188534,-99.27398924250426,19.51840188249036
Naucalpan de Juárez,Norte,121.886276173034,0.952129887624334,Bajo,424,0.0,6580.0,6443.768996960486,-99.25607619876838,19.502507337612165
Naucalpan de Juárez,Norte,126.087407168845,0.984947547729543,Muy bajo,424,0.0,2860.0,14825.174825174825,-99.24325631500878,19.505336614190856
Naucalpan de Juárez,Norte,122.035020824895,0.953291825072154,Bajo,424,0.0,894.0,47427.293064876954,-99.24821218317165,19.483275747574638
Naucalpan de Juárez,Norte,124.035887318238,0.968921843883732,Muy bajo,424,0.0,6789.0,6245.396965679776,-99.26069773716816,19.4962452270272
Naucalpan de Juárez,Norte,124.444090104541,0.972110570992757,Muy bajo,424,0.0,2772.0,15295.815295815297,-99.219778201169,19.500905562258303
Naucalpan de Juárez,Norte,125.016745128398,0.9765839373194,Muy bajo,424,0.0,4640.0,9137.931034482759,-99.25590208593437,19.51423862605408
Naucalpan de Juárez,Norte,124.215571157899,0.970325466665854,Muy bajo,424,0.0,4587.0,9243.514279485502,-99.24767648900966,19.51596841025981
Naucalpan de Juárez,Norte,124.694301163175,0.974065125964976,Muy bajo,424,0.0,2936.0,14441.416893732969,-99.22624754083957,19.5123040040772
Naucalpan de Juárez,Norte,123.450073099465,0.964345682860509,Bajo,424,0.0,2344.0,18088.737201365188,-99.22893638381676,19.50866738532284
Naucalpan de Juárez,Norte,126.037678793974,0.984559088310943,Muy bajo,424,0.0,91.0,465934.06593406596,-99.23398702682454,19.51000938051161
Naucalpan de Juárez,Norte,124.497090954977,0.972524593763441,Muy bajo,424,0.0,3446.0,12304.120719674986,-99.22363544978768,19.49299480994221
Naucalpan de Juárez,Norte,123.784903171884,0.966961249840119,Muy bajo,424,0.0,2133.0,19878.10595405532,-99.23263341243631,19.489453308745603
Naucalpan de Juárez,Norte,123.666884273328,0.966039330456349,Bajo,424,0.0,2573.0,16478.818499805675,-99.22973432530564,19.485604596990125
Naucalpan de Juárez,Norte,120.389334093727,0.94043633738634,Medio,424,0.0,7016.0,6043.32953249715,-99.26620529934874,19.505202153036603
Naucalpan de Juárez,Norte,118.729084965077,0.92746709371164,Medio,424,0.0,3546.0,11957.134799774394,-99.27864732781386,19.48994742763246
Naucalpan de Juárez,Norte,120.281941924184,0.939597430025081,Medio,424,0.0,4758.0,8911.307271963009,-99.28339730061238,19.501795558444083
Naucalpan de Juárez,Norte,119.377423515732,0.932531671371738,Medio,424,0.0,9018.0,4701.707695719671,-99.27569220316812,19.496773739379357
Naucalpan de Juárez,Norte,124.525959850702,0.972750106752317,Muy bajo,424,0.0,3684.0,11509.229098805645,-99.2648056161924,19.492983273609035
Naucalpan de Juárez,Norte,117.767832773374,0.919958152016145,Alto,424,0.0,3922.0,10810.810810810812,-99.28709192574898,19.48857859261299
Naucalpan de Juárez,Norte,125.143711375847,0.977575750037872,Muy bajo,424,0.0,1101.0,38510.445049954586,-99.27555547576311,19.52537232717705
Naucalpan de Juárez,Norte,125.584547033081,0.981019392898761,Muy bajo,424,0.0,1373.0,30881.281864530225,-99.27265895566794,19.51303965868421
Naucalpan de Juárez,Norte,121.512429004064,0.949209533716117,Bajo,424,0.0,889.0,47694.03824521935,-99.275432717255,19.510187911825803
Naucalpan de Juárez,Norte,124.938532746668,0.975972971519433,Muy bajo,424,0.0,4907.0,8640.717342571837,-99.26839429352977,19.509358837106884
Naucalpan de Juárez,Norte,117.775301296015,0.920016493314658,Alto,424,0.0,6247.0,6787.257883784216,-99.27771573619393,19.506705908351496
Naucalpan de Juárez,Norte,119.19663005274,0.931119380628211,Medio,424,0.0,446.0,95067.26457399102,-99.28560142159488,19.503907626727862
Naucalpan de Juárez,Norte,120.114487727166,0.938289340625719,Medio,424,0.0,3183.0,13320.76657241596,-99.27477384554804,19.50155312643016
Naucalpan de Juárez,Norte,118.228576529677,0.923557309482319,Alto,424,0.0,4039.0,10497.647932656599,-99.28345885692823,19.493557791776905
Naucalpan de Juárez,Norte,126.03015609075,0.984500323774032,Muy bajo,424,0.0,2119.0,20009.43841434639,-99.27809066220014,19.51684388457292
Naucalpan de Juárez,Norte,125.167515186973,0.97776169648504,Muy bajo,424,0.0,1378.0,30769.23076923077,-99.26700877815668,19.49658524003472
Naucalpan de Juárez,Norte,118.761819414332,0.927722802955284,Medio,424,0.0,5100.0,8313.725490196077,-99.27429661294944,19.491900486399125
Naucalpan de Juárez,Norte,121.190268399053,0.946692935865417,Bajo,424,0.0,2475.0,17131.31313131313,-99.27118338412583,19.487037411307316
Naucalpan de Juárez,Norte,124.611623562613,0.973419279549747,Muy bajo,424,0.0,2019.0,21000.495294700348,-99.22971069110488,19.43457308244344
Naucalpan de Juárez,Norte,123.269176741518,0.962932588340182,Bajo,424,619388.012666313,1432.0,29608.938547486036,-99.23368746015792,19.44365204263891
Nezahualcóyotl,Centro,119.693295280736,0.934999143162327,Medio,648,0.0,6239.0,10386.27985254047,-98.99917678057555,19.37853373211659
Nezahualcóyotl,Centro,120.219115983915,0.939106657336584,Medio,648,0.0,4074.0,15905.743740795286,-99.00524345291574,19.38197335381748
Nezahualcóyotl,Centro,123.808346216952,0.967144378118108,Muy bajo,648,0.0,4688.0,13822.525597269625,-99.05399429269362,19.4668869845391
Nezahualcóyotl,Centro,123.159922870957,0.962079138068614,Bajo,648,0.0,3922.0,16522.18255991841,-99.05125630289892,19.46246920397649
Nezahualcóyotl,Centro,123.828107392504,0.967298745011974,Muy bajo,648,0.0,5305.0,12214.891611687088,-99.04221699967022,19.474278220435504
Nezahualcóyotl,Centro,121.234613904045,0.947039346322862,Bajo,648,0.0,7277.0,8904.768448536484,-99.0316150543543,19.39374716179911
Nezahualcóyotl,Centro,119.18150354659,0.93100121803392,Medio,648,0.0,5253.0,12335.808109651627,-99.03810772192097,19.431774273337936
Nezahualcóyotl,Centro,120.186783590666,0.938854088803708,Medio,648,0.0,6552.0,9890.10989010989,-99.0357609489485,19.431149606851932
Nezahualcóyotl,Centro,119.960986709242,0.937090248229641,Medio,648,0.0,7813.0,8293.869192371687,-99.05373514612717,19.406352459402303
Nezahualcóyotl,Centro,120.695038337807,0.942824384315837,Medio,648,0.0,4977.0,13019.89150090416,-99.04904173158792,19.40151516358651
Nezahualcóyotl,Centro,119.074641547549,0.930166452165827,Medio,648,0.0,7438.0,8712.019360043021,-99.00154704244731,19.379172842792038
Nezahualcóyotl,Centro,121.544039704274,0.94945646465357,Bajo,648,0.0,9419.0,6879.711221998089,-99.0187288846672,19.385372050070814
Nezahualcóyotl,Centro,120.253122325004,0.939372302122332,Medio,648,0.0,6856.0,9451.575262543756,-99.01321449828592,19.38325559816329
Nezahualcóyotl,Centro,119.864008271813,0.93633268903897,Medio,648,0.0,8605.0,7530.505520046485,-99.00315224265908,19.381377661038307
Nezahualcóyotl,Centro,116.780994474686,0.912249341246508,Alto,648,0.0,4383.0,14784.394250513347,-98.971515355944,19.38897005765084
Nezahualcóyotl,Centro,119.314636669629,0.932041204072203,Medio,648,0.0,4670.0,13875.802997858671,-99.05335965594398,19.413311812902705
Nezahualcóyotl,Centro,120.386508441503,0.940414264450661,Medio,648,0.0,8463.0,7656.859269762496,-98.99586274303356,19.413775274988648
Nezahualcóyotl,Centro,120.139754010272,0.938486711355634,Medio,648,0.0,7347.0,8819.926500612495,-98.99562069145956,19.376443402239985
Nezahualcóyotl,Centro,120.518809473447,0.941447750505303,Medio,648,0.0,4531.0,14301.478702273229,-99.0609339903037,19.484404022613337
Nezahualcóyotl,Centro,119.974012146985,0.937191998065337,Medio,648,0.0,7942.0,8159.153865525057,-99.02426565782632,19.418100162210983
Nezahualcóyotl,Centro,119.186770700783,0.931042363067535,Medio,648,0.0,6187.0,10473.573622110878,-98.9917496627237,19.374541991529096
Nezahualcóyotl,Centro,120.859084825171,0.944105853965111,Medio,648,0.0,6703.0,9667.313143368641,-99.04296538701163,19.397702084815023
Nezahualcóyotl,Centro,120.536425166257,0.941585357692454,Medio,648,0.0,3910.0,16572.89002557545,-99.05254823781446,19.457457729802357
Nezahualcóyotl,Centro,119.612437114347,0.934367509484647,Medio,648,0.0,4150.0,15614.4578313253,-99.06464291908496,19.485098943105985
Nezahualcóyotl,Centro,120.644269897406,0.942427800295293,Medio,648,0.0,4824.0,13432.835820895521,-99.051958817283,19.40180714297204
Nezahualcóyotl,Centro,120.743635140782,0.943204004319072,Medio,648,0.0,4879.0,13281.410125025619,-98.97099985518356,19.37398535732061
Nezahualcóyotl,Centro,120.88229682155,0.944287177377376,Medio,648,0.0,6685.0,9693.343305908751,-99.054262672634,19.41051036001016
Nezahualcóyotl,Centro,118.911860693516,0.928894869169576,Medio,648,23451.357856862,5066.0,12791.156731148836,-99.05279682796495,19.42582208751286
Nezahualcóyotl,Centro,120.572445697981,0.941866736580212,Medio,648,0.0,6870.0,9432.31441048035,-99.0345674613564,19.39491582144671
Nezahualcóyotl,Centro,119.943456624223,0.936953309778457,Medio,648,0.0,6442.0,10058.98789195902,-99.00849096586435,19.38428961966397
Nezahualcóyotl,Centro,120.008319455498,0.937459993895754,Medio,648,0.0,4816.0,13455.14950166113,-99.04402336981128,19.433424681781805
Nezahualcóyotl,Centro,121.357129013372,0.947996388419298,Bajo,648,0.0,6740.0,9614.243323442137,-99.03711110177083,19.396224787850954
Nezahualcóyotl,Centro,120.869194426797,0.944184826382371,Medio,648,0.0,8872.0,7303.877366997295,-99.02820738425956,19.39236376668454
Nezahualcóyotl,Centro,119.916476352488,0.936742550012049,Medio,648,0.0,4793.0,13519.716252868766,-99.00682057812466,19.38267541747812
Nezahualcóyotl,Centro,119.599671836836,0.934267791923131,Medio,648,0.0,5963.0,10867.013248364916,-98.99369856682722,19.375302937151663
Nezahualcóyotl,Centro,120.429311202826,0.940748623573015,Medio,648,0.0,6402.0,10121.836925960637,-98.99014249950427,19.37288483305173
Nezahualcóyotl,Centro,122.245252297424,0.954934074508257,Bajo,648,0.0,3681.0,17603.911980440098,-99.06374736725564,19.49564871542353
Nezahualcóyotl,Centro,119.471503576795,0.93326658953299,Medio,648,2346173.13547118,2925.0,22153.846153846156,-99.04928952508,19.450191975139365
Nezahualcóyotl,Centro,120.335090490619,0.940012606697759,Medio,648,0.0,9895.0,6548.762001010612,-99.00363401657243,19.41539172730736
Nezahualcóyotl,Centro,117.002477408274,0.913979482877621,Alto,648,0.0,2572.0,25194.401244167962,-99.04634854327094,19.455740444937
Nezahualcóyotl,Centro,120.601129734411,0.942090805517581,Medio,648,0.0,6616.0,9794.437726723096,-99.0197738253653,19.409226939716824
Nezahualcóyotl,Centro,120.588646246075,0.941993289187444,Medio,648,0.0,6113.0,10600.359888761655,-99.02175638772056,19.410054495970165
Nezahualcóyotl,Centro,120.561169119064,0.941778648173915,Medio,648,0.0,9532.0,6798.153587914393,-99.00763248356007,19.40404406239441
Nezahualcóyotl,Centro,119.224047038193,0.931333551838439,Medio,648,0.0,4974.0,13027.744270205067,-99.04006753108386,19.432309901486303
Nezahualcóyotl,Centro,119.262257000024,0.931632033733257,Medio,648,0.0,7322.0,8850.040972411909,-99.0328694317645,19.431060443345533
Nezahualcóyotl,Centro,120.360764152063,0.940213159714502,Medio,648,0.0,5772.0,11226.611226611227,-99.03957535710984,19.422557557962804
Nezahualcóyotl,Centro,120.476645164066,0.941118378730131,Medio,648,0.0,4196.0,15443.27931363203,-99.0343680579214,19.42195538871017
Nezahualcóyotl,Centro,120.944914436911,0.944776322709802,Medio,648,0.0,6046.0,10717.82997022825,-99.03129393880312,19.419169256661306
Nezahualcóyotl,Centro,120.750036321127,0.943254007939773,Medio,648,0.0,10322.0,6277.85312923852,-99.00611624540788,19.411205039264047
Nezahualcóyotl,Centro,120.498664748187,0.941290387464933,Medio,648,0.0,8370.0,7741.935483870968,-98.99810407514548,19.40995055815189
Nezahualcóyotl,Centro,117.389924390686,0.917006073429135,Alto,648,0.0,7287.0,8892.548373816386,-98.99258206018,19.407275822723857
Nezahualcóyotl,Centro,120.948049337434,0.944800811377244,Medio,648,0.0,5462.0,11863.786158916148,-99.0324892555766,19.41628515776173
Nezahualcóyotl,Centro,120.255172855543,0.939388320098046,Medio,648,0.0,8261.0,7844.0866723157005,-99.02446598003036,19.414892827330004
Nezahualcóyotl,Centro,120.564516905132,0.941804799823414,Medio,648,0.0,9450.0,6857.142857142858,-99.0103867579473,19.40832523979133
Nezahualcóyotl,Centro,120.634044824244,0.942347925857691,Medio,648,0.0,9221.0,7027.437371217872,-99.00022169568282,19.406012263685703
Nezahualcóyotl,Centro,121.278251870691,0.947380229756033,Bajo,648,0.0,9109.0,7113.843451531453,-99.0371872553409,19.413864090939
Nezahualcóyotl,Centro,121.404829482397,0.948369006597806,Bajo,648,0.0,7823.0,8283.267288763902,-99.03214329612648,19.41091372281723
Nezahualcóyotl,Centro,121.115045804008,0.946105325157996,Medio,648,0.0,6492.0,9981.515711645101,-99.03737455905704,19.410230453238505
Nezahualcóyotl,Centro,120.949059888293,0.944808705421646,Medio,648,0.0,7238.0,8952.749378281293,-99.0312785535327,19.403860698098608
Nezahualcóyotl,Centro,120.850450088613,0.944038402640756,Medio,648,0.0,7610.0,8515.111695137977,-99.02886096928144,19.408408888460084
Nezahualcóyotl,Centro,119.84060312623,0.936149856817544,Medio,648,0.0,10460.0,6195.028680688337,-99.01273220685428,19.402738638277462
Nezahualcóyotl,Centro,120.282252029244,0.939599852449534,Medio,648,0.0,7294.0,8884.014258294488,-99.00228924733806,19.40215059810592
Nezahualcóyotl,Centro,120.037725950897,0.937689706411702,Medio,648,0.0,7303.0,8873.065863343832,-98.99656070540796,19.399365166669607
Nezahualcóyotl,Centro,120.548626008414,0.941680666096617,Medio,648,0.0,6027.0,10751.617720258835,-98.99164306897788,19.396965254842723
Nezahualcóyotl,Centro,120.381628793227,0.940376146467974,Medio,648,0.0,6151.0,10534.872378475045,-98.98767421889325,19.39429384873677
Nezahualcóyotl,Centro,120.350219642642,0.940130789960618,Medio,648,0.0,6779.0,9558.931995869598,-98.98426922591048,19.39314751812737
Nezahualcóyotl,Centro,120.187232786584,0.938857597753791,Medio,648,0.0,6696.0,9677.41935483871,-98.98187348131096,19.39193486550988
Nezahualcóyotl,Centro,121.159973393342,0.946456282640062,Bajo,648,0.0,9532.0,6798.153587914393,-99.00459315963911,19.398310704306205
Nezahualcóyotl,Centro,119.891316726291,0.936546012445914,Medio,648,0.0,8572.0,7559.496033597759,-98.99258182833978,19.392287520592543
Nezahualcóyotl,Centro,119.459279127105,0.933171096715628,Medio,648,0.0,5308.0,12207.987942727957,-99.04875656072748,19.410340244907097
Nezahualcóyotl,Centro,119.92683465891,0.936823465217916,Medio,648,0.0,6900.0,9391.304347826086,-99.04451745820542,19.407185069262468
Nezahualcóyotl,Centro,120.208882400801,0.93902671642243,Medio,648,0.0,4959.0,13067.15063520871,-99.02932763454172,19.40180004004368
Nezahualcóyotl,Centro,120.343749050138,0.940080244118157,Medio,648,0.0,6159.0,10521.188504627375,-99.02634031064706,19.40133836701278
Nezahualcóyotl,Centro,119.193309891228,0.931093444771393,Medio,648,0.0,6243.0,10379.625180201827,-99.0211356090937,19.39994176759451
Nezahualcóyotl,Centro,120.989493458543,0.945124557311678,Medio,648,0.0,8591.0,7542.777325107671,-99.01834599921436,19.39756261536267
Nezahualcóyotl,Centro,120.456278091955,0.940959278799531,Medio,648,0.0,7987.0,8113.1839238763,-99.01266420239644,19.39737106495168
Nezahualcóyotl,Centro,120.739080240754,0.94316842314794,Medio,648,0.0,6402.0,10121.836925960637,-99.00846878079668,19.393856548035505
Nezahualcóyotl,Centro,120.351370475191,0.940139779832979,Medio,648,0.0,5388.0,12026.726057906459,-98.99954981191216,19.389396190576225
Nezahualcóyotl,Centro,123.397754956445,0.963936993144173,Bajo,648,0.0,7583.0,8545.430568376632,-99.0350595353123,19.48415028403469
Nezahualcóyotl,Centro,121.355757660837,0.947985675927493,Bajo,648,0.0,13911.0,4658.184170800087,-99.03825267266836,19.47954692617804
Nezahualcóyotl,Centro,123.208925309415,0.962461926744155,Bajo,648,0.0,2467.0,26266.720713417108,-99.04733315389248,19.4898944446304
Nezahualcóyotl,Centro,121.283334614251,0.947419934242927,Bajo,648,0.0,6867.0,9436.435124508518,-98.98531381469564,19.401234381658604
Nezahualcóyotl,Centro,119.751093199762,0.935450638834148,Medio,648,0.0,4233.0,15308.291991495393,-99.04773667456666,19.4241166684134
Nezahualcóyotl,Centro,118.966399742697,0.929320907772107,Medio,648,0.0,5180.0,12509.652509652511,-99.05087519970434,19.417119412714943
Nezahualcóyotl,Centro,119.253105352647,0.931560544495398,Medio,648,0.0,7502.0,8637.696614236203,-99.04504698468612,19.415058470039774
Nezahualcóyotl,Centro,120.841308728192,0.943966993760744,Medio,648,0.0,5266.0,12305.35510824155,-99.03562149149911,19.40362180451552
Nezahualcóyotl,Centro,120.504996628955,0.941339849743329,Medio,648,0.0,5708.0,11352.487736510162,-99.044979390985,19.42374397431879
Nezahualcóyotl,Centro,123.53860820426,0.965037285902508,Bajo,648,0.0,2881.0,22492.19021173204,-99.0402647220032,19.486723380207614
Nezahualcóyotl,Centro,120.315167549604,0.939856976152754,Medio,648,0.0,9054.0,7157.057654075546,-99.041992134797,19.41389169534364
Nezahualcóyotl,Centro,121.017551251569,0.945343734270392,Medio,648,0.0,6851.0,9458.473215588965,-98.98689965701423,19.38833601850817
Nezahualcóyotl,Centro,119.941280257048,0.936936308814123,Medio,648,0.0,3728.0,17381.974248927036,-98.97470360069184,19.3926565071129
Nezahualcóyotl,Centro,118.239377830736,0.923641685196193,Alto,648,0.0,3168.0,20454.545454545456,-98.97445277813404,19.38373283355717
Nezahualcóyotl,Centro,120.596108274602,0.942051579756378,Medio,648,0.0,6716.0,9648.600357355568,-99.05466928785904,19.48329849233509
Nezahualcóyotl,Centro,121.27367516704,0.947344478263171,Bajo,648,0.0,7154.0,9057.869723231759,-99.0155901093066,19.4070000342328
Nezahualcóyotl,Centro,120.446218050578,0.940880693528355,Medio,648,0.0,5105.0,12693.437806072478,-99.02984812563167,19.422435573716083
Nezahualcóyotl,Centro,120.215501238955,0.939078420304321,Medio,648,0.0,5072.0,12776.025236593061,-98.98261457654706,19.378862739411662
Nezahualcóyotl,Centro,120.043221057617,0.937732632124985,Medio,648,0.0,4872.0,13300.492610837438,-99.04377538536416,19.400267458920773
Nezahualcóyotl,Centro,119.682587688441,0.93491549946618,Medio,648,0.0,9568.0,6772.57525083612,-98.98300206385431,19.38320673996847
Nezahualcóyotl,Centro,118.645327503168,0.926812811824469,Medio,648,0.0,5442.0,11907.386990077177,-98.97721201676892,19.380482035926804
Nezahualcóyotl,Centro,124.533469663329,0.972808770592719,Muy bajo,648,0.0,4010.0,16159.600997506235,-99.05000121883448,19.47571275544842
Nezahualcóyotl,Centro,119.641667775303,0.934595848447857,Medio,648,0.0,3774.0,17170.111287758347,-99.03931143299366,19.468656683259464
Nezahualcóyotl,Centro,120.635533448644,0.942359554433338,Medio,648,0.0,8512.0,7612.7819548872185,-99.01532424285836,19.417401633044623
Nezahualcóyotl,Centro,120.712547119781,0.942961156355618,Medio,648,0.0,9110.0,7113.062568605928,-99.01117276507364,19.415422708422955
Nezahualcóyotl,Centro,120.356172911244,0.940177294662727,Medio,648,0.0,4932.0,13138.686131386861,-99.04242867831326,19.423149517010327
Nezahualcóyotl,Centro,120.406634084795,0.94057147842985,Medio,648,0.0,6949.0,9325.082745718808,-99.04616935189104,19.43447931535065
Nezahualcóyotl,Centro,120.119663710994,0.938329773470625,Medio,648,69505.96953270001,6973.0,9292.98723648358,-99.04891212721049,19.434639259667804
Nezahualcóyotl,Centro,120.37664208967,0.94033719220958,Medio,648,0.0,5515.0,11749.773345421578,-99.04202562766524,19.43283120643927
Nezahualcóyotl,Centro,120.436576001168,0.940805373453694,Medio,648,0.0,7743.0,8368.849283223557,-99.02164087659465,19.420838899128107
Nezahualcóyotl,Centro,120.639466122035,0.942390275003291,Medio,648,0.0,4581.0,14145.383104125736,-98.99381049960176,19.385215346328447
Nezahualcóyotl,Centro,121.155519135336,0.946421487646668,Medio,648,0.0,5295.0,12237.960339943344,-98.9912068694194,19.385291438317925
Nezahualcóyotl,Centro,119.801454680585,0.935844043839063,Medio,648,0.0,6485.0,9992.289899768697,-99.04694492091606,19.40053252103034
Nezahualcóyotl,Centro,120.808324734129,0.94370933516663,Medio,648,0.0,5631.0,11507.725093233883,-99.03957284120916,19.397228280545
Nezahualcóyotl,Centro,120.353671081027,0.940157751303151,Medio,648,0.0,7795.0,8313.021167415009,-99.04516225657213,19.45560709287236
Nezahualcóyotl,Centro,118.878138320516,0.928631442636067,Medio,648,0.0,10063.0,6439.431581039451,-98.97127221501736,19.37846006633215
Nezahualcóyotl,Centro,124.556110755975,0.972985634319084,Muy bajo,648,0.0,8971.0,7223.274997213243,-99.04618624007313,19.465460976942374
Nezahualcóyotl,Centro,120.195448797201,0.938921778148094,Medio,648,0.0,2071.0,31289.2322549493,-98.9794081763272,19.3888521760248
Nezahualcóyotl,Centro,123.543154693995,0.96507280137559,Bajo,648,0.0,2692.0,24071.322436849925,-99.05632406666749,19.48928812479285
Nezahualcóyotl,Centro,119.962150578131,0.937099339936999,Medio,648,0.0,5545.0,11686.20378719567,-99.04794693969605,19.416065837548395
Nezahualcóyotl,Centro,120.619974798823,0.942238016094724,Medio,648,0.0,6887.0,9409.031508639466,-99.05408885862808,19.418716535634037
Nezahualcóyotl,Centro,122.513222837359,0.9570273598894,Bajo,648,0.0,5437.0,11918.337318374102,-99.05951138346552,19.49170189347961
Nezahualcóyotl,Centro,123.31443497065,0.96328612865637,Bajo,648,0.0,3851.0,16826.798234224876,-99.04380246527543,19.487473742562976
Nezahualcóyotl,Centro,119.479366405199,0.933328011000283,Medio,648,0.0,7543.0,8590.746387379026,-99.02601068368747,19.41137890926977
Nezahualcóyotl,Centro,120.862334965336,0.944131242841426,Medio,648,0.0,8482.0,7639.707616128272,-98.99825044264068,19.395245512891098
Nezahualcóyotl,Centro,117.51641410509,0.917994163650135,Alto,648,0.0,4960.0,13064.516129032258,-98.98726426435798,19.42481538412531
Nezahualcóyotl,Centro,118.499479330794,0.925673500588347,Alto,648,0.0,6367.0,10177.477618972829,-99.05550700465685,19.402510652160853
Nezahualcóyotl,Centro,120.688565286602,0.942773819266926,Medio,648,0.0,4176.0,15517.241379310346,-99.00511235395196,19.392764465610973
Nezahualcóyotl,Centro,120.590440179876,0.942007302725656,Medio,648,0.0,3829.0,16923.47871506921,-99.00212959138275,19.390971361769928
Nezahualcóyotl,Centro,120.742140236013,0.943192326683536,Medio,648,0.0,3034.0,21357.943309162823,-99.06144680852404,19.47939795933714
Nezahualcóyotl,Centro,120.811669676941,0.943735464605675,Medio,648,0.0,6754.0,9594.314480307965,-99.02394998296283,19.399031347013757
Nezahualcóyotl,Centro,120.360629934868,0.940212111260097,Medio,648,0.0,5344.0,12125.748502994013,-99.0498347148076,19.42569852371181
Nezahualcóyotl,Centro,121.185138863057,0.946652865853563,Bajo,648,0.0,7329.0,8841.58821121572,-99.01777895828344,19.40800542249381
Nezahualcóyotl,Centro,117.591301481588,0.918579155755956,Alto,648,0.0,6306.0,10275.92768791627,-98.99026505533378,19.41102678015164
Nezahualcóyotl,Centro,120.511629304648,0.941391661718884,Medio,648,0.0,4928.0,13149.35064935065,-99.03696227112096,19.42174042097889
Nezahualcóyotl,Centro,120.07888688651,0.93801124020722,Medio,648,0.0,6566.0,9869.022235759974,-98.9944890530077,19.40324174754336
Nezahualcóyotl,Centro,119.850011293457,0.936223349892286,Medio,648,0.0,5780.0,11211.072664359861,-98.990091697645,19.4025832149342
Nezahualcóyotl,Centro,121.107410705031,0.946045682627605,Medio,648,0.0,4699.0,13790.168120876784,-98.997446378011,19.38807939738999
Nezahualcóyotl,Centro,120.679896717831,0.942706103658007,Medio,648,0.0,4391.0,14757.458437713505,-98.99550999092936,19.387071077763636
Nezahualcóyotl,Centro,120.696714431547,0.942837477331675,Medio,648,0.0,5571.0,11631.663974151857,-98.98881421019549,19.38348367915573
Nezahualcóyotl,Centro,119.952336695995,0.937022677569515,Medio,648,0.0,4868.0,13311.421528348397,-98.98131713087758,19.376264894045228
Nezahualcóyotl,Centro,120.847339497443,0.944014103868869,Medio,648,0.0,5362.0,12085.042894442371,-98.97644098020412,19.375792155669853
Nezahualcóyotl,Centro,121.35168887023,0.947953892060881,Bajo,648,0.0,3200.0,20250.0,-99.04955455357396,19.407562921683247
Nezahualcóyotl,Centro,120.8324163737,0.943897530021681,Medio,648,0.0,9126.0,7100.591715976331,-99.01462542904424,19.39325294265188
Nezahualcóyotl,Centro,120.472109419973,0.941082947197974,Medio,648,0.0,7326.0,8845.208845208845,-99.0166663379252,19.389329424964977
Nezahualcóyotl,Centro,118.853353348693,0.928437831729434,Medio,648,0.0,5266.0,12305.35510824155,-99.01023596309469,19.388149567478568
Nezahualcóyotl,Centro,120.509918371718,0.94137829655236,Medio,648,0.0,5815.0,11143.59415305245,-98.99755896277118,19.37736818155327
Nezahualcóyotl,Centro,120.954519566696,0.944851354382192,Medio,648,0.0,7985.0,8115.216030056356,-99.02249250198916,19.389638590767245
Nezahualcóyotl,Centro,120.767340894686,0.94338918477999,Medio,648,0.0,6556.0,9884.075655887737,-99.02544384670068,19.390638448830888
Nezahualcóyotl,Centro,119.893824425042,0.936565601648289,Medio,648,0.0,6940.0,9337.175792507205,-98.9880565371784,19.37197819433422
Nezahualcóyotl,Centro,120.850761084579,0.944040832024636,Medio,648,0.0,6153.0,10531.44807411019,-98.980696789219,19.371935821371466
Nezahualcóyotl,Centro,120.939234903404,0.944731956323614,Medio,648,0.0,4094.0,15828.041035661943,-98.97552657787762,19.37247444639152
Nezahualcóyotl,Centro,119.633585107257,0.934532709675719,Medio,648,0.0,6243.0,10379.625180201827,-99.04346331455967,19.460538481298265
Nezahualcóyotl,Centro,120.084573979443,0.938055665644814,Medio,648,0.0,4467.0,14506.3801208865,-99.03390669168851,19.47763591028678
Nezahualcóyotl,Centro,123.996139540672,0.968611349149005,Muy bajo,648,0.0,2577.0,25145.518044237488,-99.05108393213426,19.49172150003573
Nezahualcóyotl,Centro,123.737017465862,0.966587184659645,Muy bajo,648,0.0,2535.0,25562.13017751479,-99.05236084362652,19.48823577008012
Nezahualcóyotl,Centro,124.468001190747,0.972297355432624,Muy bajo,648,0.0,3862.0,16778.871051268772,-99.05156093730436,19.471323944243004
Nezahualcóyotl,Centro,120.525144072212,0.941497234015669,Medio,648,0.0,5641.0,11487.324942386102,-98.9849821089692,19.37170350754921
Nezahualcóyotl,Centro,114.435337893303,0.893925951547844,Muy alto,648,0.0,617.0,105024.31118314424,-99.03955391852664,19.4625738295527
Nezahualcóyotl,Centro,120.01073830263,0.937478889022586,Medio,648,0.0,3735.0,17349.397590361445,-99.05809005837598,19.48345750177742
Nezahualcóyotl,Centro,124.283787240444,0.970858345124756,Muy bajo,648,0.0,5071.0,12778.544665746402,-99.0451937946478,19.47017355821555
Nezahualcóyotl,Centro,122.943373375517,0.9603875346065,Bajo,648,0.0,4737.0,13679.544015199494,-99.04224232628684,19.470734647832508
Nezahualcóyotl,Centro,121.007102673669,0.945262113897582,Medio,648,0.0,7420.0,8733.153638814016,-99.04653309305816,19.481476074552607
Nezahualcóyotl,Centro,120.326341961465,0.939944266468314,Medio,648,0.0,5466.0,11855.104281009879,-99.0497368024256,19.459121203352
Nezahualcóyotl,Centro,121.170481815503,0.9465383704938,Bajo,648,0.0,7918.0,8183.884819398839,-99.03995295752404,19.40525387444728
Nezahualcóyotl,Centro,120.807932744963,0.943706273094244,Medio,648,0.0,4734.0,13688.212927756655,-98.98678929483228,19.38064725275186
Nezahualcóyotl,Centro,117.300505336266,0.916307565304105,Alto,648,0.0,4380.0,14794.520547945205,-99.03928952337787,19.46590041790653
Nezahualcóyotl,Centro,119.793106066759,0.935778827598208,Medio,648,0.0,4718.0,13734.633319203052,-98.9763040760254,19.385991210229747
Nezahualcóyotl,Centro,122.413486549525,0.95624825740544,Bajo,648,0.0,5060.0,12806.324110671938,-99.0644666813475,19.489677486871297
Nezahualcóyotl,Centro,121.018496497276,0.945351118175431,Medio,648,0.0,7885.0,8218.135700697527,-99.04323716057236,19.480545481788237
Nezahualcóyotl,Centro,117.76447047613,0.919931887010784,Alto,648,0.0,4290.0,15104.895104895106,-98.98798452686188,19.419996142151938
Nezahualcóyotl,Centro,122.115059390386,0.95391705633493,Bajo,648,0.0,3465.0,18701.298701298703,-99.06173821897455,19.493941230269765
Nezahualcóyotl,Centro,123.253644535669,0.962811256571961,Bajo,648,0.0,3307.0,19594.79891140006,-99.05564004713668,19.49357056404475
Nezahualcóyotl,Centro,120.312889311577,0.939839179411526,Medio,648,0.0,3536.0,18325.791855203617,-99.05586319464032,19.47830720248276
Nezahualcóyotl,Centro,120.325606172981,0.939938518764567,Medio,648,0.0,5415.0,11966.759002770083,-99.0577301058136,19.47084373253625
Nezahualcóyotl,Centro,120.758208744033,0.943317847843227,Medio,648,0.0,6578.0,9851.01854667072,-99.05067703115574,19.48216343195441
Nezahualcóyotl,Centro,121.805338744021,0.951497634776759,Bajo,648,0.0,1688.0,38388.62559241706,-99.04868518588182,19.486964489946445
Nezahualcóyotl,Centro,120.403970508079,0.940550671567269,Medio,648,0.0,9266.0,6993.308871141809,-99.05790259303096,19.475575079046088
Nezahualcóyotl,Centro,118.214765010419,0.923449419072569,Alto,648,0.0,6065.0,10684.253915910964,-99.02173729855576,19.42643641333624
Tlalnepantla de Baz,Norte,124.312117243332,0.971079648484844,Muy bajo,294,0.0,3414.0,8611.599297012302,-99.21098328020898,19.557733320012428
Tlalnepantla de Baz,Norte,124.570221859535,0.973095864969065,Muy bajo,294,0.0,3737.0,7867.273213807867,-99.24448560391616,19.523071519421723
Tlalnepantla de Baz,Norte,121.12459246457,0.946179900090742,Medio,294,47333.8233657,5505.0,5340.599455040871,-99.16009349736,19.53339331702677
Tlalnepantla de Baz,Norte,122.066388010965,0.953536853768458,Bajo,294,1167.61008001,3773.0,7792.207792207792,-99.16793099670058,19.531400618237974
Tlalnepantla de Baz,Norte,121.396578801006,0.948304555368411,Bajo,294,1248.81622816,6886.0,4269.532384548359,-99.16009978176255,19.529765326890992
Tlalnepantla de Baz,Norte,122.364977900531,0.955869326028049,Bajo,294,0.0,2374.0,12384.161752316764,-99.2417304010613,19.522578373716943
Tlalnepantla de Baz,Norte,122.864656131544,0.959772625011992,Bajo,294,17427.76359177,4753.0,6185.567010309279,-99.19608999959576,19.513390938013007
Tlalnepantla de Baz,Norte,122.808218377376,0.959331754438037,Bajo,294,0.0,4292.0,6849.953401677541,-99.1749341839978,19.524348444689025
Tlalnepantla de Baz,Norte,120.134928473469,0.938449016071486,Medio,294,0.0,1409.0,20865.862313697657,-99.18411808898628,19.511379612927588
Tlalnepantla de Baz,Norte,121.73844119672,0.950975056220798,Bajo,294,0.0,1887.0,15580.286168521463,-99.17651280207842,19.50938793028369
Tlalnepantla de Baz,Norte,122.715627500483,0.958608469225137,Bajo,294,0.0,3755.0,7829.560585885487,-99.2216480070257,19.549636751275155
Tlalnepantla de Baz,Norte,125.473066032114,0.980148545119534,Muy bajo,294,0.0,2816.0,10440.340909090908,-99.21445788707166,19.547137956123244
Tlalnepantla de Baz,Norte,120.619418499523,0.942233670493176,Medio,294,0.0,8232.0,3571.428571428571,-99.15776649211796,19.539537610641773
Tlalnepantla de Baz,Norte,122.568334176523,0.957457869006693,Bajo,294,0.0,6564.0,4478.976234003657,-99.217090958204,19.510684304309272
Tlalnepantla de Baz,Norte,122.666820949431,0.958227210748569,Bajo,294,0.0,2622.0,11212.814645308925,-99.19461788804873,19.515046902132447
Tlalnepantla de Baz,Norte,119.519121178005,0.933638560379196,Medio,294,0.0,3058.0,9614.12688031393,-99.08906272840645,19.53537447044925
Tlalnepantla de Baz,Norte,124.668577962773,0.973864185968473,Muy bajo,294,0.0,4296.0,6843.575418994413,-99.10431610738424,19.524529863969875
Tlalnepantla de Baz,Norte,123.127526476053,0.961826069578806,Bajo,294,1840.2839377227,2748.0,10698.689956331878,-99.2011740341438,19.517047216518872
Tlalnepantla de Baz,Norte,120.112734668065,0.938275646385342,Medio,294,0.0,2454.0,11980.44009779951,-99.0910456405587,19.53833010044572
Tlalnepantla de Baz,Norte,125.165938391215,0.977749379147803,Muy bajo,294,0.0,1860.0,15806.451612903225,-99.21508506018236,19.55501876220387
Tlalnepantla de Baz,Norte,122.077033231095,0.953620010236639,Bajo,294,0.0,4272.0,6882.0224719101125,-99.2146216763262,19.56471927313326
Tlalnepantla de Baz,Norte,122.213770381728,0.954688149587139,Bajo,294,0.0,1776.0,16554.054054054053,-99.16629891418192,19.515508841748343
Tlalnepantla de Baz,Norte,120.368331099797,0.940272269872936,Medio,294,0.0,2027.0,14504.19338924519,-99.08932555054427,19.52204294946783
Tlalnepantla de Baz,Norte,119.990105003303,0.937317709424797,Medio,294,0.0,6210.0,4734.299516908213,-99.09510781945636,19.513977353983584
Tlalnepantla de Baz,Norte,124.447944344346,0.972140678868951,Muy bajo,294,0.0,2137.0,13757.60411792232,-99.16030865564164,19.50605274979386
Tlalnepantla de Baz,Norte,121.114006578223,0.946097207115826,Medio,294,0.0,3475.0,8460.431654676258,-99.15361301102293,19.54355252742775
Tlalnepantla de Baz,Norte,116.830048916985,0.912632536156552,Alto,294,0.0,11660.0,2521.440823327616,-99.09707647467069,19.552397077464036
Tlalnepantla de Baz,Norte,119.869248199109,0.93637362138627,Medio,294,0.0,6311.0,4658.53272064649,-99.0946702690596,19.53360217681656
Tlalnepantla de Baz,Norte,123.605878019701,0.965562772477594,Bajo,294,0.0,6699.0,4388.71473354232,-99.2192365216422,19.542639832332576
Tlalnepantla de Baz,Norte,118.08430813776,0.92243033889878,Alto,294,0.0,504.0,58333.333333333336,-99.09977712907796,19.55735206102129
Tlalnepantla de Baz,Norte,120.562597493028,0.94178980609575,Medio,294,0.0,3810.0,7716.535433070866,-99.15951191490414,19.5468417916936
Tlalnepantla de Baz,Norte,122.81567513789,0.959390003855221,Bajo,294,0.0,2200.0,13363.636363636364,-99.1698734543825,19.53559466008493
Tlalnepantla de Baz,Norte,123.212432059821,0.962489320163452,Bajo,294,0.0,916.0,32096.069868995637,-99.2247871738254,19.53490758104883
Tlalnepantla de Baz,Norte,122.183746399248,0.954453613493643,Bajo,294,0.0,3512.0,8371.29840546697,-99.17972819320032,19.52914233715372
Tlalnepantla de Baz,Norte,123.458054306823,0.964408029059799,Bajo,294,0.0,3012.0,9760.956175298805,-99.17910738147576,19.544826143451107
Tlalnepantla de Baz,Norte,117.249614252671,0.915910023240911,Alto,294,0.0,13025.0,2257.197696737044,-99.19840571318628,19.574674186720948
Tlalnepantla de Baz,Norte,123.383856310757,0.963828422135422,Bajo,294,1167.61008001,6575.0,4471.48288973384,-99.17703938813486,19.53452161437872
Tlalnepantla de Baz,Norte,124.51867698312,0.97269321572151,Muy bajo,294,0.0,3117.0,9432.146294513956,-99.23332342581637,19.535256195777908
Tlalnepantla de Baz,Norte,123.018091416671,0.960971203928112,Bajo,294,0.0,2779.0,10579.345088161208,-99.23424011341646,19.520894398182158
Tlalnepantla de Baz,Norte,125.459053140948,0.980039081667943,Muy bajo,294,0.0,1971.0,14916.286149162861,-99.22656425758449,19.515117972895403
Tlalnepantla de Baz,Norte,121.847682301039,0.951828406767264,Bajo,294,0.0,3254.0,9035.033804548248,-99.18915136005596,19.51385151799671
Tlalnepantla de Baz,Norte,120.207913585563,0.939019148401049,Medio,294,5197.02982395,6757.0,4351.043362438952,-99.16920077242776,19.50944856029771
Tlalnepantla de Baz,Norte,123.65808800326,0.96597061729278,Bajo,294,0.0,3695.0,7956.698240866035,-99.16446911513025,19.50772984226392
Tlalnepantla de Baz,Norte,118.553755556651,0.926097486113618,Alto,294,0.0,3642.0,8072.487644151564,-99.11472658524772,19.55121967074047
Tlalnepantla de Baz,Norte,119.92789266817,0.936831729989554,Medio,294,0.0,5606.0,5244.381020335355,-99.09279751186746,19.51708593643897
Tlalnepantla de Baz,Norte,123.245794922571,0.96274993833769,Bajo,294,0.0,3653.0,8048.17957842869,-99.20249185804856,19.51566339118052
Tlalnepantla de Baz,Norte,121.429334214346,0.948560428375624,Bajo,294,55895.985818713,6788.0,4331.172657631114,-99.18714119057788,19.510778195953485
Tlalnepantla de Baz,Norte,118.7484145424,0.927618089121972,Medio,294,0.0,3468.0,8477.50865051903,-99.23171402584718,19.53891785310426
Tlalnepantla de Baz,Norte,120.278942344239,0.939573998431254,Medio,294,0.0,1148.0,25609.756097560978,-99.17985396199455,19.509124550899863
Tlalnepantla de Baz,Norte,119.539687689815,0.933799218257948,Medio,294,0.0,6881.0,4272.6347914547305,-99.22919375127672,19.542733307947422
Tlalnepantla de Baz,Norte,118.842535194791,0.928353324367463,Medio,294,0.0,3172.0,9268.60025220681,-99.10593650646706,19.511982700182102
Tlalnepantla de Baz,Norte,116.667266770449,0.911360943063754,Alto,294,0.0,711.0,41350.21097046413,-99.09862171433288,19.55837562954833
Tlalnepantla de Baz,Norte,118.417907012993,0.925036288227621,Alto,294,0.0,3487.0,8431.316317751649,-99.11612719662604,19.545908223090883
Tlalnepantla de Baz,Norte,119.808973678289,0.935902779429842,Medio,294,0.0,2852.0,10308.555399719495,-99.1136910671084,19.54757284530624
Tlalnepantla de Baz,Norte,123.369412507183,0.963715592557675,Bajo,294,0.0,1622.0,18125.77065351418,-99.16977056123211,19.55063104132925
Tlalnepantla de Baz,Norte,120.234117474504,0.939223843356184,Medio,294,0.0,2650.0,11094.33962264151,-99.1196917528798,19.53271535515991
Tlalnepantla de Baz,Norte,116.752699765395,0.912028313586768,Alto,294,0.0,155.0,189677.4193548387,-99.09876237411262,19.55928622595643
Tlalnepantla de Baz,Norte,121.600042020494,0.949893933749549,Bajo,294,0.0,3290.0,8936.170212765957,-99.17868774471336,19.55833278822369
Tlalnepantla de Baz,Norte,123.240246831485,0.962706598730406,Bajo,294,0.0,3390.0,8672.566371681416,-99.20507790619212,19.573551161452013
Tlalnepantla de Baz,Norte,119.27501754641,0.931731714336994,Medio,294,0.0,3894.0,7550.077041602465,-99.19428348053547,19.578859277633924
Tlalnepantla de Baz,Norte,120.794116312143,0.943598344301587,Medio,294,0.0,6052.0,4857.898215465962,-99.2077007748449,19.56389281860529
Tlalnepantla de Baz,Norte,126.193401196282,0.985775533328915,Muy bajo,294,0.0,478.0,61506.276150627615,-99.18254804510538,19.563278770676032
Tlalnepantla de Baz,Norte,123.367386989184,0.963699769970547,Bajo,294,0.0,1469.0,20013.61470388019,-99.21096623007256,19.524657079509733
Tlalnepantla de Baz,Norte,123.687857288418,0.9662031637863,Bajo,294,0.0,2690.0,10929.368029739777,-99.21634003784554,19.5521707468188
Tlalnepantla de Baz,Norte,121.911757796835,0.952328940515012,Bajo,294,0.0,4261.0,6899.788781976062,-99.19136834808349,19.54950347010859
Tlalnepantla de Baz,Norte,121.92795884588,0.952455497035488,Bajo,294,0.0,2978.0,9872.39758226998,-99.19038066829978,19.54359521287233
Tlalnepantla de Baz,Norte,123.514129991207,0.964846071280359,Bajo,294,0.0,3502.0,8395.202741290692,-99.18437368436612,19.544882837576413
Tlalnepantla de Baz,Norte,121.602965753212,0.949916772853274,Bajo,294,0.0,3880.0,7577.3195876288655,-99.1562930212222,19.544739646072674
Tlalnepantla de Baz,Norte,122.574161745696,0.957503391791998,Bajo,294,0.0,1023.0,28739.00293255132,-99.18793988346208,19.537531674148997
Tlalnepantla de Baz,Norte,123.494668232808,0.964694043321025,Bajo,294,0.0,3565.0,8246.844319775597,-99.18037469996445,19.539398003068776
Tlalnepantla de Baz,Norte,124.408007368492,0.971828706188132,Muy bajo,294,0.0,2002.0,14685.314685314685,-99.2295770887442,19.53398704839844
Tlalnepantla de Baz,Norte,124.942021885877,0.976000227366665,Muy bajo,294,0.0,2210.0,13303.16742081448,-99.21674195174766,19.53817589476824
Tlalnepantla de Baz,Norte,124.108179747088,0.969486565231521,Muy bajo,294,0.0,1180.0,24915.254237288136,-99.21553042917508,19.5361440476128
Tlalnepantla de Baz,Norte,125.035494335475,0.976730399094979,Muy bajo,294,0.0,619.0,47495.961227786756,-99.22680536782892,19.53297210414619
Tlalnepantla de Baz,Norte,124.383025090719,0.971633554001399,Muy bajo,294,0.0,604.0,48675.49668874172,-99.22235962746372,19.531347952327817
Tlalnepantla de Baz,Norte,124.915196093358,0.975790674333958,Muy bajo,294,0.0,1707.0,17223.198594024605,-99.2147256651898,19.53087527848357
Tlalnepantla de Baz,Norte,123.382323327315,0.963816447043575,Bajo,294,0.0,3689.0,7969.639468690702,-99.1992446425296,19.53339612081524
Tlalnepantla de Baz,Norte,124.60557769324,0.97337205148513,Muy bajo,294,0.0,2670.0,11011.23595505618,-99.22458744046486,19.523832271077403
Tlalnepantla de Baz,Norte,124.678676861967,0.973943074782345,Muy bajo,294,0.0,2220.0,13243.243243243243,-99.189719363373,19.53145405868056
Tlalnepantla de Baz,Norte,125.155376219257,0.977666871420802,Muy bajo,294,0.0,1175.0,25021.27659574468,-99.21819214634765,19.525975045007183
Tlalnepantla de Baz,Norte,123.600789214816,0.965523020641908,Bajo,294,0.0,3110.0,9453.376205787781,-99.19270705751028,19.52870103618056
Tlalnepantla de Baz,Norte,124.431165130232,0.972009605939734,Muy bajo,294,0.0,5700.0,5157.894736842105,-99.18663795951204,19.5231914992233
Tlalnepantla de Baz,Norte,125.122685560765,0.977411504254179,Muy bajo,294,0.0,2632.0,11170.212765957447,-99.2269822967978,19.519505065397247
Tlalnepantla de Baz,Norte,123.77196633537,0.966860192124001,Muy bajo,294,0.0,1856.0,15840.51724137931,-99.22157911388828,19.52089177292791
Tlalnepantla de Baz,Norte,120.985238816107,0.945091321640264,Medio,294,0.0,2236.0,13148.479427549195,-99.21915216564926,19.522614530852984
Tlalnepantla de Baz,Norte,124.527031619575,0.972758479008884,Muy bajo,294,0.0,2493.0,11793.020457280385,-99.21489275771803,19.521104917328376
Tlalnepantla de Baz,Norte,123.876092011391,0.967673582862658,Muy bajo,294,0.0,2115.0,13900.709219858156,-99.19301460379432,19.524850453718077
Tlalnepantla de Baz,Norte,124.960023225516,0.97614084708223,Muy bajo,294,0.0,1629.0,18047.882136279928,-99.19021781250768,19.52400495554632
Tlalnepantla de Baz,Norte,118.714289326019,0.927351515727015,Medio,294,0.0,1830.0,16065.573770491803,-99.09675948283927,19.540530662631728
Tlalnepantla de Baz,Norte,120.85252163514,0.944054584785491,Medio,294,0.0,2653.0,11081.794195250659,-99.09504605748728,19.540015642088477
Tlalnepantla de Baz,Norte,120.606417633891,0.942132112605597,Medio,294,0.0,4106.0,7160.253287871407,-99.1188115692316,19.54238881332497
Tlalnepantla de Baz,Norte,118.466026598212,0.92541218038468,Alto,294,0.0,3270.0,8990.825688073395,-99.11301543466938,19.540481665555436
Tlalnepantla de Baz,Norte,119.530169334174,0.933724864432628,Medio,294,0.0,4659.0,6310.367031551835,-99.1230526913671,19.539774849928385
Tlalnepantla de Baz,Norte,119.070623539663,0.930135064994795,Medio,294,0.0,4127.0,7123.818754543251,-99.11853241244953,19.53886937818036
Tlalnepantla de Baz,Norte,118.920240856772,0.928960331862752,Medio,294,0.0,3391.0,8670.008846947803,-99.09705936239874,19.536307600176148
Tlalnepantla de Baz,Norte,118.885031079145,0.928685286282002,Medio,294,0.0,3174.0,9262.759924385633,-99.11021458419128,19.54453487376051
Tlalnepantla de Baz,Norte,118.061605326029,0.92225299304607,Alto,294,0.0,1247.0,23576.583801122695,-99.18007263870288,19.572094468823952
Tlalnepantla de Baz,Norte,118.832034555093,0.928271297307411,Medio,294,0.0,455.0,64615.38461538462,-99.16637066226669,19.560430028685914
Tlalnepantla de Baz,Norte,122.988331791425,0.960738732894205,Bajo,294,0.0,1470.0,20000.0,-99.20072212024286,19.55856618772667
Tlalnepantla de Baz,Norte,120.684087553973,0.942738840898573,Medio,294,0.0,2516.0,11685.214626391096,-99.20127029520609,19.55639909986744
Tlalnepantla de Baz,Norte,123.258691713833,0.962850683235315,Bajo,294,0.0,11783.0,2495.1200882627513,-99.17152482247388,19.54291597104879
Tlalnepantla de Baz,Norte,119.722694120763,0.935228795877376,Medio,294,0.0,4944.0,5946.601941747573,-99.22485222774486,19.539953362753906
Tlalnepantla de Baz,Norte,123.035367411639,0.961106157523085,Bajo,294,0.0,3080.0,9545.454545454546,-99.19897740659545,19.51588887404856
Tlalnepantla de Baz,Norte,123.794451022987,0.967035834072925,Muy bajo,294,0.0,284.0,103521.12676056338,-99.20314536190264,19.547215651171584
Tlalnepantla de Baz,Norte,123.824345302712,0.967269356977136,Muy bajo,294,0.0,3609.0,8146.300914380715,-99.20630777550078,19.536438735921333
Tlalnepantla de Baz,Norte,121.437037629478,0.948620604566201,Bajo,294,0.0,6395.0,4597.3416731821735,-99.16604963706114,19.546513212868824
Tlalnepantla de Baz,Norte,121.268871658605,0.947306955056375,Bajo,294,0.0,4009.0,7333.499625841856,-99.2104759678468,19.52982585563947
Tlalnepantla de Baz,Norte,121.716946743528,0.950807149611909,Bajo,294,0.0,3685.0,7978.290366350067,-99.19602226091162,19.530992205352742
Tlalnepantla de Baz,Norte,120.35124802472,0.940138823295814,Medio,294,0.0,5084.0,5782.848151062156,-99.16348746288804,19.539817944360323
Tlalnepantla de Baz,Norte,120.667665594973,0.942610558712358,Medio,294,0.0,5759.0,5105.0529605834345,-99.1645684263552,19.53403348061428
Tlalnepantla de Baz,Norte,120.844101069331,0.943988806482721,Medio,294,0.0,3564.0,8249.158249158249,-99.17149577269994,19.561936619397123
Tlalnepantla de Baz,Norte,120.667492987347,0.942609210366303,Medio,294,0.0,3946.0,7450.582868727825,-99.17560561646656,19.561444304261844
Tlalnepantla de Baz,Norte,123.777771787457,0.966905542138918,Muy bajo,294,0.0,2452.0,11990.21207177814,-99.19022624489452,19.558689783767537
Tlalnepantla de Baz,Norte,119.793018672707,0.935778144908638,Medio,294,0.0,1390.0,21151.07913669065,-99.19436309265616,19.556604332495372
Tlalnepantla de Baz,Norte,123.374301803147,0.963753785904483,Bajo,294,0.0,1452.0,20247.93388429752,-99.16944299531684,19.55325581346405
Tlalnepantla de Baz,Norte,119.450211301614,0.933100262262918,Medio,294,0.0,2616.0,11238.532110091744,-99.21920815300592,19.51756601708964
Tlalnepantla de Baz,Norte,124.059805756372,0.969108685754103,Muy bajo,294,0.0,1391.0,21135.87347232207,-99.21408369103432,19.524723921500403
Tlalnepantla de Baz,Norte,121.600075153819,0.949894192574656,Bajo,294,0.0,2813.0,10451.475293281193,-99.08384022859936,19.5291737565698
Tlalnepantla de Baz,Norte,124.730087474278,0.97434467520907,Muy bajo,294,0.0,4356.0,6749.31129476584,-99.21029448920166,19.573527405269854
Tlalnepantla de Baz,Norte,117.449946702274,0.917474945221609,Alto,294,0.0,2440.0,12049.180327868853,-99.10030042006484,19.54296441028812
Tlalnepantla de Baz,Norte,118.150052687391,0.922943910669266,Alto,294,0.0,2494.0,11788.291900561348,-99.18840442792347,19.56696824191082
Tlalnepantla de Baz,Norte,123.599913763097,0.965516181941335,Bajo,294,0.0,2829.0,10392.36479321315,-99.17734586899,19.548211607661536
Tlalnepantla de Baz,Norte,118.871068297156,0.928576214264522,Medio,294,0.0,4179.0,7035.175879396985,-99.10266147014116,19.51394107058326
Tlalnepantla de Baz,Norte,123.39873186787,0.96394462440993,Bajo,294,0.0,471.0,62420.38216560509,-99.17818478593853,19.53128633848177
Tlalnepantla de Baz,Norte,120.510096418203,0.94137968738474,Medio,294,0.0,3279.0,8966.148215919487,-99.19244085621408,19.570032385221023
Tlalnepantla de Baz,Norte,123.195754669044,0.962359042639964,Bajo,294,0.0,1253.0,23463.687150837988,-99.17557183474752,19.546428744682814
Tlalnepantla de Baz,Norte,118.486953256204,0.925575651590366,Alto,294,0.0,2089.0,14073.719483006222,-99.08997301762258,19.54222095850725
Tlalnepantla de Baz,Norte,119.813610234459,0.935938998468146,Medio,294,0.0,2653.0,11081.794195250659,-99.161856056585,19.545696548405
Tlalnepantla de Baz,Norte,119.40393381502,0.932738759889612,Medio,294,0.0,4883.0,6020.888797870161,-99.12063496620208,19.544396452654755
Tlalnepantla de Baz,Norte,123.017479125562,0.960966420939547,Bajo,294,0.0,2755.0,10671.506352087114,-99.1689488923655,19.544924448048416
Tlalnepantla de Baz,Norte,124.414324031239,0.971878049589049,Muy bajo,294,0.0,1352.0,21745.562130177514,-99.21803891822437,19.532970747463697
Tlalnepantla de Baz,Norte,122.020454184227,0.953178035937088,Bajo,294,0.0,3263.0,9010.113392583511,-99.19852483651044,19.53982312345569
Tlalnepantla de Baz,Norte,120.236485328139,0.939242340140942,Medio,294,0.0,1798.0,16351.50166852058,-99.1916620102303,19.53799435281663
Tlalnepantla de Baz,Norte,120.478320167499,0.941131463228901,Medio,294,0.0,1669.0,17615.33852606351,-99.18367149727416,19.51225656553813
Tlalnepantla de Baz,Norte,122.001061656613,0.953026548782686,Bajo,294,0.0,2563.0,11470.93250097542,-99.22558061201931,19.51729105481552
Tlalnepantla de Baz,Norte,120.78430704509,0.943521717985402,Medio,294,0.0,3299.0,8911.791451955138,-99.2221824684567,19.51567996263758
Tlalnepantla de Baz,Norte,121.047705579708,0.945579288575303,Medio,294,0.0,773.0,38033.635187580854,-99.19502023067646,19.540793459634347
Tlalnepantla de Baz,Norte,122.360553010997,0.955834760450142,Bajo,294,0.0,3661.0,8030.592734225621,-99.19391762939662,19.574967927558788
Tlalnepantla de Baz,Norte,119.747297127081,0.935420985337718,Medio,294,0.0,3297.0,8917.197452229299,-99.1882566578716,19.572363554987117
Tlalnepantla de Baz,Norte,119.704062088257,0.935083249425611,Medio,294,0.0,3478.0,8453.133985048878,-99.18579329067326,19.57017488498715
Tlalnepantla de Baz,Norte,120.889594596403,0.944344184858192,Medio,294,0.0,3658.0,8037.17878622198,-99.2041563270756,19.55828413590609
Tlalnepantla de Baz,Norte,121.888459650636,0.952146944132653,Bajo,294,0.0,4200.0,7000.000000000001,-99.18698414254492,19.55607146144092
Tlalnepantla de Baz,Norte,125.049111341635,0.976836770041345,Muy bajo,294,0.0,1830.0,16065.573770491803,-99.21633209630544,19.548474802881152
Tlalnepantla de Baz,Norte,125.371437856105,0.979354663914522,Muy bajo,294,0.0,2080.0,14134.615384615385,-99.21229049473766,19.549704683209708
Tlalnepantla de Baz,Norte,123.724850083449,0.966492137630458,Muy bajo,294,0.0,4666.0,6300.900128589798,-99.2309989709792,19.52706813193901
Tlalnepantla de Baz,Norte,123.223667447573,0.962577086799807,Bajo,294,0.0,1057.0,27814.569536423838,-99.17379651991877,19.528167136967703
Tlalnepantla de Baz,Norte,124.456246887131,0.972205535220109,Muy bajo,294,0.0,1765.0,16657.22379603399,-99.2276020331684,19.529597582847533
Tlalnepantla de Baz,Norte,122.60687829557,0.957758961212388,Bajo,294,0.0,1324.0,22205.438066465256,-99.22109044522132,19.529289340634637
Tlalnepantla de Baz,Norte,124.460692942073,0.972240266134242,Muy bajo,294,0.0,1816.0,16189.427312775331,-99.21772128864384,19.529642909245563
Tlalnepantla de Baz,Norte,122.354699989653,0.955789038842018,Bajo,294,0.0,2338.0,12574.850299401196,-99.20577060670064,19.52827426372909
Tlalnepantla de Baz,Norte,121.018392850936,0.945350308529086,Medio,294,0.0,1737.0,16925.73402417962,-99.20446437694702,19.52819719003912
Tlalnepantla de Baz,Norte,123.891359313304,0.967792845300657,Muy bajo,294,0.0,1656.0,17753.6231884058,-99.23718778285432,19.52417641401021
Tlalnepantla de Baz,Norte,123.097576713499,0.961592113263543,Bajo,294,0.0,2013.0,14605.067064083458,-99.2305388728605,19.52144716902427
Tlalnepantla de Baz,Norte,119.518852763278,0.933636463623991,Medio,294,0.0,2039.0,14418.83276115743,-99.21570571261672,19.516922599356608
Tlalnepantla de Baz,Norte,123.871500541489,0.967637716021375,Muy bajo,294,0.0,2951.0,9962.724500169434,-99.19168969333788,19.520775571138607
Tlalnepantla de Baz,Norte,123.287826712626,0.963078274921578,Bajo,294,0.0,2971.0,9895.658027600135,-99.18772395729674,19.51898663790085
Tlalnepantla de Baz,Norte,124.7228057732,0.974287793290556,Muy bajo,294,0.0,2442.0,12039.312039312039,-99.18974611718882,19.516564199091142
Tlalnepantla de Baz,Norte,124.349403559747,0.971370915207996,Muy bajo,294,0.0,2216.0,13267.148014440432,-99.18637045768124,19.515922294633462
Tlalnepantla de Baz,Norte,121.991646655532,0.952953002324444,Bajo,294,0.0,4304.0,6830.85501858736,-99.17350935765816,19.519400989198825
Tlalnepantla de Baz,Norte,119.438788229573,0.93301102950727,Medio,294,0.0,3191.0,9213.412723284237,-99.11656727648034,19.537016080360743
Tlalnepantla de Baz,Norte,118.869785687755,0.928566195000802,Medio,294,0.0,5656.0,5198.019801980197,-99.09413074483632,19.54376436562992
Tlalnepantla de Baz,Norte,118.720786851283,0.9274022719581,Medio,294,0.0,3606.0,8153.078202995008,-99.11447997746224,19.542384572894257
Tlalnepantla de Baz,Norte,119.313965587935,0.932035961833636,Medio,294,0.0,4346.0,6764.841233317993,-99.12302787673536,19.536406381083783
Tlalnepantla de Baz,Norte,120.080350653613,0.938022674606987,Medio,294,0.0,3148.0,9339.263024142312,-99.1222692405174,19.533655903401204
Tlalnepantla de Baz,Norte,119.777857255109,0.93565970959921,Medio,294,0.0,4159.0,7069.006972830007,-99.1225659053063,19.529809522548263
Tlalnepantla de Baz,Norte,118.885729225361,0.928690739938471,Medio,294,0.0,4502.0,6530.430919591293,-99.12374446792757,19.52728686258961
Tlalnepantla de Baz,Norte,120.286854556801,0.939635805669065,Medio,294,0.0,7287.0,4034.5821325648417,-99.10509126997236,19.51947991981009
Tlalnepantla de Baz,Norte,123.448669572642,0.964334719035224,Bajo,294,0.0,2532.0,11611.374407582938,-99.17150450731552,19.551316619238648
Tlalnepantla de Baz,Norte,123.768046084842,0.966829568596788,Muy bajo,294,0.0,4222.0,6963.524396020843,-99.17434007642136,19.539790184086
Tlalnepantla de Baz,Norte,121.658860559183,0.950353402119492,Bajo,294,0.0,4981.0,5902.429231078097,-99.16548849464564,19.552421831713016
Tlalnepantla de Baz,Norte,121.042886442927,0.945541643285727,Medio,294,0.0,7476.0,3932.584269662921,-99.1879899199671,19.57487278546388
Tlalnepantla de Baz,Norte,121.864279749932,0.951958059814725,Bajo,294,0.0,2965.0,9915.682967959528,-99.184070226113,19.55086298041425
Tlalnepantla de Baz,Norte,121.696515938859,0.950647551826461,Bajo,294,0.0,3555.0,8270.042194092828,-99.20323436209868,19.5212221527604
Tlalnepantla de Baz,Norte,122.150794446484,0.954196205194135,Bajo,294,0.0,2745.0,10710.382513661203,-99.17703503946434,19.518758161381463
Tlalnepantla de Baz,Norte,120.107865008699,0.93823760643228,Medio,294,0.0,3730.0,7882.037533512063,-99.10754658632328,19.515266409848223
Tlalnepantla de Baz,Norte,122.131092513752,0.954042301082966,Bajo,294,0.0,5308.0,5538.809344385832,-99.17403953670257,19.512209218524088
Tlalnepantla de Baz,Norte,121.533709683205,0.949375770402271,Bajo,294,0.0,4189.0,7018.381475292433,-99.16934973507055,19.51223214139738
Tlalnepantla de Baz,Norte,124.166424994476,0.969941555264784,Muy bajo,294,0.0,3430.0,8571.42857142857,-99.19170797655336,19.562156327876032
Tlalnepantla de Baz,Norte,124.959899424522,0.976139879995289,Muy bajo,294,0.0,2293.0,12821.631051024859,-99.2209100149665,19.53567121377481
Tlalnepantla de Baz,Norte,117.947829697059,0.921364220493269,Alto,294,0.0,3126.0,9404.990403071017,-99.12008474077686,19.547768164515144
Tlalnepantla de Baz,Norte,118.971154713326,0.929358051819758,Medio,294,0.0,3601.0,8164.398778117189,-99.09972050428806,19.534226019881977
Tlalnepantla de Baz,Norte,117.300827507856,0.916310081987763,Alto,294,0.0,4336.0,6780.442804428044,-99.10379482578804,19.537746606047868
Tlalnepantla de Baz,Norte,122.785464127337,0.959154006768541,Bajo,294,0.0,2554.0,11511.354737666406,-99.10707839788944,19.5304233639421
Tlalnepantla de Baz,Norte,120.415905572475,0.940643903815222,Medio,294,0.0,2679.0,10974.24412094065,-99.09305484180466,19.53932494642756
Tlalnepantla de Baz,Norte,123.194946621283,0.962352730473842,Bajo,294,0.0,649.0,45300.46224961479,-99.11478998062488,19.531846722873706
Tlalnepantla de Baz,Norte,118.452931052173,0.925309882889264,Alto,294,0.0,185.0,158918.9189189189,-99.10860973882308,19.539526707153108
Tlalnepantla de Baz,Norte,119.731722336428,0.935299320912984,Medio,294,0.0,5110.0,5753.424657534247,-99.10948627831402,19.514408269506355
Tlalnepantla de Baz,Norte,118.698670629948,0.927229508329616,Medio,294,0.0,5083.0,5783.98583513673,-99.11652044264396,19.517254045431294
Tlalnepantla de Baz,Norte,119.221786037978,0.931315889752537,Medio,294,0.0,6910.0,4254.703328509407,-99.11176926921428,19.515694110197547
Tlalnepantla de Baz,Norte,117.870290817717,0.920758515841424,Alto,294,0.0,5190.0,5664.739884393063,-99.12672823215772,19.535084596068348
Tlalnepantla de Baz,Norte,119.709020282249,0.935121980977982,Medio,294,0.0,5666.0,5188.845746558419,-99.12499114183817,19.524273772946668
Tlalnepantla de Baz,Norte,124.865415124482,0.975401804070713,Muy bajo,294,0.0,2524.0,11648.177496038035,-99.22145708680318,19.556362853406323
Tlalnepantla de Baz,Norte,124.094498543519,0.969379692799076,Muy bajo,294,0.0,3288.0,8941.60583941606,-99.2243373223224,19.552641961343863
Tlalnepantla de Baz,Norte,121.230250963934,0.947005264670618,Bajo,294,0.0,3935.0,7471.410419313849,-99.17519474138696,19.55420777833464
Tlalnepantla de Baz,Norte,123.581811665595,0.965374775143117,Bajo,294,0.0,2553.0,11515.863689776732,-99.16949137768188,19.55661190824443
Tlalnepantla de Baz,Norte,121.399257754849,0.948325482351349,Bajo,294,0.0,4542.0,6472.919418758256,-99.17325929862572,19.558250289338723
Tlalnepantla de Baz,Norte,122.790705202159,0.959194948079886,Bajo,294,0.0,1689.0,17406.749555950264,-99.17960177084804,19.55247953209225
Tlalnepantla de Baz,Norte,122.728277908542,0.958707289469561,Bajo,294,6693.9071024307,2677.0,10982.44303324617,-99.21150323622794,19.508960165478516
Tlalnepantla de Baz,Norte,124.757481205328,0.974558664764616,Muy bajo,294,0.0,1458.0,20164.60905349794,-99.17393083946672,19.548588760718555
Tlalnepantla de Baz,Norte,118.75358302617,0.927658463379241,Medio,294,0.0,4853.0,6058.108386565012,-99.09949952711648,19.53090461558734
Tlalnepantla de Baz,Norte,119.486293001666,0.93338211897472,Medio,294,0.0,6667.0,4409.779511024449,-99.0946927865815,19.528646042637373
