NOM_MUN,zona,IM_2020,IMN_2020,tasa_resp_ageb,POB_TOTAL,centroid_x,centroid_y,ndvi_ageb
Tláhuac,Sur,124.066204177179,0.969158667818335,40455.84045584046,702.0,-99.05109537484556,19.280456524704064,0.14439967014590083
Tláhuac,Sur,120.80833551499,0.94370941938267,7975.287840494243,3561.0,-99.0334086072156,19.285004468388507,0.09975745727988387
Tláhuac,Sur,124.438434534854,0.972066391802945,11759.83436853002,2415.0,-99.05395186457136,19.280040445389425,0.19875813309390858
Tláhuac,Sur,121.111476082887,0.946077439835088,5315.365899307505,5343.0,-99.02060253434158,19.289738412170166,0.2552659626892637
Tláhuac,Sur,121.772197343134,0.951238746579553,2931.159046341212,9689.0,-98.99818630596026,19.268913895631265,0.12078748286309618
Tláhuac,Sur,119.176843514251,0.930964815608589,3785.657158091176,7502.0,-99.0426242708988,19.31093507442025,0.06237994692331987
Tláhuac,Sur,122.822913805033,0.959446549608771,3125.0,9088.0,-99.05029184147868,19.308813644869183,0.11592893066375973
Tláhuac,Sur,123.475952222143,0.964547840863371,3973.139339675433,7148.0,-99.0446816543244,19.28030810385253,0.36127567290605334
Tláhuac,Sur,119.694692917295,0.935010060975073,7851.810893005252,3617.0,-99.03251989459297,19.30583374125665,0.17051764503201808
Tláhuac,Sur,121.653858051123,0.950314324402245,13172.541743970314,2156.0,-99.04664260063556,19.31319652421851,0.07600361228770212
Tláhuac,Sur,121.3234455821,0.947733266083963,6013.127249629472,4723.0,-98.9645909908258,19.223119994393944,0.12043546915974661
Tláhuac,Sur,120.693348411983,0.942811183248945,6976.172930483911,4071.0,-98.96680376028904,19.22848938238913,0.19800727912784905
Tláhuac,Sur,122.836526329557,0.959552885546274,17160.12084592145,1655.0,-98.99438553814916,19.27525413733916,0.1067950314335427
Tláhuac,Sur,123.889987977393,0.967782132938704,12932.604735883424,2196.0,-99.05741036058518,19.281492489780824,0.18010567954610882
Tláhuac,Sur,121.741549504961,0.9509993371593,8196.248196248196,3465.0,-99.06024299123236,19.287944199624004,0.0752483507830362
Tláhuac,Sur,123.045650169364,0.961186482570861,5828.032013133593,4873.0,-99.05011517563597,19.305803460563048,0.10299842831202945
Tláhuac,Sur,122.09362754607,0.953749638803108,10092.395167022032,2814.0,-99.0568473757602,19.293415435910727,0.08353430772323783
Tláhuac,Sur,122.697508781868,0.958466932589019,6969.325153374232,4075.0,-99.06179009905216,19.30168732312332,0.09059131255157887
Tláhuac,Sur,120.429595448779,0.940750843995823,15812.917594654788,1796.0,-99.01078016118852,19.29608705333061,0.11666539618089085
Tláhuac,Sur,124.963739669884,0.976169878552139,15130.527437400107,1877.0,-99.05249478706676,19.28600086118181,0.16205760584711246
Tláhuac,Sur,122.78253613581,0.959131134396597,7727.891156462585,3675.0,-99.06209637353972,19.28653792798753,0.15054249744298523
Tláhuac,Sur,122.282583018922,0.955225688107273,23451.692815854665,1211.0,-99.00962091646944,19.27919171938685,0.1456356967323751
Tláhuac,Sur,122.045034757628,0.95337005015989,4767.500419674333,5957.0,-99.05543349985304,19.30704722573985,0.12871620637205722
Tláhuac,Sur,119.958931221426,0.937074191529531,5530.671859785783,5135.0,-99.03923391404508,19.311554933517296,0.061001260416392915
Tláhuac,Sur,122.678824622762,0.958320978943794,51824.81751824818,548.0,-99.06308020939554,19.283763264386064,0.2787792257029417
Tláhuac,Sur,120.916292416108,0.944552738215253,5394.112060778727,5265.0,-99.0587044600594,19.29918317900092,0.07118380938150733
Tláhuac,Sur,122.576926263896,0.957524987171607,10999.225406661502,2582.0,-99.0579519513548,19.29612722080564,0.07654711692074731
Tláhuac,Sur,123.356788961877,0.963616982155002,14350.68216270844,1979.0,-99.0611692006716,19.29203968873115,0.0953771040073393
Tláhuac,Sur,123.515453245509,0.964856408046808,21829.362029208303,1301.0,-99.05445490663892,19.28358522015775,0.17642211779939793
Tláhuac,Sur,119.131313145868,0.930609149442613,7939.614201845122,3577.0,-99.04707392244522,19.302583452457306,0.11015192498013662
Tláhuac,Sur,122.948744932955,0.960429495199115,6312.513891975995,4499.0,-99.0473395459704,19.30617524800923,0.09270075154880932
Tláhuac,Sur,121.009708020813,0.945282465892585,6630.866215269671,4283.0,-99.04576066914684,19.305662843978315,0.11989181013712889
Tláhuac,Sur,121.847333633229,0.95182568310507,5418.813203587101,5241.0,-99.00755523849917,19.256253898480526,0.1173169050298692
Tláhuac,Sur,122.423009265904,0.956322645295203,9015.873015873016,3150.0,-99.0537428127602,19.29930520444047,0.07952618949883855
Tláhuac,Sur,122.205533398721,0.954623805364382,16550.11655011655,1716.0,-98.99465263578662,19.272081418335805,0.115554962494766
Tláhuac,Sur,122.272784936398,0.955149149160433,7405.475880052151,3835.0,-99.05240682855984,19.29665870851259,0.06744768429691615
Tláhuac,Sur,121.120359995139,0.946146837626534,7537.154989384288,3768.0,-99.00247779210513,19.28782508488035,0.10673982372347586
Tláhuac,Sur,121.71567053976,0.950797180386588,13588.516746411484,2090.0,-99.00911853647062,19.28439817352337,0.12123537229340889
Tláhuac,Sur,120.087519528843,0.93807867517228,7297.019527235354,3892.0,-99.03268883461207,19.28841398004872,0.1016033919312214
Tláhuac,Sur,121.956904175647,0.952681607098443,8922.400251335217,3183.0,-99.01292206269702,19.29005449005576,0.11839055564306741
Tláhuac,Sur,121.119958711585,0.946143702949873,9954.433929197336,2853.0,-99.01158921691616,19.29325701054936,0.10031093896739075
Tláhuac,Sur,120.571432788357,0.941858824110018,6995.073891625615,4060.0,-99.00542881199404,19.293482276083108,0.11866944732217112
Tláhuac,Sur,121.776554129717,0.951272780162746,7351.799119855034,3863.0,-99.03863206281603,19.290487871388795,0.09682728288284997
Tláhuac,Sur,121.519067803968,0.949261393531715,7108.886107634543,3995.0,-99.04770988177488,19.2892051195353,0.07564809051272553
Tláhuac,Sur,122.65491061498,0.958134171681668,4817.642069550467,5895.0,-99.04297409031903,19.28850285588253,0.08570136424699124
Tláhuac,Sur,122.397788850268,0.956125632864772,16435.185185185186,1728.0,-98.9939146813902,19.2782706611366,0.12047759135177137
Tláhuac,Sur,121.388521347921,0.948241613566089,7669.4571968674045,3703.0,-99.03278199968923,19.291507158387933,0.09396421027405517
Tláhuac,Sur,121.60384098059,0.94992360980138,10660.66066066066,2664.0,-99.05763644000731,19.287701610077324,0.07480478683538419
Tláhuac,Sur,121.65221870429,0.950301518439463,5798.285014291548,4898.0,-99.0509099490973,19.292954240685784,0.08791890983688172
Tláhuac,Sur,121.155229709642,0.946419226761663,8933.62692670651,3179.0,-99.003208648772,19.28329972548562,0.12031036740433422
Tláhuac,Sur,121.769879791139,0.951220642732343,5070.523120871273,5601.0,-99.02967716450732,19.300300652964783,0.13573320609510212
Tláhuac,Sur,120.917997718445,0.944566059397699,4320.705918150008,6573.0,-99.05321474669128,19.29020520582226,0.0665567291140045
Tláhuac,Sur,120.71084524428,0.942947861942325,10745.365115399169,2643.0,-99.03801351075155,19.29479746889221,0.10470127864476374
Tláhuac,Sur,121.280142052705,0.947394995149199,8160.919540229886,3480.0,-99.04841858036605,19.296026194826283,0.08026350124403639
Tláhuac,Sur,121.869653721532,0.95200003926587,7489.451476793249,3792.0,-99.03092281103449,19.295169358156457,0.10694985473615162
Tláhuac,Sur,122.704242947543,0.958519537366263,26970.56030389364,1053.0,-98.99893149649452,19.275099845423163,0.17756125848916995
Tláhuac,Sur,121.653307416665,0.950310023052321,9001.584786053883,3155.0,-99.01766306481755,19.296133393037703,0.11293401681550723
Tláhuac,Sur,122.089194073901,0.953715006180872,12616.614837849844,2251.0,-99.0064320039848,19.2790638045038,0.09534151360541189
Tláhuac,Sur,122.643054606178,0.958041556986374,10676.691729323307,2660.0,-99.00324929985936,19.279191963977617,0.09139593830610736
Tláhuac,Sur,122.863753207925,0.959765571711237,13021.5497478221,2181.0,-98.99873799907172,19.27861500378833,0.11445348609643786
Tláhuac,Sur,121.348730776723,0.947930784543555,5012.354394634663,5666.0,-98.99478000876182,19.28677293151108,0.12858325757266847
Tláhuac,Sur,123.305965672365,0.96321996967377,11451.612903225809,2480.0,-99.00541691446864,19.272298112536365,0.10783278620954294
Tláhuac,Sur,122.764179128292,0.958987736336913,17761.100687929957,1599.0,-99.00346869897668,19.27434527211258,0.12233765565069885
Tláhuac,Sur,121.735625735253,0.950953062891485,3612.312388705164,7862.0,-99.00556678944297,19.26152293269447,0.08294217625932743
Tláhuac,Sur,121.14608772865,0.946347813033984,6668.231979337873,4259.0,-99.03813931004164,19.28357402856901,0.1246705885300232
Tláhuac,Sur,121.793987438373,0.95140896263326,7725.788900979326,3676.0,-99.00282230789034,19.264926553361928,0.11983603361016994
Tláhuac,Sur,123.003213989913,0.96085498704864,10063.784549964565,2822.0,-99.0423688838477,19.293418285565743,0.0960391822137529
Tláhuac,Sur,121.79806540618,0.951440818188713,9187.96505985118,3091.0,-99.05723915819851,19.28955492940355,0.0739522899746434
Tláhuac,Sur,124.377004984981,0.971586527192635,15058.324496288442,1886.0,-99.05177611367732,19.28234963396369,0.15803748837034565
Tláhuac,Sur,123.02224497501,0.961003649968457,5753.646677471637,4936.0,-99.04459387025368,19.29597697621621,0.09153816122431471
Tláhuac,Sur,122.030808267678,0.953258918154696,69950.73891625616,406.0,-98.99298615383007,19.238886425407863,0.2288848251357621
Tláhuac,Sur,121.955431117103,0.952670100117423,10441.176470588236,2720.0,-98.9898360377045,19.231335794243808,0.21665004576985086
Tláhuac,Sur,121.125086581158,0.946183759944255,16191.562143671608,1754.0,-99.00767680027334,19.28857962843575,0.1131523824775952
Tláhuac,Sur,118.886948359886,0.928700263360262,12856.496152105025,2209.0,-98.9627463301527,19.322451104950584,0.16020133348546964
Tláhuac,Sur,121.272540728201,0.947335616452325,6916.7072576717,4106.0,-98.9999012375583,19.245720082418952,0.19019374713294634
Tláhuac,Sur,120.840312217966,0.943959209396506,11287.758346581875,2516.0,-99.00197259783656,19.255906782080658,0.2386529599590673
Tláhuac,Sur,117.846868134823,0.920575546625095,15786.548082267926,1799.0,-99.02824432849644,19.281052920579228,0.1952057827505596
Tláhuac,Sur,120.911353434237,0.944514156740771,34134.61538461538,832.0,-98.97718094414384,19.219313816417458,0.2724373786818949
Tláhuac,Sur,118.821371320602,0.928188000117795,383783.7837837838,74.0,-98.97964233525316,19.221188557040502,0.295027885301418
Tláhuac,Sur,124.196767013239,0.97017857573848,30052.91005291005,945.0,-99.0419891685007,19.301072792297305,0.1053742062426302
Tláhuac,Sur,123.120709686704,0.961772819376398,8362.779740871614,3396.0,-99.04301613328974,19.30236436140413,0.11660458315771167
Tláhuac,Sur,122.108964120128,0.953869442369125,4208.654416123296,6748.0,-99.03817559286392,19.29997002774532,0.11147098328013372
Tláhuac,Sur,122.110257437542,0.953879545279825,9530.20134228188,2980.0,-99.03895134037616,19.30501053716528,0.13635122358026175
Tláhuac,Sur,120.678527672279,0.942695409187482,6389.201349831271,4445.0,-99.03720813738904,19.30846704259493,0.12535706404908792
Tláhuac,Sur,121.870631205945,0.952007675007587,8084.258468545402,3513.0,-99.0412224607248,19.30718427830352,0.08935430307818541
Tláhuac,Sur,121.311336348052,0.947638673288,26102.94117647059,1088.0,-98.97028743300186,19.22087631364408,0.22618113004453586
Tláhuac,Sur,118.967295428324,0.929327904532383,11310.234966148944,2511.0,-99.03604810817728,19.275263826321044,0.2263187258904519
Tláhuac,Sur,117.836521899713,0.920494725715791,14791.666666666666,1920.0,-99.02839702627692,19.27715027625959,0.19526277348180832
Tláhuac,Sur,122.459967938229,0.95661135258558,5366.591080876795,5292.0,-99.00966164898335,19.26538116374624,0.2697368034753882
Tláhuac,Sur,115.077224652509,0.898940130232266,5496.419585833172,5167.0,-99.0226825405131,19.26514830299454,0.2456621188517571
Tláhuac,Sur,121.657827408482,0.9503453315336,2531.645569620253,11218.0,-99.00325603030323,19.23752290995789,0.18065117888114787
Tláhuac,Sur,119.379048946546,0.932544368627793,9323.703217334209,3046.0,-99.03402577354522,19.280743521347752,0.15793570090783135
Tláhuac,Sur,120.308875535592,0.939807825298515,155191.25683060108,183.0,-98.99830859696876,19.297088454452904,0.23137354808552107
Tláhuac,Sur,120.879344972492,0.944264118639346,6478.102189781022,4384.0,-98.9960789725096,19.29298524924129,0.2585213438042345
Tláhuac,Sur,122.701904408598,0.958501269576867,92810.45751633988,306.0,-98.96922352858904,19.211819927770925,0.24971848618359038
Tláhuac,Sur,121.827817043048,0.95167322682041,10843.833524245896,2619.0,-98.97278027416496,19.21733535732985,0.16710140875297225
Tláhuac,Sur,121.660896208259,0.950369303846801,5922.836287799792,4795.0,-98.97176006502971,19.3086291964716,0.15653007703420485
Tláhuac,Sur,121.950972861391,0.95263527389545,13240.09324009324,2145.0,-99.00729717421903,19.24300204492402,0.22591323442621114
Tláhuac,Sur,120.993357190578,0.945154739337611,4605.903340901719,6166.0,-99.01048648524336,19.243930901305287,0.165186313761135
Tláhuac,Sur,121.07526330517,0.945794559193711,63963.963963963964,444.0,-99.01830402326276,19.30504976238701,0.2403791317786174
Tláhuac,Sur,120.535212157884,0.941575882125863,3392.259913999045,8372.0,-99.01818379248832,19.300982456159367,0.1848722273889838
Tláhuac,Sur,121.18467534671,0.946649245037662,5551.2118842845975,5116.0,-98.95571908691292,19.225450314760536,0.27041125569356855
Tláhuac,Sur,120.918185747439,0.944567528209694,3206.503330698882,8857.0,-99.00081454012164,19.23069147235865,0.16667717176611216
Tláhuac,Sur,120.536565193214,0.941586451530534,11102.423768569197,2558.0,-98.99618945594275,19.247390499793184,0.14818628296303823
Tláhuac,Sur,120.748127620143,0.943239097883364,9296.235679214402,3055.0,-98.99487909269186,19.24050752025252,0.11669964580935323
Tláhuac,Sur,120.113916529865,0.938284878646582,16745.28301886792,1696.0,-98.9941013675057,19.227641307434386,0.17950234277054153
Tláhuac,Sur,120.769478545351,0.94340588330546,6305.506216696271,4504.0,-98.96793463489382,19.314602115316664,0.19284946681691748
Azcapotzalco,Norte,123.754891878362,0.966726812867999,13052.128929566255,2513.0,-99.20998332517918,19.49800122701612,0.22624252084296773
Azcapotzalco,Norte,123.033313967192,0.961090116785016,3677.130044843049,8920.0,-99.19253867710032,19.49463118293681,0.06614450493150516
Azcapotzalco,Norte,117.333188752144,0.916562875894141,80392.1568627451,408.0,-99.18367949437751,19.506161137957367,0.12344932355945439
Azcapotzalco,Norte,122.327303911402,0.955575030951012,4624.277456647399,7093.0,-99.21179661514,19.49133230673071,0.10616261384363394
Azcapotzalco,Norte,121.282873254391,0.947416330272688,7569.813062543272,4333.0,-99.21740283038127,19.478866346472486,0.06575610745798187
Azcapotzalco,Norte,120.540824664591,0.94161972492382,6677.524429967427,4912.0,-99.21823168968965,19.47597887318485,0.05658529195827187
Azcapotzalco,Norte,124.794535648892,0.974848120183999,6560.000000000001,5000.0,-99.21447932548124,19.48524255055044,0.11606592409483615
Azcapotzalco,Norte,118.597609566681,0.926440057196697,82000.0,400.0,-99.16517375716724,19.50163138933452,0.048606190334384264
Azcapotzalco,Norte,122.118855764198,0.953946712183678,5653.223026542572,5802.0,-99.20695111603344,19.47447571497172,0.11008833852032321
Azcapotzalco,Norte,122.045509063716,0.95337375526121,4233.896992384149,7747.0,-99.19312714966016,19.47423922319085,0.08894016451630965
Azcapotzalco,Norte,122.711085572266,0.958572989384921,10304.743952246308,3183.0,-99.20595790558043,19.513008598681783,0.08541096691621744
Azcapotzalco,Norte,120.643494665011,0.942421744470498,5864.47344895405,5593.0,-99.20060177097106,19.512495347527054,0.14292016277574987
Azcapotzalco,Norte,123.244993834925,0.962743680541371,7744.982290436836,4235.0,-99.20789114121249,19.50996292134534,0.1282720967006457
Azcapotzalco,Norte,124.190322445943,0.970128233195182,9409.064830751577,3486.0,-99.1748876996984,19.50329210827652,0.08491593716295597
Azcapotzalco,Norte,124.48786551496,0.972452528085151,8218.491606113756,3991.0,-99.18740278954051,19.46830568095335,0.11353411890007058
Azcapotzalco,Norte,122.876654767048,0.959866353853599,6879.194630872483,4768.0,-99.20296263441278,19.509739258941504,0.12370692751890455
Azcapotzalco,Norte,123.366011195881,0.963689022789122,8721.084817867588,3761.0,-99.18180669357204,19.460874476910995,0.08995982914978895
Azcapotzalco,Norte,123.306350201949,0.963222973474696,9802.749551703528,3346.0,-99.20257491082002,19.506389292815506,0.09245668360581454
Azcapotzalco,Norte,121.931287408925,0.952481498521938,10757.62545096753,3049.0,-99.20067420465328,19.499455469338308,0.1068261649006229
Azcapotzalco,Norte,122.040227207479,0.953332495380746,15073.529411764704,2176.0,-99.20693931465892,19.50679427698356,0.11932720711488666
Azcapotzalco,Norte,122.725693232664,0.958687098950737,3324.548956010541,9866.0,-99.18713755179547,19.50003643859182,0.09276791216969141
Azcapotzalco,Norte,123.854412313094,0.96750422918847,2944.6090313313584,11139.0,-99.19553568876144,19.49793986329905,0.08637388256617756
Azcapotzalco,Norte,122.317298595533,0.955496873174986,6524.766262184205,5027.0,-99.198222524216,19.492392356805684,0.1077434488009433
Azcapotzalco,Norte,123.005759972032,0.960874875306326,7875.15006002401,4165.0,-99.14895449772212,19.475974740477845,0.09339192229244435
Azcapotzalco,Norte,124.236936027901,0.97049236101945,4989.351992698509,6574.0,-99.18682004921207,19.47595143046136,0.07455726131334658
Azcapotzalco,Norte,124.609149371237,0.973399952094428,4743.311641359363,6915.0,-99.16062221653895,19.46910443357147,0.08897239066619336
Azcapotzalco,Norte,122.558601881628,0.957381843968142,7772.511848341232,4220.0,-99.14639058782537,19.46975701138229,0.07203464159159859
Azcapotzalco,Norte,121.757035000356,0.951120304042968,5046.930296968764,6499.0,-99.20053617542013,19.475267158282893,0.10006244300313587
Azcapotzalco,Norte,124.636451199437,0.973613223739374,5268.230003212336,6226.0,-99.1846796348087,19.47216433007826,0.09628799452731529
Azcapotzalco,Norte,123.678339161714,0.96612881174935,3567.1560630777594,9195.0,-99.1554396982378,19.466675409283404,0.10421978964068393
Azcapotzalco,Norte,122.38496192589,0.956025433741049,13387.755102040815,2450.0,-99.14655080717502,19.46585959466795,0.08251589632677749
Azcapotzalco,Norte,122.772657058426,0.959053962748286,6620.91239402503,4954.0,-99.1864314574704,19.463331996403586,0.09809465760731848
Azcapotzalco,Norte,123.213515793592,0.962497785885316,10832.23249669749,3028.0,-99.17385721997483,19.46026347477911,0.0711210017751868
Azcapotzalco,Norte,123.099946492999,0.961610625092437,7463.0261660978385,4395.0,-99.1631009594424,19.46063950542812,0.08693506078871338
Azcapotzalco,Norte,124.039964572753,0.968953693867217,13564.929693961953,2418.0,-99.1677894869752,19.46553863522286,0.10898058914998555
Azcapotzalco,Norte,121.467465928384,0.948858299028019,19080.86096567772,1719.0,-99.16432408044182,19.46317299496092,0.10592719298489983
Azcapotzalco,Norte,124.230864031162,0.970444928857648,20474.406991260923,1602.0,-99.20927523216145,19.506309083873848,0.13169758054053207
Azcapotzalco,Norte,123.545600669226,0.965091908416962,9003.568487510294,3643.0,-99.1676391204271,19.459879075326644,0.09692248885045074
Azcapotzalco,Norte,124.603775331384,0.973357972110114,16023.44894968246,2047.0,-99.20947890462467,19.50356049055628,0.11088336328033471
Azcapotzalco,Norte,122.80958255006,0.959342410843536,7248.618784530387,4525.0,-99.16015050828358,19.47629031750704,0.0704336552418415
Azcapotzalco,Norte,122.951320130725,0.960449611678514,7754.137115839244,4230.0,-99.15637871285011,19.47534020862643,0.08019703136908678
Azcapotzalco,Norte,120.701083273262,0.942871605085029,4643.919014583038,7063.0,-99.19807126248074,19.48864412738083,0.07504999315652418
Azcapotzalco,Norte,124.28166449644,0.97084176304453,10469.19885094159,3133.0,-99.19157166946133,19.48978666776236,0.07258620028050156
Azcapotzalco,Norte,123.506879890246,0.964789436210117,5357.726233257105,6122.0,-99.193020418281,19.48610112382873,0.08368448038988859
Azcapotzalco,Norte,122.696059848262,0.958455614062972,5736.271423574676,5718.0,-99.18771637127804,19.48824836032645,0.07397435705557505
Azcapotzalco,Norte,122.802516451772,0.959287213133177,8593.135970657584,3817.0,-99.18460783101588,19.483539682927443,0.09808156883598848
Azcapotzalco,Norte,124.384484254037,0.971644952438117,3917.3533978263463,8373.0,-99.18111754946824,19.486541993744822,0.09484727024523351
Azcapotzalco,Norte,122.209884341882,0.954657793300947,13945.578231292517,2352.0,-99.1767138352102,19.487212340064595,0.12117233639595751
Azcapotzalco,Norte,122.572101730154,0.957487299723,7658.183516226943,4283.0,-99.17721616952778,19.48151795159629,0.05199662508726455
Azcapotzalco,Norte,123.198981667062,0.962384250738504,5185.770750988142,6325.0,-99.17077816523307,19.481135596752942,0.03417942745654417
Azcapotzalco,Norte,122.827206646195,0.959480083674308,7796.529593534585,4207.0,-99.18227801222656,19.480316809596275,0.08171382139142187
Azcapotzalco,Norte,123.455449495799,0.964387681252769,5196.451204055767,6312.0,-99.17937708410771,19.47710713198795,0.09177134422388993
Azcapotzalco,Norte,124.139820854722,0.969733733700371,6899.45309213294,4754.0,-99.17788356052354,19.472913067025587,0.0819615310312292
Azcapotzalco,Norte,124.158101955766,0.969876538807146,13615.608136156085,2409.0,-99.17352258450326,19.471266717991767,0.10209380601701167
Azcapotzalco,Norte,124.924885530036,0.975866364580187,11561.508635882976,2837.0,-99.19272413003988,19.506554143875725,0.15677515629272154
Azcapotzalco,Norte,124.158851282341,0.969882392265386,14180.717682663208,2313.0,-99.2010267301862,19.49517829804216,0.1445832500209952
Azcapotzalco,Norte,122.749396435792,0.958872259485949,9627.238039330789,3407.0,-99.16329348969676,19.475184067990654,0.08344690303926562
Azcapotzalco,Norte,122.955180245427,0.960479765447195,8118.811881188119,4040.0,-99.15549819696388,19.47880714685116,0.07048375455929182
Azcapotzalco,Norte,122.783270920821,0.959136874261594,9496.236247828603,3454.0,-99.15170572857508,19.470727331694345,0.07502907509878627
Azcapotzalco,Norte,122.442829371673,0.956477472529827,10353.535353535352,3168.0,-99.1491436111502,19.4707920200144,0.07291929109805541
Azcapotzalco,Norte,123.342410075713,0.963504659687726,7360.861759425494,4456.0,-99.18622874988858,19.50518627517128,0.15908044846755542
Azcapotzalco,Norte,124.423750244137,0.971951683629811,21409.92167101828,1532.0,-99.17292347088475,19.472915115671984,0.11904075009507717
Azcapotzalco,Norte,125.248676164975,0.978395695613495,22889.04396371249,1433.0,-99.20607081092014,19.50238543552035,0.13888036792723196
Azcapotzalco,Norte,122.666292361266,0.958223081616021,6702.084184715978,4894.0,-99.2048695424714,19.488347236382527,0.0922664231667437
Azcapotzalco,Norte,124.054846903176,0.969069949052281,5751.358933894442,5703.0,-99.17831570470028,19.49853429888085,0.18399466663231
Azcapotzalco,Norte,122.764815527834,0.958992707651515,4500.548847420418,7288.0,-99.1807433472006,19.49527205335513,0.08366047875740752
Azcapotzalco,Norte,120.866818803349,0.944166268902749,5969.0627843494085,5495.0,-99.18462875745128,19.493884746452554,0.07025175818446082
Azcapotzalco,Norte,123.155494599528,0.962044546072616,7880.826525708793,4162.0,-99.1860602765082,19.49120413280984,0.07314707690187569
Azcapotzalco,Norte,122.589485873925,0.957623098135868,4643.26160815402,7064.0,-99.17837593158632,19.49132569341176,0.07947683888317598
Azcapotzalco,Norte,121.216631438062,0.946898874041212,8297.495572982545,3953.0,-99.15234022523566,19.47574833908432,0.08228202947935453
Azcapotzalco,Norte,124.198855392329,0.970194889372878,11586.012009890495,2831.0,-99.19997372172246,19.48508642191052,0.09414555606493737
Azcapotzalco,Norte,123.730336735705,0.966534997300637,11160.258591357606,2939.0,-99.2019207313627,19.48051311213752,0.10039115975031154
Azcapotzalco,Norte,122.699153091492,0.958479777319259,7329.608938547485,4475.0,-99.15535865066812,19.471711526290456,0.08284247707895953
Azcapotzalco,Norte,123.41470947972,0.964069435522818,12166.172106824926,2696.0,-99.18036002051257,19.468567233354488,0.10083388455467107
Azcapotzalco,Norte,124.976244227799,0.976267559469925,13666.666666666666,2400.0,-99.18024333740468,19.465451586638416,0.09859276079173164
Azcapotzalco,Norte,123.163952771759,0.962110618142649,8688.741721854305,3775.0,-99.17449632600152,19.466022832938915,0.10246188626888468
Azcapotzalco,Norte,123.708455194851,0.96636406690807,12363.362231436113,2653.0,-99.16842544606055,19.468317874018336,0.09485282901183387
Azcapotzalco,Norte,123.741382186962,0.966621280224308,11508.77192982456,2850.0,-99.16480829270571,19.469800889906377,0.07496691868021639
Azcapotzalco,Norte,122.998838251737,0.960820805422711,14373.356704645048,2282.0,-99.16277823878512,19.46640707241338,0.08680913925489098
Azcapotzalco,Norte,123.156771467393,0.962054520485603,14174.589455488333,2314.0,-99.15025774426128,19.465305991995404,0.06608768980650012
Azcapotzalco,Norte,124.674482230322,0.973910307892731,16432.865731462927,1996.0,-99.1804523284705,19.46309792925066,0.09259966420509892
Azcapotzalco,Norte,123.869807712239,0.96762449227401,10918.774966711051,3004.0,-99.16932435334802,19.463703681271188,0.0977219111188714
Azcapotzalco,Norte,124.520418841137,0.972706822463218,18121.546961325967,1810.0,-99.17082335781718,19.47286813700789,0.1252118503645755
Azcapotzalco,Norte,123.770931496211,0.966852108348505,14053.12767780634,2334.0,-99.20243465399564,19.496684954094327,0.15004013722027598
Azcapotzalco,Norte,123.37084116073,0.963726752663502,4339.19830665432,7559.0,-99.20436242879951,19.49202140233072,0.08823764244872598
Azcapotzalco,Norte,122.758823983495,0.958945903953698,19419.775014801657,1689.0,-99.1993554677026,19.481455406129,0.0903076764897236
Azcapotzalco,Norte,123.691851523658,0.966234365254335,4662.402274342573,7035.0,-99.2075652834072,19.48322141726714,0.10178907864965617
Azcapotzalco,Norte,124.530842839907,0.972788250833087,11107.34845919404,2953.0,-99.20467766610922,19.49844354920814,0.1528715461091511
Azcapotzalco,Norte,123.754829220068,0.966726323404905,24532.53552729993,1337.0,-99.2054498327602,19.49448150327952,0.08998853216044701
Azcapotzalco,Norte,124.899484228087,0.975667939133707,12898.151789225323,2543.0,-99.16663906278006,19.47310151697795,0.13604237160263252
Azcapotzalco,Norte,124.681612759863,0.973966008915882,35382.955771305285,927.0,-99.16679442082253,19.47184551393232,0.13761460208416618
Azcapotzalco,Norte,118.009976067255,0.921849684635165,39951.27892813642,821.0,-99.16234977555462,19.49271997736525,0.038482031729668666
Azcapotzalco,Norte,121.284305653871,0.947427519640342,6299.212598425197,5207.0,-99.16052500028728,19.483705663186512,0.05956786108313986
Azcapotzalco,Norte,122.095858492299,0.953767066118545,17816.404128191203,1841.0,-99.19769646835856,19.50425558805459,0.07239068890848761
Azcapotzalco,Norte,123.210640695888,0.962475326700088,9906.372697070372,3311.0,-99.19420426787975,19.51078716921165,0.15366497505904592
Azcapotzalco,Norte,123.781688481799,0.966936137886534,7737.673979712196,4239.0,-99.1953030410494,19.508643624151816,0.15088916368700717
Azcapotzalco,Norte,120.621482536506,0.942249793976171,6387.536514118792,5135.0,-99.21446601445318,19.47746168358397,0.06623039526680133
Azcapotzalco,Norte,123.188263919931,0.96230052771659,6232.186965608968,5263.0,-99.20854252739194,19.480082601192223,0.09188362136489572
Azcapotzalco,Norte,122.012353034975,0.953114752796697,4650.503331915496,7053.0,-99.21141319178196,19.47579416184808,0.08365166340470433
Azcapotzalco,Norte,122.112577320973,0.953897667339337,6411.258795934325,5116.0,-99.21642913920674,19.482258716848925,0.0710786319039697
Azcapotzalco,Norte,122.367257520807,0.955887133566886,7205.623901581722,4552.0,-99.18793576915655,19.482505245475902,0.08931754721923674
Azcapotzalco,Norte,123.063609207635,0.961326771844012,4290.947148090006,7644.0,-99.19442263408855,19.480573453700217,0.05698787074376914
Coyoacán,Sur,123.796301417072,0.9670502886577,10662.148070907197,3836.0,-99.13324128753476,19.3253498850098,0.12991208889802267
Coyoacán,Sur,124.850712100746,0.97528694956226,52168.36734693877,784.0,-99.18279536242072,19.33616305343099,0.15985487732559694
Coyoacán,Sur,123.20609523498,0.962439819263816,29637.681159420288,1380.0,-99.1766883889355,19.34868756315162,0.19579061503949322
Coyoacán,Sur,124.866667853672,0.975411589921428,7067.565232417487,5787.0,-99.10502193867543,19.303442809230315,0.14317989224952654
Coyoacán,Sur,124.265030908253,0.970711827690451,12304.452466907342,3324.0,-99.120784916764,19.31893833393488,0.21904036519416473
Coyoacán,Sur,121.557543739687,0.949561953114817,6027.114647804303,6786.0,-99.1412836648704,19.303698755850046,0.07794583812439529
Coyoacán,Sur,125.139756492861,0.977544855974887,15428.140324405884,2651.0,-99.1205437465148,19.30468677014792,0.18500149947287103
Coyoacán,Sur,123.734750890418,0.96656947902214,24668.275030156816,1658.0,-99.17083453751803,19.35430965261982,0.2739118159455511
Coyoacán,Sur,125.717471471735,0.982057748772873,14633.273703041144,2795.0,-99.19478523020996,19.30661607612036,0.23347253642615937
Coyoacán,Sur,124.871076391503,0.975446027765962,25309.40594059406,1616.0,-99.11568310938448,19.30367970195148,0.11935568134118477
Coyoacán,Sur,124.575776625225,0.973139256715855,28641.45658263305,1428.0,-99.16168109238664,19.35456575829729,0.14708422892320938
Coyoacán,Sur,123.14507100519,0.961963120862021,12289.66346153846,3328.0,-99.1610717327626,19.30305141102485,0.1012268250459538
Coyoacán,Sur,125.482778164462,0.980224412655824,26523.99481193256,1542.0,-99.12579670324884,19.30621720012284,0.1043288448652908
Coyoacán,Sur,124.359947859881,0.97145328332701,11251.71939477304,3635.0,-99.12116592690016,19.32207591548774,0.15126024539536775
Coyoacán,Sur,124.330219314828,0.971221055079914,14152.249134948095,2890.0,-99.10658415323262,19.325764162760567,0.13057823314236472
Coyoacán,Sur,123.948640160661,0.968240301802481,22325.32751091703,1832.0,-99.10592752192808,19.323108709098875,0.12319559487250095
Coyoacán,Sur,123.246513389586,0.962755550732617,9513.840428006512,4299.0,-99.14783909053492,19.353595660701785,0.12335883072308691
Coyoacán,Sur,124.391523335633,0.97169993910421,59189.580318379165,691.0,-99.1407897425389,19.336652837354933,0.13808389866077772
Coyoacán,Sur,124.258377834276,0.970659856371148,26067.55895474825,1569.0,-99.16524921898964,19.35541539045318,0.15151392946644313
Coyoacán,Sur,124.518709091287,0.972693466538469,13606.12109115103,3006.0,-99.15565322069604,19.35580915245153,0.140026212014794
Coyoacán,Sur,125.360158744092,0.979266555720631,17805.83369612538,2297.0,-99.13288419491371,19.35252891203477,0.14945716187975716
Coyoacán,Sur,123.76523681383,0.966807623624997,14477.87610619469,2825.0,-99.14037146683565,19.351397291995927,0.3430929437665879
Coyoacán,Sur,121.480389340648,0.948959251878929,7121.713390214174,5743.0,-99.14966264721328,19.30308349973506,0.07550451651285639
Coyoacán,Sur,124.385595647183,0.971653634224651,11583.12092891532,3531.0,-99.1298924836176,19.3555131674263,0.10902312090762069
Coyoacán,Sur,123.83804419305,0.967376367571989,5849.54233409611,6992.0,-99.12458393075272,19.35448447370648,0.09375969790070869
Coyoacán,Sur,125.040942467437,0.976772957859066,18607.825295723385,2198.0,-99.13495877749742,19.347849080303792,0.17266824666073638
Coyoacán,Sur,119.143829137517,0.930706919676439,17938.59649122807,2280.0,-99.1311296970372,19.340804802272068,0.10961011271102312
Coyoacán,Sur,125.772810836805,0.982490039143042,26489.63730569948,1544.0,-99.12845698981226,19.308368870931755,0.11513880403989608
Coyoacán,Sur,124.042456415063,0.968973159205019,8171.828171828171,5005.0,-99.12560322715284,19.32593780364288,0.10204764523417072
Coyoacán,Sur,123.752464131724,0.966707848221558,13711.029165269862,2983.0,-99.13407726390082,19.31697579278721,0.1053330572771227
Coyoacán,Sur,124.012146503285,0.968736389539056,11570.01414427157,3535.0,-99.12124009793725,19.326269595888792,0.11704264680906303
Coyoacán,Sur,123.260961945815,0.962868417436326,14851.12563543936,2754.0,-99.11065589141938,19.326876997984748,0.11577085026073924
Coyoacán,Sur,122.278685739272,0.955195244019945,10637.191157347204,3845.0,-99.10505122533962,19.31744293647544,0.1258721559950771
Coyoacán,Sur,124.676427499321,0.973925503604767,75740.74074074074,540.0,-99.13884728987756,19.336215762154804,0.13125952001716137
Coyoacán,Sur,125.351413397911,0.979198240355377,7177.957177957178,5698.0,-99.18262676818934,19.305294596477893,0.11163670730016592
Coyoacán,Sur,125.251699150808,0.978419310045339,14103.448275862069,2900.0,-99.14390275421374,19.34448220098815,0.10075593366515735
Coyoacán,Sur,125.244824588501,0.978365608542244,14664.754392255289,2789.0,-99.13386164506343,19.343653402450176,0.13481967459062857
Coyoacán,Sur,124.303437159351,0.971011842923425,24802.91085506368,1649.0,-99.13000126815,19.3480533045182,0.1425398712584816
Coyoacán,Sur,124.928477878706,0.97589442666103,7405.395618323375,5523.0,-99.12537873614303,19.346195433992577,0.11090046954205356
Coyoacán,Sur,123.830849022715,0.967320161599194,6704.918032786885,6100.0,-99.1228771788008,19.3485653353649,0.14095475562314394
Coyoacán,Sur,122.474829846787,0.95672744824269,4698.449167145319,8705.0,-99.11950823374552,19.342398991856246,0.08354761855277644
Coyoacán,Sur,125.457476776201,0.980026767697611,55270.27027027027,740.0,-99.17928010223898,19.34455794484999,0.10671800637302906
Coyoacán,Sur,124.680586353589,0.973957991014924,31340.996168582373,1305.0,-99.17164700278964,19.34454547166595,0.12616339892845968
Coyoacán,Sur,125.515294845258,0.980478420773922,14345.843563661872,2851.0,-99.1838112182964,19.33974996091839,0.12084690139596203
Coyoacán,Sur,124.719574440804,0.974262551333483,17774.880486744893,2301.0,-99.1808014024958,19.340865572556005,0.13831802269044816
Coyoacán,Sur,122.244678761492,0.954929594260609,7833.748324075848,5221.0,-99.15696583744425,19.31767190885235,0.07852018310734372
Coyoacán,Sur,121.199629038514,0.946766057671072,6409.65365930105,6381.0,-99.15168793800682,19.317943963852088,0.07586835543590754
Coyoacán,Sur,122.702314599963,0.958504473838006,6166.1390019598975,6633.0,-99.14794638591046,19.317593242681745,0.07835107492231916
Coyoacán,Sur,123.327448929388,0.963387788822383,15170.623145400594,2696.0,-99.14363566970589,19.317804387752947,0.11651983342080867
Coyoacán,Sur,124.672124172995,0.973891887633058,15451.45447676615,2647.0,-99.128812342061,19.317840802740182,0.10966168798413777
Coyoacán,Sur,125.238948673481,0.978319708097311,23384.79130931961,1749.0,-99.12671007976756,19.31396486612343,0.13345416928526538
Coyoacán,Sur,124.979452732689,0.976292623107079,33773.7407101569,1211.0,-99.1131529867786,19.31372569879149,0.13409077871968691
Coyoacán,Sur,124.299229824736,0.970978976802969,9147.841646164168,4471.0,-99.1418790471716,19.31338549819628,0.1222669561742745
Coyoacán,Sur,124.389494972898,0.97168409429507,11841.34337000579,3454.0,-99.11776195906252,19.321770720995428,0.12142982545430896
Coyoacán,Sur,125.258103925106,0.978469341740652,18234.507356219347,2243.0,-99.1166975483792,19.315167552582988,0.14085060218231
Coyoacán,Sur,123.574684720817,0.96531910212279,16399.35846030473,2494.0,-99.11765458251196,19.31312877283534,0.1416187593959126
Coyoacán,Sur,119.991184605909,0.937326142875555,11361.111111111111,3600.0,-99.10996165259398,19.319929863991334,0.08563471747587309
Coyoacán,Sur,122.538030513931,0.95722114815703,14462.517680339462,2828.0,-99.11134283917988,19.31877211848361,0.08459585122861767
Coyoacán,Sur,121.994100352794,0.952972169687431,12717.66169154229,3216.0,-99.109416675747,19.316437368070005,0.08168673017874019
Coyoacán,Sur,124.609359849263,0.973401596269845,14216.19742787626,2877.0,-99.11937514340842,19.309293290829533,0.10662506472271745
Coyoacán,Sur,122.50153449097,0.95693605491001,9006.826690156353,4541.0,-99.1063240752424,19.30912272802674,0.12446400156828814
Coyoacán,Sur,123.735860963187,0.966578150494384,6922.816519972918,5908.0,-99.10270373027214,19.31017441779224,0.11484857810047336
Coyoacán,Sur,124.576190016953,0.973142485977029,24316.290130796668,1682.0,-99.1707359102248,19.31079427220597,0.13217424967174238
Coyoacán,Sur,125.154812489113,0.977662467772291,21071.61257083977,1941.0,-99.17139979254635,19.30822948035611,0.15657810556894092
Coyoacán,Sur,123.567617516023,0.965263895768824,8596.048759983187,4758.0,-99.1021793469106,19.31718581611594,0.13313404468639628
Coyoacán,Sur,123.859625590188,0.967544953354379,28481.894150417826,1436.0,-99.1255150105668,19.33675363770974,0.11653812674879908
Coyoacán,Sur,125.038187701862,0.976751438663304,19569.37799043062,2090.0,-99.16013988576591,19.347653974041148,0.15376178895679662
Coyoacán,Sur,122.015687163759,0.953140797760609,4979.909898940704,8213.0,-99.1617651012327,19.341669872151293,0.14105250506815512
Coyoacán,Sur,122.465362383306,0.956653491967847,9710.351377018043,4212.0,-99.15065461663887,19.34025383054277,0.12010543166401137
Coyoacán,Sur,124.02998480548,0.968875735667245,20782.52032520325,1968.0,-99.14603834396227,19.339326399642086,0.12225593100606248
Coyoacán,Sur,123.051575238782,0.961232766991524,16399.35846030473,2494.0,-99.13865657563304,19.340696572625497,0.10985388962423673
Coyoacán,Sur,125.06227872632,0.97693962871333,12114.928909952609,3376.0,-99.1250095543971,19.34084100553274,0.10193341530122664
Coyoacán,Sur,126.109947320114,0.985123622939721,32255.52050473186,1268.0,-99.18589263047367,19.339231417715013,0.12148845210215227
Coyoacán,Sur,122.166032213929,0.954315236919948,14064.6492434663,2908.0,-99.1118152214742,19.32223857461657,0.11808701924876408
Coyoacán,Sur,124.109926421276,0.969500209595357,19328.922495274102,2116.0,-99.17000032831844,19.339700124202626,0.15517521537309423
Coyoacán,Sur,121.249495388655,0.947155594900747,9682.765151515152,4224.0,-99.1071894214482,19.31965213832468,0.07900555107582818
Coyoacán,Sur,122.549811303879,0.957313175270836,7653.443113772455,5344.0,-99.16842855677277,19.33708922298573,0.11183419329349437
Coyoacán,Sur,123.637915584706,0.965813037922777,7435.011816033449,5501.0,-99.15818011103534,19.337025692514672,0.10416531704333079
Coyoacán,Sur,124.320210574138,0.971142870550465,27710.027100271,1476.0,-99.14409132955112,19.33497103008866,0.14823371652890238
Coyoacán,Sur,122.80517649474,0.95930799239145,15640.535372848948,2615.0,-99.12619639355252,19.333988552118,0.09694578912880496
Coyoacán,Sur,123.982845972448,0.968507504778525,17170.445004198154,2382.0,-99.14069341326277,19.328290849385727,0.10282838052619789
Coyoacán,Sur,120.720000999501,0.943019383269119,3513.745704467354,11640.0,-99.170597016217,19.3237636658876,0.06790470659194796
Coyoacán,Sur,121.696428322843,0.950646867402993,2908.754711613683,14061.0,-99.16613987491267,19.33226981692352,0.07575443567162565
Coyoacán,Sur,123.330024194454,0.963407905827474,8149.033672046225,5019.0,-99.11958130844076,19.330805997807268,0.12144446919469838
Coyoacán,Sur,123.477141849005,0.964557133782359,17621.71477811288,2321.0,-99.11503051643416,19.332710285518825,0.0997901988307931
Coyoacán,Sur,122.558885928362,0.957384062834729,9815.214782817377,4167.0,-99.11830963008616,19.326669919266845,0.13222547373825125
Coyoacán,Sur,123.458485157945,0.964411394707215,10892.14380825566,3755.0,-99.11139745437428,19.324781143539305,0.10131671718823913
Coyoacán,Sur,121.207881411318,0.946830522113154,4157.349054685912,9838.0,-99.16696497446732,19.3286056690822,0.06785870270710344
Coyoacán,Sur,121.582196105055,0.949754528149546,3265.469061876247,12525.0,-99.16304526533172,19.326989621519218,0.060735534157686163
Coyoacán,Sur,121.044878434644,0.945557203978116,4778.595630330646,8559.0,-99.15797522830437,19.322524507850684,0.0846247119052499
Coyoacán,Sur,124.392021957311,0.971703834149792,7085.932085932085,5772.0,-99.11164584944882,19.304079568784392,0.08490946539586716
Coyoacán,Sur,121.599229324249,0.949887585271206,3909.7600611796192,10461.0,-99.15480032710566,19.32490361296134,0.0825790813167096
Coyoacán,Sur,121.971048866992,0.952792100123611,7478.5152678734685,5469.0,-99.14867778946568,19.32443066562151,0.1742622996911286
Coyoacán,Sur,120.677424975683,0.942686795335136,4515.345550894237,9058.0,-99.16946986070398,19.317315139078303,0.08200313723677295
Coyoacán,Sur,124.205733627533,0.970248619567267,15318.352059925095,2670.0,-99.13423738830498,19.320769524240752,0.12439590505119556
Coyoacán,Sur,120.720372967688,0.943022288945124,3136.022082502684,13042.0,-99.16656461583696,19.322169526301177,0.06722667633247197
Coyoacán,Sur,121.784979010852,0.951338592175223,4028.7628053585504,10152.0,-99.16175352794164,19.31822134187197,0.0909704335157081
Coyoacán,Sur,122.804439995937,0.959302239138956,6268.199233716475,6525.0,-99.15252714725716,19.31371803520846,0.07266302950511842
Coyoacán,Sur,121.994193203215,0.952972895000105,4340.904266610061,9422.0,-99.15240591284392,19.3106382837904,0.07289095001195799
Coyoacán,Sur,121.314715045703,0.947665066407191,6272.044165005368,6521.0,-99.15238743457428,19.30692022003289,0.06944893206132204
Coyoacán,Sur,121.707856363589,0.950736138972308,6191.341204965183,6606.0,-99.14548736472588,19.31259326557822,0.09071681546564982
Coyoacán,Sur,124.835252903957,0.975166188113438,25045.92774035517,1633.0,-99.11364710947724,19.308821592316345,0.10398692989247893
Coyoacán,Sur,125.169905840529,0.977780371374231,16064.414768263943,2546.0,-99.1216784889208,19.31557361745536,0.17397283439673605
Coyoacán,Sur,124.475191620276,0.972353524372014,16619.260463226332,2461.0,-99.12222986975102,19.31304407849348,0.15004988281595882
Coyoacán,Sur,123.762809143797,0.966788659576963,16789.819376026273,2436.0,-99.10403490441838,19.321037274261723,0.1109557290278939
Coyoacán,Sur,124.242128549758,0.970532923053241,7791.960373404458,5249.0,-99.10404631613392,19.31376713760038,0.11537637450575802
Coyoacán,Sur,124.704474053875,0.974144592772752,14381.15330520394,2844.0,-99.10070433330768,19.31655610221276,0.16590065376288232
Coyoacán,Sur,124.932152025071,0.9759231277148,22990.44406970208,1779.0,-99.12548503006288,19.33089669253228,0.09748018887692815
Coyoacán,Sur,124.162661335588,0.969912154972753,20729.853015712117,1973.0,-99.11532657095826,19.32240978405556,0.10848601266906199
Coyoacán,Sur,125.38415756998,0.979454025549995,12293.35737902014,3327.0,-99.17509830330695,19.34190188124684,0.1633902284070985
Coyoacán,Sur,122.603461788685,0.957732272741636,5041.2917539751015,8113.0,-99.14386645076806,19.323963619588465,0.1375254618996319
Coyoacán,Sur,123.671973954586,0.966079089137931,8967.331725498794,4561.0,-99.14353866393851,19.32782165712281,0.1176175800384275
Coyoacán,Sur,122.443984928769,0.956486499308579,4551.524593812597,8986.0,-99.16246268677122,19.33413862759989,0.08614035739399467
Coyoacán,Sur,124.061011594324,0.969118105308052,9898.35430784124,4132.0,-99.10972191902924,19.31189182658541,0.1066911999221496
Coyoacán,Sur,121.764621873051,0.951179569847722,5061.881188118812,8080.0,-99.1593436524178,19.30985207183219,0.09230035981562515
Coyoacán,Sur,123.293227489147,0.963120463762712,12607.891491985203,3244.0,-99.15838377552193,19.305123806612382,0.12550450669121763
Coyoacán,Sur,124.247727936755,0.970576663364939,19902.676399026765,2055.0,-99.17727584555612,19.30641976659371,0.19177229123200107
Coyoacán,Sur,124.943089659226,0.976008568411695,24229.857819905214,1688.0,-99.17271732370074,19.309509051955263,0.1433759087992111
Coyoacán,Sur,125.381602751924,0.979434068269284,27376.17135207497,1494.0,-99.17508810705937,19.308842289592285,0.14324327466938913
Coyoacán,Sur,125.50319630477,0.980383911512036,105958.54922279793,386.0,-99.17428215060006,19.30722908441065,0.15444724529578188
Coyoacán,Sur,123.007493771717,0.960888419099365,14549.982212735682,2811.0,-99.11521658762216,19.32993965513301,0.09880627096877341
Coyoacán,Sur,123.989716491878,0.968561174700183,11282.758620689656,3625.0,-99.1152138655042,19.32631934487036,0.11423344546104969
Coyoacán,Sur,123.335394987542,0.963449860449269,125460.12269938651,326.0,-99.18502680011568,19.321505233401503,0.2750287309747857
Coyoacán,Sur,125.616016076036,0.981265217262851,40777.66699900299,1003.0,-99.1390295856968,19.334240060761903,0.13040038870061682
Coyoacán,Sur,122.850681978193,0.959663464165688,13121.591273660571,3117.0,-99.137971821816,19.32828670424724,0.11891036779353449
Coyoacán,Sur,121.955681538883,0.952672056318472,6276.856967464703,6516.0,-99.16548476739958,19.313233968493783,0.1212203420220168
Coyoacán,Sur,124.879133620711,0.975508967819438,16472.009665726946,2483.0,-99.16591991019877,19.30477625741652,0.0998159030364773
Coyoacán,Sur,125.026553466281,0.976660556377263,10615.10511289904,3853.0,-99.17863318570956,19.337969657202727,0.14585096016602817
Coyoacán,Sur,125.353387442095,0.979213660848362,16373.098478783028,2498.0,-99.16937479431762,19.30740977117836,0.16233937648195176
Coyoacán,Sur,123.770431140152,0.966848199754586,18839.24458774758,2171.0,-99.1650967670938,19.348269306623195,0.15640166331165936
Coyoacán,Sur,123.393796351933,0.963906070010028,22684.41486411536,1803.0,-99.17060351844854,19.3482682158257,0.1826343619263003
Coyoacán,Sur,124.221306062563,0.97037026559076,20687.910976226605,1977.0,-99.18706276390624,19.340274684265964,0.1378131401824602
Coyoacán,Sur,125.537379842916,0.980650940494754,57605.633802816905,710.0,-99.18252164008432,19.3441408380137,0.11405523863164076
Coyoacán,Sur,124.962218165965,0.97615799313402,14498.404820985466,2821.0,-99.16717885449036,19.308599706629835,0.15165113911332465
Coyoacán,Sur,125.586460899133,0.981034343302744,25951.776649746196,1576.0,-99.18117310376482,19.337576891293168,0.14042646303135428
Coyoacán,Sur,123.773169164735,0.966869588175993,8075.02467917078,5065.0,-99.15430567477156,19.346450811693003,0.12983982465140423
Coyoacán,Sur,124.57833979226,0.973159279215656,10500.641848523748,3895.0,-99.15263108386672,19.35080044691455,0.132879191487614
Coyoacán,Sur,119.335505678174,0.932204224942024,10039.273441335296,4074.0,-99.11595552767412,19.340234660787857,0.08277993100855865
Coyoacán,Sur,122.428394488204,0.956364712632598,3188.5865751929523,12827.0,-99.15322678048936,19.33090474302716,0.13603683440919434
Coyoacán,Sur,123.656782164737,0.96596041657187,6219.586374695864,6576.0,-99.15236098119696,19.33705180614476,0.12807859599481033
Coyoacán,Sur,125.670882240249,0.981693811165354,63410.85271317829,645.0,-99.13314463295475,19.314882273256263,0.11775640084848861
Coyoacán,Sur,124.583953981293,0.97320313515532,8729.98932764141,4685.0,-99.13235377002404,19.3296625678971,0.11828961087359186
Coyoacán,Sur,125.420363143768,0.979736849916977,16346.922462030376,2502.0,-99.13498156357475,19.335418897429385,0.11179039774285095
Coyoacán,Sur,124.076870110476,0.969241986090003,11763.01409260857,3477.0,-99.13059534796098,19.33459100551176,0.09745040178656322
Coyoacán,Sur,124.137871717204,0.969718507768922,17055.8798999166,2398.0,-99.13765825810329,19.33873394113825,0.1190393535978425
Coyoacán,Sur,122.986576880767,0.960725024190158,13534.083388484449,3022.0,-99.13030107778886,19.34062505114939,0.12009991787449462
Coyoacán,Sur,125.953285716903,0.983899841236448,54244.03183023872,754.0,-99.17271165347536,19.30351424740566,0.10490514566741962
Coyoacán,Sur,125.140631099977,0.977551688077739,35534.31798436143,1151.0,-99.17030327801707,19.304442960476845,0.1261600131298456
Coyoacán,Sur,125.739592469291,0.982230549711406,12902.208201892743,3170.0,-99.17516225239328,19.3046774622978,0.14895626553653923
Coyoacán,Sur,122.314168255131,0.955472420129498,3875.307940117491,10554.0,-99.1719167192076,19.32932123827742,0.08160045446987729
Coyoacán,Sur,123.745100817935,0.96665032877515,8908.734480505336,4591.0,-99.1756394733892,19.33299499569402,0.11290245803846478
Coyoacán,Sur,124.987456147202,0.976355142780341,9641.678453559642,4242.0,-99.13774854552788,19.31141611413882,0.12314432468689789
Coyoacán,Sur,122.230545763065,0.954819192576132,10235.235235235235,3996.0,-99.13082660843604,19.31154164188461,0.11330079894073719
Coyoacán,Sur,118.936565953613,0.929087857398102,11295.222314277824,3621.0,-99.11281095676358,19.332237133644927,0.15813087674350998
Coyoacán,Sur,120.520802174315,0.941463316737314,5328.295987493486,7676.0,-99.12016029737973,19.33522885602236,0.08496064738713045
Cuajimalpa de Morelos,Sur,123.120094568892,0.961768014306697,2579.5489650911336,6474.0,-99.25908335305382,19.38785260928548,0.1601523158773879
Cuajimalpa de Morelos,Sur,122.941977363435,0.960376629483561,3880.111524163569,4304.0,-99.2730479202034,19.372481258278835,0.26380782364725264
Cuajimalpa de Morelos,Sur,122.53378039877,0.957187947850994,1520.393299344501,10984.0,-99.2564760892458,19.38392674257288,0.15497749597538696
Cuajimalpa de Morelos,Sur,120.986572558037,0.945101740332127,3957.345971563981,4220.0,-99.2922219766891,19.32881641668533,0.24665083765552256
Cuajimalpa de Morelos,Sur,122.252385014677,0.954989792620998,1797.2449418854928,9292.0,-99.26559832505,19.389542024441923,0.25764682431246183
Cuajimalpa de Morelos,Sur,124.111094863178,0.969509337025377,2326.2292798439894,7179.0,-99.28844955213376,19.35907538986901,0.12532121753404799
Cuajimalpa de Morelos,Sur,120.653652614889,0.942501094566172,3533.6436732966567,4726.0,-99.28525603401334,19.375238705604165,0.0784876739704759
Cuajimalpa de Morelos,Sur,121.67762897658,0.95050001395889,2585.5395572069983,6459.0,-99.28989940428744,19.3724441949416,0.12452211312353985
Cuajimalpa de Morelos,Sur,122.111184123444,0.953886784202629,4779.622209502003,3494.0,-99.288581941628,19.36861037994292,0.08245409445816879
Cuajimalpa de Morelos,Sur,121.880027851817,0.952081078081821,3647.881170816951,4578.0,-99.28641653742176,19.37078619795285,0.08372425734737693
Cuajimalpa de Morelos,Sur,123.134318418334,0.961879125685239,2605.710719300983,6409.0,-99.28685430386189,19.36474987164385,0.07861971733210663
Cuajimalpa de Morelos,Sur,121.093273626878,0.94593524907384,5861.705861705862,2849.0,-99.29169771332434,19.367701408263567,0.09505952865893169
Cuajimalpa de Morelos,Sur,124.088003644466,0.969328957082961,3980.929678188319,4195.0,-99.2946899533176,19.365459265306207,0.1347408456880823
Cuajimalpa de Morelos,Sur,123.191812347848,0.962328246704978,1585.4932118105005,10533.0,-99.29769204287614,19.36149761783195,0.1515909450981527
Cuajimalpa de Morelos,Sur,120.331814068967,0.939987012520325,2139.9282419272167,7804.0,-99.31013686086324,19.34828143801396,0.18220620776745966
Cuajimalpa de Morelos,Sur,122.958400965085,0.960504924501541,3379.882614855293,4941.0,-99.28641628900095,19.35561514563085,0.15260716067837365
Cuajimalpa de Morelos,Sur,126.057855312304,0.984716699706859,1143.130946676706,14609.0,-99.27320191017672,19.35914237624195,0.08692336423289919
Cuajimalpa de Morelos,Sur,122.499219270671,0.95691796927714,2570.417115591812,6497.0,-99.30299726282618,19.34540732785545,0.24895105212873242
Cuajimalpa de Morelos,Sur,122.280792124133,0.955211698308681,2693.548387096774,6200.0,-99.29106520026272,19.34936006802996,0.221093442684746
Cuajimalpa de Morelos,Sur,118.471260520256,0.925453065821207,5670.628183361629,2945.0,-99.28907507433696,19.34122526798109,0.2709803120785582
Cuajimalpa de Morelos,Sur,120.576168680856,0.941895819126479,2174.196068220284,7681.0,-99.27906403152964,19.340751869032108,0.17538767324939755
Cuajimalpa de Morelos,Sur,121.731981573742,0.950924596068155,1178.546224417784,14170.0,-99.27039880392564,19.34892699595268,0.2649370029109874
Cuajimalpa de Morelos,Sur,122.363725016665,0.955859538969063,1419.2232514659645,11767.0,-99.3021399877033,19.35455955372037,0.0991311477114034
Cuajimalpa de Morelos,Sur,121.426536576538,0.948538574278056,2234.412630452234,7474.0,-99.30510235820584,19.361250098883385,0.25964469571907295
Cuajimalpa de Morelos,Sur,120.044350559397,0.937741455369378,1883.3878425623095,8867.0,-99.3189743631256,19.35386253659969,0.17958325871684455
Cuajimalpa de Morelos,Sur,121.566649845337,0.949633086597774,27879.799666110182,599.0,-99.31972340098626,19.3470942100835,0.2966235592626883
Cuajimalpa de Morelos,Sur,122.744941485338,0.958837459083403,5235.1097178683385,3190.0,-99.28100471505,19.370600856735805,0.15110409312426692
Cuajimalpa de Morelos,Sur,121.321546873472,0.947718434084093,3926.640018810251,4253.0,-99.27935187601815,19.378663105964566,0.27714117743354255
Cuajimalpa de Morelos,Sur,119.246969506749,0.931512613567915,1106.913236561278,15087.0,-99.33195700887087,19.313320659296448,0.1841755921388391
Cuajimalpa de Morelos,Sur,119.747226057483,0.935420430168666,11810.46676096181,1414.0,-99.32546968142584,19.33871333103229,0.29842674604989516
Cuajimalpa de Morelos,Sur,121.608331369814,0.949958687038306,1750.3406351535475,9541.0,-99.32649945147864,19.33050400322608,0.16645366127207642
Gustavo A. Madero,Norte,117.867638507223,0.920737796986341,16086.806751636235,5806.0,-99.12981464007956,19.540708836761965,0.2218180935331222
Gustavo A. Madero,Norte,124.261354017779,0.97068310520074,7929.365820528059,11779.0,-99.1722033938496,19.527376562702464,0.07273911738191337
Gustavo A. Madero,Norte,121.418134660013,0.948472941656499,12011.316872427984,7776.0,-99.08254311062272,19.504271047693585,0.0653187408565349
Gustavo A. Madero,Norte,122.330569986664,0.95560054430633,21710.832171083217,4302.0,-99.16310472935189,19.520856722474484,0.06729477569244723
Gustavo A. Madero,Norte,122.217506776362,0.954717336901042,25843.94023242944,3614.0,-99.09963176860128,19.45161013730851,0.07848929946540067
Gustavo A. Madero,Norte,122.956490006011,0.96048999680578,29233.176838810643,3195.0,-99.15509483715331,19.52897217629529,0.12126802477720854
Gustavo A. Madero,Norte,122.504188760581,0.95695678906898,25456.52766421368,3669.0,-99.1678474128294,19.5228137231353,0.06805078133901393
Gustavo A. Madero,Norte,119.966304349821,0.937131787643964,21436.768418636675,4357.0,-99.07670941973036,19.50121194548945,0.06546803124682797
Gustavo A. Madero,Norte,120.687706308099,0.942767109248934,26023.96210643633,3589.0,-99.06543618758177,19.477929166677683,0.054486178363606884
Gustavo A. Madero,Norte,125.261545426392,0.978496225458291,37019.42132382085,2523.0,-99.15647266921948,19.50491600993424,0.10404231082467841
Gustavo A. Madero,Norte,121.206352822963,0.946818581354072,18553.83392928089,5034.0,-99.13681768982369,19.466664288012662,0.05331806035491463
Gustavo A. Madero,Norte,121.703609377975,0.950702963113115,13238.8377037562,7055.0,-99.10479577952432,19.45348784668478,0.059146847869658487
Gustavo A. Madero,Norte,123.520311250331,0.96489435695895,29528.928232690483,3163.0,-99.05432365391172,19.45358144537265,0.07072039179934266
Gustavo A. Madero,Norte,120.756581651424,0.94330513760585,18157.076205287714,5144.0,-99.0666364594402,19.482545135891392,0.04703196822903587
Gustavo A. Madero,Norte,122.583037847428,0.957572728570595,20255.909780958576,4611.0,-99.12575212491336,19.464604217956868,0.06554311947364765
Gustavo A. Madero,Norte,121.823851874706,0.951642252412084,20838.911200356983,4482.0,-99.15079476604322,19.54176579725968,0.06595585956393674
Gustavo A. Madero,Norte,120.824664873662,0.943836978209846,18747.49096748294,4982.0,-99.0665168101212,19.496367347505554,0.052705132216022264
Gustavo A. Madero,Norte,125.640488713291,0.981456388328956,21565.45832371277,4331.0,-99.15661529558524,19.51057148812916,0.05017830572096161
Gustavo A. Madero,Norte,120.161808193459,0.93865899036537,16311.56129933636,5726.0,-99.13997066441397,19.57069976906151,0.19561132982063265
Gustavo A. Madero,Norte,123.080936532205,0.961462126406586,32543.55400696864,2870.0,-99.11913443962683,19.46051242190176,0.0677937280639144
Gustavo A. Madero,Norte,120.149976008274,0.938566561771235,19108.019639934533,4888.0,-99.1432982784948,19.56581430816835,0.13462502250177766
Gustavo A. Madero,Norte,120.385160646841,0.940403735984126,16847.041847041848,5544.0,-99.14667083810409,19.5616451352412,0.13198501157712197
Gustavo A. Madero,Norte,123.971997245481,0.968422758591244,43644.85981308411,2140.0,-99.10221981289187,19.5090053024235,0.08929541875385376
Gustavo A. Madero,Norte,120.970613874447,0.944977077079708,14943.999999999998,6250.0,-99.15980146975404,19.52447630093859,0.06814810956595199
Gustavo A. Madero,Norte,124.540750241164,0.972865643736879,16437.873988032385,5682.0,-99.1497064534124,19.52373403816075,0.14199829161527944
Gustavo A. Madero,Norte,120.926383173856,0.944631563431204,17982.28725452445,5194.0,-99.1347918869826,19.51942079192446,0.12073380109240818
Gustavo A. Madero,Norte,120.933732976046,0.944688977330067,24348.27945776851,3836.0,-99.0691613800852,19.49091074433779,0.04641947356069941
Gustavo A. Madero,Norte,122.868030784333,0.959798986534232,25498.225498225496,3663.0,-99.14322515837026,19.47579413529216,0.06198858389445153
Gustavo A. Madero,Norte,123.135440195231,0.961887888585737,31071.19095143047,3006.0,-99.14209582118828,19.473086267529684,0.06242141585993619
Gustavo A. Madero,Norte,122.331042569424,0.955604235945654,15895.166780122532,5876.0,-99.14125722525064,19.469397604291377,0.05857126771044679
Gustavo A. Madero,Norte,121.619804925778,0.950048314155434,16810.655147588193,5556.0,-99.12979548043964,19.46459790631,0.0644749956493754
Gustavo A. Madero,Norte,122.568042435929,0.957455590038564,18561.20826709062,5032.0,-99.11096161374172,19.45533824894833,0.06787595039297044
Gustavo A. Madero,Norte,122.557728462915,0.95737502114865,32008.22481151473,2918.0,-99.0755582517332,19.450960757317905,0.11828752021085318
Gustavo A. Madero,Norte,121.746032519273,0.951034356786178,15123.056994818651,6176.0,-99.05484688714084,19.4494539260957,0.07507370632504727
Gustavo A. Madero,Norte,120.433405436262,0.94078060618947,23216.50509569973,4023.0,-99.06935158279148,19.49931380446287,0.06447569594000359
Gustavo A. Madero,Norte,123.140617681385,0.961928333166253,35513.307984790874,2630.0,-99.05555020171452,19.45689542438867,0.07799685790443486
Gustavo A. Madero,Norte,122.906687347842,0.960100957113904,28251.66364186328,3306.0,-99.09175801727224,19.453829988815688,0.08537684139406691
Gustavo A. Madero,Norte,122.875073340581,0.959854000343002,22002.35571260306,4245.0,-99.09785549365758,19.454080926895653,0.07378262853024674
Gustavo A. Madero,Norte,121.478580227434,0.948945119764842,38803.48982135438,2407.0,-99.06960614157704,19.44856958067082,0.1200159095016149
Gustavo A. Madero,Norte,120.401978592611,0.940535111470507,17379.977670264234,5374.0,-99.0616656736164,19.447026392310928,0.07520518893862864
Gustavo A. Madero,Norte,122.802681437237,0.959288501937773,121932.11488250652,766.0,-99.1525029071732,19.495907136041364,0.07407211982840256
Gustavo A. Madero,Norte,121.867911685079,0.951986431130283,26309.859154929574,3550.0,-99.07116677174687,19.477749391734605,0.07149245297315705
Gustavo A. Madero,Norte,121.41863760758,0.948476870494308,27080.31313424181,3449.0,-99.07018022536325,19.45224224331673,0.08847084371272111
Gustavo A. Madero,Norte,121.165241131923,0.946497432238697,21904.315196998123,4264.0,-99.1493481668479,19.5563951508482,0.10848071137201601
Gustavo A. Madero,Norte,120.263168997828,0.939450782963387,18317.31712100412,5099.0,-99.130263279306,19.54536423318577,0.0840234820132808
Gustavo A. Madero,Norte,124.017576699612,0.968778808196682,25498.225498225496,3663.0,-99.1477780309926,19.531465272107337,0.13068504139664983
Gustavo A. Madero,Norte,125.015969771961,0.976577880525641,42224.23146473779,2212.0,-99.14601356965682,19.524670732131828,0.13917430789106225
Gustavo A. Madero,Norte,124.77236201962,0.974674908106235,50323.27586206896,1856.0,-99.1537414631345,19.500725693744453,0.09053103514477677
Gustavo A. Madero,Norte,120.892291845954,0.944365254760338,21976.470588235294,4250.0,-99.07968632231686,19.497015013693908,0.06742838329484303
Gustavo A. Madero,Norte,118.979135649017,0.929420395896885,15103.492884864168,6184.0,-99.07542252402784,19.49520569764689,0.051166873599313385
Gustavo A. Madero,Norte,121.300764548642,0.947556090354956,23651.55735629273,3949.0,-99.070326010951,19.494109716020727,0.0515696886317496
Gustavo A. Madero,Norte,123.425892809212,0.964156795499569,38388.820386354295,2433.0,-99.1369201206642,19.490078850641968,0.06178312007301017
Gustavo A. Madero,Norte,124.760374286715,0.97458126443164,30552.829571475304,3057.0,-99.13927621152696,19.48745629267701,0.08124480835580826
Gustavo A. Madero,Norte,121.546633983047,0.949476730186607,15266.426936907488,6118.0,-99.1109313253422,19.489563475664674,0.08955774834046136
Gustavo A. Madero,Norte,121.200311478689,0.94677138863784,14984.758543237604,6233.0,-99.08878051479684,19.49262659089785,0.05660744539441195
Gustavo A. Madero,Norte,121.463625954301,0.948828302590303,19880.80034057045,4698.0,-99.08305856002488,19.4926815018122,0.06775365376104568
Gustavo A. Madero,Norte,120.535102288595,0.941575023868173,25617.114646187605,3646.0,-99.07349666793976,19.49166453521224,0.0490232455626579
Gustavo A. Madero,Norte,120.534726222279,0.941572086179121,1531147.5409836066,61.0,-99.1458224993726,19.48322448369295,0.09759465334593244
Gustavo A. Madero,Norte,121.397611322813,0.948312621041614,11718.946047678795,7970.0,-99.11054942963456,19.485007406494343,0.10019451344613466
Gustavo A. Madero,Norte,121.250825354262,0.947165984093396,13340.951292672476,7001.0,-99.1050837855376,19.48684307907159,0.058645028425834765
Gustavo A. Madero,Norte,123.006342255868,0.960879423889322,42224.23146473779,2212.0,-99.09025118977358,19.4892549696112,0.07918733394981842
Gustavo A. Madero,Norte,121.846748032225,0.951821108609595,35895.465026902384,2602.0,-99.08458737803508,19.489167972824383,0.0896722255669014
Gustavo A. Madero,Norte,122.014139045813,0.953128704443686,15025.740025740026,6216.0,-99.07658202442528,19.48689007789324,0.05202777855061301
Gustavo A. Madero,Norte,121.593888987793,0.949845868565198,15071.808939809584,6197.0,-99.07179876686098,19.487618309892845,0.051068765446766855
Gustavo A. Madero,Norte,122.013075960433,0.953120400019312,17128.186319457178,5453.0,-99.14425843667092,19.480760958677465,0.07103595389493221
Gustavo A. Madero,Norte,121.845590119517,0.951812063429683,31102.231102231104,3003.0,-99.137530811545,19.476686428634554,0.060962736375400464
Gustavo A. Madero,Norte,124.030859656228,0.968882569673262,41696.42857142857,2240.0,-99.12318347863244,19.48163623698713,0.08480218880394262
Gustavo A. Madero,Norte,121.727331426786,0.950888270863733,29006.211180124224,3220.0,-99.10367156109103,19.48412018349918,0.07228257323125399
Gustavo A. Madero,Norte,122.408773785024,0.956211443056231,33038.556773965334,2827.0,-99.10120528545356,19.48437889596554,0.06682085984947884
Gustavo A. Madero,Norte,122.490895280209,0.956852945384774,17071.833302869676,5471.0,-99.08024370554824,19.48397144059186,0.057715844102858134
Gustavo A. Madero,Norte,121.778897578007,0.951291086302098,20051.52425933877,4658.0,-99.07328235315896,19.48394333836687,0.05169455659221176
Gustavo A. Madero,Norte,124.37413887457,0.971564138212767,21431.84947223497,4358.0,-99.1293956996517,19.474528191493004,0.07925511907355799
Gustavo A. Madero,Norte,123.222569553796,0.962568510465282,29196.623944982806,3199.0,-99.12747914265807,19.47409960751671,0.07142476748977955
Gustavo A. Madero,Norte,124.071987770311,0.969203847079296,26762.1776504298,3490.0,-99.1257517908711,19.47339968348959,0.06594628889874564
Gustavo A. Madero,Norte,123.79627449986,0.967050078390537,37859.74868261046,2467.0,-99.12413024752932,19.47283698951067,0.0674925274587278
Gustavo A. Madero,Norte,123.929172691573,0.968088229233389,146624.80376766092,637.0,-99.10902588452346,19.477199151787524,0.04558030202592249
Gustavo A. Madero,Norte,121.033673879404,0.945469678193781,124367.50998668442,751.0,-99.0835425392337,19.45317375423109,0.11781707362247457
Gustavo A. Madero,Norte,122.022046538191,0.953190474809196,12526.824034334762,7456.0,-99.08056835192988,19.48008618670508,0.05325523789552394
Gustavo A. Madero,Norte,121.981384240572,0.952872836186714,21515.77977424557,4341.0,-99.07358640603226,19.480607890504288,0.06848000536605313
Gustavo A. Madero,Norte,120.807073273479,0.94369955922527,26354.40180586908,3544.0,-99.06885579190886,19.479347408125847,0.0539969523878249
Gustavo A. Madero,Norte,123.874454348169,0.967660790051619,30304.99675535367,3082.0,-99.11497485653535,19.47450879408864,0.06683766301642481
Gustavo A. Madero,Norte,123.290296361602,0.963097566893377,33975.99126955256,2749.0,-99.11820859314578,19.473495492364723,0.06643737008312181
Gustavo A. Madero,Norte,120.572347198558,0.941865967139646,9315.77897466587,10026.0,-99.13515339236884,19.55721740623905,0.09314333704391843
Gustavo A. Madero,Norte,124.283715130028,0.970857781825225,60926.28832354859,1533.0,-99.15067365289607,19.49632071375272,0.1468581944936208
Gustavo A. Madero,Norte,122.599244192668,0.957699326462957,31704.005431093006,2946.0,-99.10690214779848,19.462449298649734,0.07737931946593343
Gustavo A. Madero,Norte,122.616220502439,0.957831939029547,23141.724479682853,4036.0,-99.10137480428044,19.462496350727285,0.06547197013677636
Gustavo A. Madero,Norte,121.628156295642,0.950113551925426,25401.142235518088,3677.0,-99.10220813628676,19.46021351530292,0.06289809637114442
Gustavo A. Madero,Norte,123.51137178355,0.964824525196351,33238.43416370107,2810.0,-99.09289933245536,19.462894937355337,0.08922871285628291
Gustavo A. Madero,Norte,123.499007826964,0.964727942603423,30070.830650354157,3106.0,-99.08913580993354,19.463495345053847,0.08751801693507712
Gustavo A. Madero,Norte,120.067426875221,0.937921718896017,21164.74053931566,4413.0,-99.11624258860212,19.463365602425664,0.06243984943624714
Gustavo A. Madero,Norte,122.153606314135,0.954218170449906,21121.66440524649,4422.0,-99.11107597484477,19.4587832171132,0.05582148661493455
Gustavo A. Madero,Norte,119.043610109247,0.929924046205198,17635.951661631418,5296.0,-99.10355976297502,19.457372273030128,0.06456627319770133
Gustavo A. Madero,Norte,122.378531990371,0.955975205495711,23367.525644233174,3997.0,-99.09488184508986,19.457206401864774,0.09175731991818192
Gustavo A. Madero,Norte,123.729955562355,0.966532019717346,31279.303415941056,2986.0,-99.06387648327588,19.458315030073773,0.07717481094954055
Gustavo A. Madero,Norte,122.99773785057,0.960812209501397,21863.295880149813,4272.0,-99.148235365126,19.52886337203891,0.12590005836980697
Gustavo A. Madero,Norte,125.248803091637,0.978396687116986,115024.63054187191,812.0,-99.15226507348792,19.50240650843799,0.13536145106271144
Gustavo A. Madero,Norte,122.307016496079,0.955416553269369,15835.876568328247,5898.0,-99.07521666972642,19.471128877590964,0.10875879743028787
Gustavo A. Madero,Norte,120.062750958426,0.937885192387277,16455.25017618041,5676.0,-99.10014818781735,19.498499180229445,0.07237090731309616
Gustavo A. Madero,Norte,124.512182352841,0.972642482104967,30916.914928831517,3021.0,-99.15335160860842,19.50596525313785,0.12022899902704606
Gustavo A. Madero,Norte,123.939163924438,0.968166276998265,74899.75942261428,1247.0,-99.1310709456608,19.490562024442944,0.08785279518805347
Gustavo A. Madero,Norte,125.115789721763,0.977357636545529,51946.60734149055,1798.0,-99.12455686076504,19.490288151945308,0.1077753676886089
Gustavo A. Madero,Norte,124.101711166985,0.96943603510918,36399.064692127824,2566.0,-99.141085148756,19.49449705726971,0.11026922992242276
Gustavo A. Madero,Norte,124.880319548687,0.975518231844122,50705.754614549405,1842.0,-99.13584075481546,19.493136398885337,0.08552160776679434
Gustavo A. Madero,Norte,122.291699600124,0.955296903421316,23651.55735629273,3949.0,-99.06771906178064,19.4748022615535,0.06341951292296469
Gustavo A. Madero,Norte,122.519030478865,0.957072727007243,31618.144888287068,2954.0,-99.08601741975173,19.472479343347786,0.06853355231624744
Gustavo A. Madero,Norte,121.781518842148,0.95131156263471,29214.8889583985,3197.0,-99.10866023016396,19.45964428606986,0.06534863606523036
Gustavo A. Madero,Norte,121.75452627341,0.951100706808725,19804.919423240037,4716.0,-99.15342743527532,19.55103822334596,0.08139149210366796
Gustavo A. Madero,Norte,121.366574734541,0.948070174851351,11773.603932938358,7933.0,-99.13428766837885,19.54441500082073,0.09404946042530984
Gustavo A. Madero,Norte,121.720626339245,0.950835893233963,21121.66440524649,4422.0,-99.14750222529663,19.53968189505613,0.0669510266255452
Gustavo A. Madero,Norte,122.412566319001,0.956241068909631,16822.76657060519,5552.0,-99.14320740795446,19.54063858575161,0.08261055588953783
Gustavo A. Madero,Norte,123.921541502443,0.968028617245254,44667.6231468197,2091.0,-99.15342357328426,19.534418669990657,0.19995179885349956
Gustavo A. Madero,Norte,122.359554499751,0.955826960454688,30957.905203844875,3017.0,-99.14959496733564,19.53744440297039,0.11311667960559861
Gustavo A. Madero,Norte,122.733604598156,0.958748899571559,35112.78195488722,2660.0,-99.13385863103338,19.51539950394313,0.07052794086356175
Gustavo A. Madero,Norte,123.800369938853,0.96708207042434,32195.79455360221,2901.0,-99.12796894450528,19.49515244147804,0.1277121704538904
Gustavo A. Madero,Norte,123.758359082604,0.966753897367493,29528.928232690483,3163.0,-99.12473291987592,19.508079522004792,0.10271922611374028
Gustavo A. Madero,Norte,122.205089154138,0.954620335092271,20103.314679294017,4646.0,-99.12129444850994,19.506963524652832,0.11762448316853569
Gustavo A. Madero,Norte,124.198999077386,0.970196011786673,51318.68131868132,1820.0,-99.12620424949372,19.505185295383587,0.09510524694686827
Gustavo A. Madero,Norte,125.225745859376,0.978216572663985,125033.4672021419,747.0,-99.13028135500257,19.50399395232532,0.1337979138305519
Gustavo A. Madero,Norte,124.990609186183,0.976379773138614,133619.4563662375,699.0,-99.12884268359178,19.50347552878144,0.11521684605471136
Gustavo A. Madero,Norte,124.255319447015,0.970635965396621,34708.28688219992,2691.0,-99.12448258697584,19.50207569426952,0.08968956460939598
Gustavo A. Madero,Norte,123.29795169946,0.963157367522312,33097.094259390506,2822.0,-99.14305566353951,19.49051260576994,0.08016443802045549
Gustavo A. Madero,Norte,121.031475310177,0.945452503795345,16170.360110803324,5776.0,-99.09867331255988,19.504087482257106,0.08525271557549746
Gustavo A. Madero,Norte,124.611707501928,0.973419935252199,29389.55317809943,3178.0,-99.13024276513502,19.49882651076077,0.10130339293408637
Gustavo A. Madero,Norte,124.482409928304,0.972409911087795,40555.79678679982,2303.0,-99.12408868199888,19.49578949334954,0.08927083856166661
Gustavo A. Madero,Norte,122.814672088998,0.959382168413379,34439.52802359882,2712.0,-99.11024794264848,19.500664878846774,0.13946785173369597
Gustavo A. Madero,Norte,120.644364581729,0.942428539933718,21193.55570683004,4407.0,-99.09842410488896,19.50115433831292,0.0652100958525474
Gustavo A. Madero,Norte,121.572577306557,0.949679389702296,24386.422976501308,3830.0,-99.0910729797071,19.50378908055402,0.06683627321947021
Gustavo A. Madero,Norte,124.445042761571,0.972118012792275,23723.64744729489,3937.0,-99.1151903028343,19.467847869729688,0.06915115068698009
Gustavo A. Madero,Norte,122.52481998734,0.957117952476646,24663.32189067864,3787.0,-99.12046794700107,19.46877732351412,0.0818016785376413
Gustavo A. Madero,Norte,124.174567120214,0.970005158498121,28380.431479793377,3291.0,-99.12218619876664,19.465455601209715,0.08611517974889527
Gustavo A. Madero,Norte,121.673623106769,0.950468721605949,21451.538814882868,4354.0,-99.11131862512948,19.47221837215592,0.06525957287762893
Gustavo A. Madero,Norte,123.118214882593,0.961753330902126,23741.738688357906,3934.0,-99.1073236713005,19.470919003321512,0.07034846738781762
Gustavo A. Madero,Norte,122.696501493572,0.958459064030533,45516.569200779726,2052.0,-99.10356116996124,19.469815151882365,0.08361351147826902
Gustavo A. Madero,Norte,122.446338606028,0.95650488535281,24540.199684708357,3806.0,-99.1053333811011,19.466232707815347,0.08202541695175344
Gustavo A. Madero,Norte,122.620484916041,0.957865251029639,38044.806517311605,2455.0,-99.09802452885874,19.46675149266174,0.08711976255040306
Gustavo A. Madero,Norte,122.902745813564,0.960070167326021,15154.957001460329,6163.0,-99.08790318543396,19.477431168400063,0.05879021590806911
Gustavo A. Madero,Norte,122.238323594847,0.954879950081675,13571.636152281311,6882.0,-99.08158168121663,19.47588849292754,0.05259777849068018
Gustavo A. Madero,Norte,123.522617171435,0.964912369949992,21976.470588235294,4250.0,-99.06860722634438,19.470414969893334,0.0694206523065667
Gustavo A. Madero,Norte,121.752529706528,0.951085110376863,7760.053173811898,12036.0,-99.1411720024168,19.545223701283646,0.07673592184512225
Gustavo A. Madero,Norte,125.548024162887,0.980734089931229,62938.005390835584,1484.0,-99.1319958466716,19.504697608578542,0.1304970225879328
Gustavo A. Madero,Norte,122.276787693759,0.955180417200081,48874.93458922031,1911.0,-99.09460730494284,19.499292410073004,0.06971470805761378
Gustavo A. Madero,Norte,123.276985237754,0.962993585384943,42053.12922107159,2221.0,-99.1442839466126,19.536769104963003,0.22289599737881788
Gustavo A. Madero,Norte,123.359771917378,0.963640283884904,17810.83142639207,5244.0,-99.1443963942808,19.533176609382537,0.1444415128376134
Gustavo A. Madero,Norte,124.406741089203,0.971818814489128,46864.02408429503,1993.0,-99.14657728010816,19.533181821103057,0.13397503877312827
Gustavo A. Madero,Norte,122.420682439208,0.95630446899751,14336.147352264006,6515.0,-99.0761508804316,19.46827506517268,0.09070926017912817
Gustavo A. Madero,Norte,120.1242166689,0.938365339470633,33681.93292463037,2773.0,-99.0828817059408,19.45587125308016,0.08997876216367437
Gustavo A. Madero,Norte,124.326567486604,0.971192528367095,38563.17093311313,2422.0,-99.0669449948321,19.45674560523365,0.07883586622794374
Gustavo A. Madero,Norte,122.439620453884,0.956452405667259,21888.914928521208,4267.0,-99.08097556060784,19.47044896217694,0.07016759280343976
Gustavo A. Madero,Norte,114.984866420763,0.898218662356027,243229.16666666663,384.0,-99.0966389907467,19.46171857849572,0.16259462151380535
Gustavo A. Madero,Norte,122.615964427068,0.957829938664764,52857.95132993775,1767.0,-99.07115175560916,19.455327665299706,0.1484388498565895
Gustavo A. Madero,Norte,123.448679482833,0.964334796449924,35352.006056018174,2642.0,-99.06084718124794,19.45099640752745,0.08489607231823247
Gustavo A. Madero,Norte,124.196600822834,0.970177277521346,25053.648068669525,3728.0,-99.06408157918996,19.453631689432942,0.07657252935540138
Gustavo A. Madero,Norte,120.833258235893,0.943904106333472,14948.783610755445,6248.0,-99.13880748744712,19.561928744201943,0.08079198829509446
Gustavo A. Madero,Norte,120.021970036081,0.937566627112919,21131.22171945701,4420.0,-99.13594524893172,19.57467820087024,0.2235729788026108
Gustavo A. Madero,Norte,122.992750382841,0.96077324927357,39863.42296201451,2343.0,-99.08620112440111,19.485344133293985,0.09143760718131443
Gustavo A. Madero,Norte,124.170608178331,0.969974232728552,78093.64548494984,1196.0,-99.14749674403916,19.514579950552505,0.0316954989242757
Gustavo A. Madero,Norte,125.281652554257,0.978653294801912,31164.4978311645,2997.0,-99.14269023145498,19.511989242624,0.10023005785457134
Gustavo A. Madero,Norte,123.307396379202,0.963231145819134,32307.160152196477,2891.0,-99.09127524856645,19.483292395267007,0.10792469557651975
Gustavo A. Madero,Norte,120.559704028846,0.941767203438474,17277.099519052907,5406.0,-99.1311826384766,19.548237630761363,0.07399111818644592
Gustavo A. Madero,Norte,122.379852917483,0.955985524083016,18575.974542561653,5028.0,-99.15829790332182,19.518617832280896,0.060578610323723026
Gustavo A. Madero,Norte,120.384021309886,0.94039483591103,28174.96229260935,3315.0,-99.13653135354268,19.52194623831896,0.0849571318014768
Gustavo A. Madero,Norte,124.155187621988,0.969853773124413,19100.204498977502,4890.0,-99.14023203196992,19.51564160918377,0.13102854280641954
Gustavo A. Madero,Norte,123.938110741686,0.968158049929505,19061.22448979592,4900.0,-99.13660642341414,19.512666656381857,0.09740420171748455
Gustavo A. Madero,Norte,123.287632422433,0.963076757199442,21402.38313473877,4364.0,-99.08422009699706,19.4845951732495,0.08005871949977214
Gustavo A. Madero,Norte,122.555179035976,0.95735510598132,54876.61574618097,1702.0,-99.10549269700718,19.508683536983035,0.1034351742629386
Gustavo A. Madero,Norte,123.429386246352,0.964184084920629,25659.340659340654,3640.0,-99.14381032245564,19.525303741194566,0.11004460534154015
Gustavo A. Madero,Norte,121.751153921202,0.951074363257749,56985.96705308114,1639.0,-99.14129334910535,19.524629221536856,0.07448654560356516
Gustavo A. Madero,Norte,120.658313921644,0.942537506946761,16631.054131054134,5616.0,-99.13836477459596,19.524639997216656,0.07280686675296412
Gustavo A. Madero,Norte,122.402445670313,0.956162010196867,16078.498881046651,5809.0,-99.15467950544934,19.522485927187898,0.09407588396750702
Gustavo A. Madero,Norte,122.306655401354,0.955413732532773,30483.028720626637,3064.0,-99.165871663516,19.52654152539766,0.06532220762673772
Gustavo A. Madero,Norte,121.130664016724,0.946227328779611,16702.432045779686,5592.0,-99.07245315491345,19.498455796761533,0.049171374372044344
Gustavo A. Madero,Norte,122.338492263217,0.955662430160265,33718.41155234657,2770.0,-99.14786017125532,19.48611307711703,0.06469150600466372
Gustavo A. Madero,Norte,119.920942792321,0.936777440165311,27797.61904761905,3360.0,-99.07835157973074,19.491670041114546,0.05629127422712019
Gustavo A. Madero,Norte,121.244241212997,0.947114551250584,19696.330662167864,4742.0,-99.069048776525,19.48495525807765,0.04647549429601808
Gustavo A. Madero,Norte,122.095929254092,0.953767618883137,22825.024437927663,4092.0,-99.14445107670096,19.47823670688669,0.06593421090451715
Gustavo A. Madero,Norte,121.395684354167,0.948297568285081,54019.66454598034,1729.0,-99.1168385850211,19.48084593845435,0.06206294383251674
Gustavo A. Madero,Norte,122.685882911582,0.958376115649517,33003.53356890459,2830.0,-99.11374980678325,19.47938278538857,0.0685577140694107
Gustavo A. Madero,Norte,122.365394357546,0.955872579234094,21645.42294322132,4315.0,-99.10759151112612,19.48085980228663,0.045364842385014086
Gustavo A. Madero,Norte,123.782551532296,0.966942879713413,37921.23426715387,2463.0,-99.11753453067448,19.47715079943095,0.06719223927539054
Gustavo A. Madero,Norte,123.778624952837,0.966912206746969,59339.26302414231,1574.0,-99.13214999078905,19.51181982705777,0.11457630556474803
Gustavo A. Madero,Norte,122.363147151762,0.955855024905116,17682.695948504355,5282.0,-99.13285690312948,19.468875224116267,0.05733306195229738
Gustavo A. Madero,Norte,122.156333859495,0.95423947701155,21685.62804736476,4307.0,-99.06443913576378,19.471465246882538,0.06690299834267491
Gustavo A. Madero,Norte,122.870324494358,0.959816904136911,26800.57388809182,3485.0,-99.11529326050776,19.459194456874247,0.05946483354311215
Gustavo A. Madero,Norte,122.318982777614,0.955510029373914,34669.63622865627,2694.0,-99.11498428664808,19.4658155722629,0.060536512705082875
Gustavo A. Madero,Norte,122.82179800517,0.959437833398619,31164.4978311645,2997.0,-99.08652105397032,19.452548387381537,0.12250288734517108
Gustavo A. Madero,Norte,123.06159509003,0.961311038312486,28773.87553912508,3246.0,-99.0574080389015,19.452102885068367,0.08255094431437007
Gustavo A. Madero,Norte,123.773571519225,0.966872731218402,31143.71457152384,2999.0,-99.0952730675968,19.50530942916929,0.08467401378318942
Gustavo A. Madero,Norte,123.935819578172,0.968140152219216,37890.466531440165,2465.0,-99.09980154508996,19.51017334067739,0.07940973851880519
Gustavo A. Madero,Norte,123.829471154551,0.967309398209732,41659.2328278323,2242.0,-99.09725371322322,19.510945637091616,0.08413759237578033
Gustavo A. Madero,Norte,122.82143847881,0.9594350249135,43808.630393996245,2132.0,-99.0951382962768,19.50934191262008,0.08016740109904612
Gustavo A. Madero,Norte,122.248032422946,0.954955791806421,35992.29287090559,2595.0,-99.09282899985608,19.508258030146585,0.08074367266349607
Gustavo A. Madero,Norte,123.874007729802,0.967657301236399,38373.04847986853,2434.0,-99.0985241728581,19.50721573196749,0.0798625469073924
Gustavo A. Madero,Norte,123.909801786569,0.967936910986704,35895.465026902384,2602.0,-99.05866511764594,19.45547979553857,0.09827850787285591
Gustavo A. Madero,Norte,125.222660823694,0.978192473521979,48318.67563372995,1933.0,-99.14865602602433,19.494955117011543,0.14214180207482757
Gustavo A. Madero,Norte,124.277505731503,0.970809276332184,44223.48484848485,2112.0,-99.12796093617165,19.48697044374356,0.08341245360399771
Gustavo A. Madero,Norte,120.902824463073,0.944447531616016,18178.279486181396,5138.0,-99.08025864016604,19.48835315538369,0.05145984961057856
Gustavo A. Madero,Norte,124.535646932936,0.972825778606511,33572.96908698778,2782.0,-99.15165763524482,19.52794125140872,0.16117395650456134
Gustavo A. Madero,Norte,120.761026454384,0.943339858739974,24566.017885323512,3802.0,-99.14411806827368,19.528744289258466,0.07815883037022742
Gustavo A. Madero,Norte,122.598390542734,0.957692658069757,29622.581668252456,3153.0,-99.110769735698,19.46363369558401,0.060913715646058124
Gustavo A. Madero,Norte,124.396413614272,0.971738140127304,33877.40297424737,2757.0,-99.149470368544,19.52668461498006,0.14480109908106434
Gustavo A. Madero,Norte,125.381226637016,0.979431130200645,39210.74727120067,2382.0,-99.14730575725504,19.49212885945916,0.12980875917437276
Gustavo A. Madero,Norte,124.558007595731,0.973000451720025,48772.845953002616,1915.0,-99.14926180962811,19.49801224830105,0.16152935553224398
Gustavo A. Madero,Norte,122.728214093747,0.958706790972309,18739.967897271268,4984.0,-99.159836522475,19.515900534771177,0.07348975740040418
Gustavo A. Madero,Norte,121.138177447668,0.946286020884952,27502.94464075383,3396.0,-99.14183775998777,19.55613312110721,0.1437368661230135
Gustavo A. Madero,Norte,120.793469520139,0.943593291804975,21510.82450483648,4342.0,-99.15130406140432,19.55354209703961,0.08689991024371478
Gustavo A. Madero,Norte,120.955258872121,0.944857129558968,17916.746595050834,5213.0,-99.14466239596835,19.552130171172056,0.13003051546202551
Gustavo A. Madero,Norte,123.098816033143,0.961601794363912,32475.66063977747,2876.0,-99.09069663675186,19.47399398096892,0.07912650826086205
Gustavo A. Madero,Norte,121.510733450905,0.949196288690588,32218.0062090376,2899.0,-99.0896580700979,19.47189209881592,0.08053917930734311
Gustavo A. Madero,Norte,121.71081996059,0.950759289480863,11484.077216279356,8133.0,-99.13717480140114,19.550873762980803,0.09794154604581713
Gustavo A. Madero,Norte,123.645612377381,0.965873162381208,35112.78195488722,2660.0,-99.06464381108414,19.44956133283411,0.08829310099914715
Gustavo A. Madero,Norte,123.691955589376,0.966235178176706,34452.23164883807,2711.0,-99.0681924241357,19.4670435520066,0.08586254044065243
Gustavo A. Madero,Norte,123.122395405997,0.961785987583447,26556.72448109184,3517.0,-99.09037138494682,19.45889798527188,0.09133843763263366
Gustavo A. Madero,Norte,122.228723491728,0.954804957675718,43482.30912476723,2148.0,-99.1004528797324,19.46463084281224,0.08013767535227098
Gustavo A. Madero,Norte,122.333416248544,0.955622778236917,35298.56386999244,2646.0,-99.1008498562572,19.46789473812473,0.08007993117761951
Gustavo A. Madero,Norte,121.788572930896,0.951366666531048,20313.179643323183,4598.0,-99.0835296008826,19.47136068138662,0.06659573332006333
Gustavo A. Madero,Norte,121.074035431163,0.945784967502369,28588.919498010408,3267.0,-99.0864142095538,19.45746671342196,0.08943561477285944
Gustavo A. Madero,Norte,122.833895191261,0.959532332080457,28988.206083178156,3222.0,-99.06047503132608,19.4678987680958,0.07133976492038288
Gustavo A. Madero,Norte,123.388846900758,0.963867406753269,21069.253327317845,4433.0,-99.06199637865532,19.473175645771263,0.061879390048243436
Gustavo A. Madero,Norte,125.978755744481,0.984098803541782,594904.4585987261,157.0,-99.1209999658392,19.49828496929849,0.0748795172689251
Gustavo A. Madero,Norte,121.622504903757,0.950069405371036,42942.528735632186,2175.0,-99.11707360441758,19.498312060438217,0.08751851355030528
Gustavo A. Madero,Norte,123.429979435858,0.964188718694628,39177.852348993285,2384.0,-99.11266778419689,19.50263718421726,0.13473421031589605
Gustavo A. Madero,Norte,123.129795475179,0.961843794149206,39210.74727120067,2382.0,-99.12253260278852,19.4844354898717,0.10976089496512528
Gustavo A. Madero,Norte,123.694452933728,0.966254686494388,31289.782244556118,2985.0,-99.1185498764322,19.48082390237001,0.07342593924213821
Gustavo A. Madero,Norte,124.771683509747,0.974669607841523,53524.35530085959,1745.0,-99.12000293000052,19.48834094803489,0.09089162896069199
Gustavo A. Madero,Norte,122.016613613633,0.953148034839646,13715.124816446403,6810.0,-99.0964100750987,19.49337740137372,0.0548447436727516
Gustavo A. Madero,Norte,121.410957122654,0.948416873425907,19733.78406930065,4733.0,-99.0948486851774,19.49627352780325,0.05873966584824161
Gustavo A. Madero,Norte,121.951533400416,0.952639652616133,7088.646023072252,13176.0,-99.09657088083992,19.489859313141423,0.06552184107508238
Gustavo A. Madero,Norte,123.169328595005,0.962152612058157,90241.5458937198,1035.0,-99.0909367934337,19.48665946454297,0.0792238167327319
Gustavo A. Madero,Norte,123.058537017513,0.961287149796617,18766.325095439017,4977.0,-99.08632194617974,19.480628598167105,0.0569650188147407
Gustavo A. Madero,Norte,122.249726387599,0.954969024423129,30693.39467630628,3043.0,-99.08800238715207,19.48506635251468,0.09783290491721361
Gustavo A. Madero,Norte,119.018479170932,0.929727732738048,21625.37624450104,4319.0,-99.12676075211856,19.572483772401288,0.264017171328572
Gustavo A. Madero,Norte,120.472197786779,0.94108363748633,20774.021352313168,4496.0,-99.13351499894613,19.56391633223528,0.08840462106305513
Gustavo A. Madero,Norte,121.832616453056,0.951710718011835,45339.80582524272,2060.0,-99.08721904879864,19.4708181501608,0.076064397740239
Gustavo A. Madero,Norte,121.143964155722,0.946331224478517,14087.481146304675,6630.0,-99.09066436721902,19.46834058357434,0.08479630537802677
Gustavo A. Madero,Norte,121.658131017161,0.950347703210761,19369.556200746578,4822.0,-99.08385785359822,19.466626691417613,0.07583711787498625
Gustavo A. Madero,Norte,120.827440933256,0.943858663746503,19767.195767195768,4725.0,-99.11613535104148,19.50864131246817,0.3403825364053447
Gustavo A. Madero,Norte,120.118154141782,0.938317981281962,21446.61308840413,4355.0,-99.13488841754774,19.56879636158484,0.09911802064102906
Gustavo A. Madero,Norte,121.070853587089,0.945760112129512,16586.751909074766,5631.0,-99.13737076025576,19.56573944006066,0.08770896851457961
Gustavo A. Madero,Norte,123.358457643531,0.963630017270405,26031.215161649947,3588.0,-99.08737600647814,19.44911776555457,0.08729682311081709
Gustavo A. Madero,Norte,120.822579166923,0.94382068545085,20960.502692998205,4456.0,-99.15488113313435,19.548302561612665,0.08321952877769893
Gustavo A. Madero,Norte,120.305931942648,0.939784831054148,27657.684335208767,3377.0,-99.15527226509188,19.556087827444976,0.258614063413236
Gustavo A. Madero,Norte,121.144987917171,0.946339221719091,23222.277473893584,4022.0,-99.13950243721462,19.52939812829249,0.07416099505345236
Gustavo A. Madero,Norte,125.336642058482,0.97908285219034,42551.25284738041,2195.0,-99.13706893159558,19.5087594582292,0.129510307820711
Gustavo A. Madero,Norte,123.39002320928,0.963876595634376,30835.259161439422,3029.0,-99.13373563391583,19.50607741326805,0.11448098057828873
Gustavo A. Madero,Norte,120.512936240698,0.941401871013271,24215.711693025667,3857.0,-99.14256628609776,19.560405629458245,0.11188184339804563
Gustavo A. Madero,Norte,120.311453268945,0.939827961584929,28862.793572311497,3236.0,-99.1461807324679,19.55822907647294,0.09987876338012892
Gustavo A. Madero,Norte,125.644403300569,0.981486967616983,11991.269739376045,7789.0,-99.0955072642916,19.474941925944545,0.09236524991457927
Gustavo A. Madero,Norte,124.002733940925,0.968662862131185,20820.32991529202,4486.0,-99.09781187058933,19.47135975333676,0.07614646950286323
Gustavo A. Madero,Norte,123.511302181979,0.964823981494976,25915.64927857936,3604.0,-99.06158407445308,19.46524611808057,0.09146591171482718
Gustavo A. Madero,Norte,121.845559712595,0.951811825902215,92566.8979187314,1009.0,-99.07336048036146,19.460278945125207,0.1759097080860295
Gustavo A. Madero,Norte,120.841965419258,0.943972123585121,20064.446831364123,4655.0,-99.12947581145283,19.521747311575155,0.1177950499972595
Gustavo A. Madero,Norte,121.142335559935,0.946318502498879,19712.95905445336,4738.0,-99.13883956227336,19.53268909957993,0.07754455427125152
Gustavo A. Madero,Norte,121.235728317739,0.94704805170478,50026.78093197644,1867.0,-99.11739926712266,19.56634101156672,0.33584848935391065
Gustavo A. Madero,Norte,121.455528526034,0.948765048516848,28827.16049382716,3240.0,-99.12585008550737,19.56224355087573,0.12851645296473213
Gustavo A. Madero,Norte,121.198220078086,0.946755051400507,34477.66703580657,2709.0,-99.11714676899074,19.491587443827445,0.13700096963962968
Gustavo A. Madero,Norte,118.391499231566,0.924830000540831,38642.94580057923,2417.0,-99.13399882339242,19.52192216509507,0.11150061956566827
Gustavo A. Madero,Norte,121.68454676835,0.950554053154341,33681.93292463037,2773.0,-99.11266590550645,19.49706341602465,0.10036519652867762
Gustavo A. Madero,Norte,121.683302613578,0.950544334283766,31247.90899966544,2989.0,-99.11529264767148,19.494681589078844,0.08404846671931714
Gustavo A. Madero,Norte,119.180176786577,0.930990853882172,28191.97102324177,3313.0,-99.1317876501839,19.52939302803989,0.28331551847047515
Gustavo A. Madero,Norte,120.710771794338,0.94294728817892,12749.112749112748,7326.0,-99.12630529592488,19.55822150257705,0.07752168220398138
Gustavo A. Madero,Norte,121.024394548694,0.945397191541606,12657.541672313322,7379.0,-99.1394075290406,19.536004941499392,0.0814314354635297
Gustavo A. Madero,Norte,121.284021028024,0.947425296249946,14738.835411077796,6337.0,-99.13739186080971,19.540820014050027,0.07103951826025875
Gustavo A. Madero,Norte,118.818179443565,0.928163066371194,38231.68235775686,2443.0,-99.1348142707584,19.53678297022641,0.2283924404479826
Gustavo A. Madero,Norte,120.187558074182,0.938860138778536,16064.67148262814,5814.0,-99.12630969368333,19.54995669502445,0.0635404579426631
Gustavo A. Madero,Norte,119.577426858057,0.93409402248977,48519.48051948052,1925.0,-99.12059538609768,19.554949701349816,0.22110506314138256
Gustavo A. Madero,Norte,121.110875654558,0.94607274951411,13125.351320966836,7116.0,-99.12747967323146,19.554850585210435,0.07764508122756937
Gustavo A. Madero,Norte,121.403889346585,0.948361662609349,24228.27496757458,3855.0,-99.13019254585984,19.552592662640464,0.06580071689827174
Gustavo A. Madero,Norte,121.405745789535,0.948376164445593,21832.632071061245,4278.0,-99.13112025565384,19.550340596325487,0.06728240718070337
Gustavo A. Madero,Norte,120.478746464034,0.941134793297588,17012.750455373407,5490.0,-99.1047440738006,19.50615600701311,0.10388354809653894
Gustavo A. Madero,Norte,115.07480063418,0.898921194709979,16170.360110803324,5776.0,-99.1010065432944,19.49359776813317,0.1018376524152686
Gustavo A. Madero,Norte,121.477225780003,0.948934539329364,21456.46680450264,4353.0,-99.10734220854457,19.49086974780841,0.09104017848151019
Gustavo A. Madero,Norte,120.143681981656,0.938517395195271,25394.235997824904,3678.0,-99.10380926596798,19.49191308732191,0.0819647726251911
Gustavo A. Madero,Norte,115.140566717526,0.899434934693772,60102.9601029601,1554.0,-99.10667568361576,19.49800009458938,0.3318117043129262
Gustavo A. Madero,Norte,122.29835248277,0.955348873246014,20068.758057584877,4654.0,-99.15094288954432,19.51978664036909,0.08079270127770459
Gustavo A. Madero,Norte,122.323971011211,0.955548995584411,22931.50012275964,4073.0,-99.15481585276186,19.51855686473126,0.06740878825595079
Gustavo A. Madero,Norte,124.813995888076,0.975000136275795,11101.866159515035,8413.0,-99.09410674209435,19.48025810099136,0.11468804509857815
Gustavo A. Madero,Norte,123.314939989031,0.963290073670601,50188.07092960774,1861.0,-99.14779032420728,19.518702214741545,0.1614046607077022
Gustavo A. Madero,Norte,119.703711654782,0.9350805119707,20750.94423461453,4501.0,-99.09182167589252,19.50102791514117,0.07130433210912071
Gustavo A. Madero,Norte,120.978440808872,0.945038218156689,18575.974542561653,5028.0,-99.08874564352146,19.506330640596385,0.06234995586829334
Gustavo A. Madero,Norte,121.570877466776,0.949666111191288,11864.837398373984,7872.0,-99.08672608729222,19.49665970334112,0.05401609240407441
Gustavo A. Madero,Norte,122.654160522446,0.958128312240047,49946.52406417112,1870.0,-99.0917893451835,19.497704053451404,0.07283073169541689
Gustavo A. Madero,Norte,120.69527657395,0.942826245327259,11904.154983431048,7846.0,-99.08468890127877,19.50053260970377,0.05860240252692221
Gustavo A. Madero,Norte,121.057430899465,0.945655259126695,21050.259184133425,4437.0,-99.13430358475944,19.47706072359769,0.07690365715856455
Gustavo A. Madero,Norte,123.538819388305,0.965038935593089,32162.534435261707,2904.0,-99.14557404226936,19.496132846610745,0.10442716426278874
Gustavo A. Madero,Norte,123.640421377954,0.965832612240074,60258.06451612903,1550.0,-99.14863944023752,19.508099776963583,0.07634766084364158
Gustavo A. Madero,Norte,119.390853957505,0.932636584947059,21700.74349442379,4304.0,-99.13440807107769,19.57893675018913,0.315393205912798
Gustavo A. Madero,Norte,119.2478359262,0.931519381711796,21495.97238204833,4345.0,-99.12375495074532,19.58206579484977,0.3492594466122204
Gustavo A. Madero,Norte,118.159432404264,0.923017181500509,26354.40180586908,3544.0,-99.12286159296636,19.54865975020454,0.12247442398200065
Gustavo A. Madero,Norte,123.458573530767,0.964412085042562,22780.48780487805,4100.0,-99.09972277818038,19.48133125881622,0.076890918539367
Gustavo A. Madero,Norte,122.863868117442,0.959766469341296,18274.31031109372,5111.0,-99.09598927478211,19.486106722428136,0.06978867571101385
Gustavo A. Madero,Norte,121.696829671357,0.950650002587099,34187.40849194729,2732.0,-99.0981235199344,19.4841356813244,0.06624027997081997
Gustavo A. Madero,Norte,119.764723866622,0.935557116492775,19667.29837860602,4749.0,-99.12536391480656,19.5463153607072,0.07966066159226358
Gustavo A. Madero,Norte,122.78609610159,0.95915894351445,26002.227171492203,3592.0,-99.12972157828636,19.516517917396857,0.11106478174517917
Gustavo A. Madero,Norte,125.31608187624,0.978922243755803,85218.97810218978,1096.0,-99.12782061320246,19.51237618224032,0.23515061216429325
Gustavo A. Madero,Norte,124.430940500325,0.972007851215131,22625.968992248065,4128.0,-99.13239275879862,19.4742484605182,0.10940398930462426
Gustavo A. Madero,Norte,123.581571286108,0.965372897388694,27905.58709291903,3347.0,-99.12500985354797,19.47971740153807,0.07207622005649075
Gustavo A. Madero,Norte,118.532108100999,0.925928384306877,83318.4656556646,1121.0,-99.13532795834764,19.483299606492427,0.11406484686211066
Gustavo A. Madero,Norte,121.705285655993,0.950716057568467,23985.618900873134,3894.0,-99.130788125959,19.56136461969918,0.0882561581336544
Gustavo A. Madero,Norte,119.970983991451,0.937168343249729,16493.02489846371,5663.0,-99.1258089263418,19.56819040952338,0.09980685616389762
Gustavo A. Madero,Norte,120.028404243322,0.937616888727343,14561.895852821952,6414.0,-99.1301113467998,19.56680755501144,0.0815653288721005
Iztacalco,Centro,124.034762744618,0.968913059136284,2443.482443482444,10395.0,-99.07603328868156,19.403224556170155,0.04165518428534884
Iztacalco,Centro,123.283021195342,0.963040736022407,11062.717770034842,2296.0,-99.13309690155478,19.37928766486837,0.07926681747910966
Iztacalco,Centro,123.287394178083,0.963074896123913,4223.478550049884,6014.0,-99.06847826010667,19.41586633644618,0.05521303442773045
Iztacalco,Centro,122.986661048522,0.9607256816771,4927.25509214355,5155.0,-99.0637660403828,19.419416501425253,0.052359987522015095
Iztacalco,Centro,123.412656013136,0.964053394611825,9314.264759809314,2727.0,-99.10948222342714,19.3830698983505,0.10077921067140032
Iztacalco,Centro,123.684155465785,0.966174246535909,27370.689655172413,928.0,-99.06112801688144,19.3890111321617,0.07396751895698277
Iztacalco,Centro,122.906247333072,0.960097519883507,6481.245215616228,3919.0,-99.07115559035324,19.41328397433673,0.08710537441549446
Iztacalco,Centro,122.896239790656,0.96001934471453,3988.0672005024335,6369.0,-99.05842697921145,19.40716342584476,0.07331554402434007
Iztacalco,Centro,123.533275520978,0.964995628980224,4619.021640298236,5499.0,-99.06462083435432,19.40303709482527,0.0708740346211598
Iztacalco,Centro,121.325870817967,0.9477522111172,5902.858470834301,4303.0,-99.10411196651548,19.402262222606936,0.0522701557395454
Iztacalco,Centro,122.035261224211,0.953293702981474,10270.926000808737,2473.0,-99.0806549961017,19.4046593550156,0.07730907679826114
Iztacalco,Centro,121.39001714681,0.948253298186152,5584.872471416007,4548.0,-99.05799702414164,19.41784929528737,0.05279534052919574
Iztacalco,Centro,123.823174600599,0.967260211891187,3319.393622582332,7652.0,-99.06047014707308,19.39489520787126,0.06744619114548855
Iztacalco,Centro,123.54872326086,0.965116300931977,4161.887596264132,6103.0,-99.13334263261466,19.400833664920523,0.07289960011930607
Iztacalco,Centro,124.215950591349,0.970328430657699,6017.531390665718,4221.0,-99.12765359151652,19.40184082858912,0.07962926658754746
Iztacalco,Centro,124.659575580371,0.973793862732633,15592.387968078574,1629.0,-99.12978439885322,19.37919689582069,0.0881400295810896
Iztacalco,Centro,122.917178697278,0.960182911601915,9103.94265232975,2790.0,-99.12768985636876,19.398816675389025,0.0829810340637562
Iztacalco,Centro,122.548916217588,0.957306183192349,3557.921277489844,7139.0,-99.12182809973233,19.40257488020121,0.0806159145155044
Iztacalco,Centro,121.664506012815,0.950397502286481,5216.676935715753,4869.0,-99.11632923921113,19.40348169134254,0.06009181956368992
Iztacalco,Centro,122.51539148722,0.957044300568971,10762.71186440678,2360.0,-99.13040366819898,19.39397481216225,0.1180533610043173
Iztacalco,Centro,122.136653943834,0.954085744889486,6609.419724173822,3843.0,-99.08550618303232,19.39396388497099,0.08290902772738912
Iztacalco,Centro,122.836958016662,0.959556257724069,5379.076662431173,4722.0,-99.08237560082132,19.3919580834601,0.06561094710061413
Iztacalco,Centro,122.057713919202,0.953469095015996,4759.228030728874,5337.0,-99.07574834306456,19.39063967289748,0.056859234488524354
Iztacalco,Centro,122.476841513443,0.956743162628324,6148.632292423143,4131.0,-99.06969837517876,19.38878376506769,0.06477852876717666
Iztacalco,Centro,121.319334610511,0.947701152715339,7126.82379349046,3564.0,-99.0679316029968,19.38693340636436,0.0722950835197695
Iztacalco,Centro,124.372268126492,0.971549524630232,9435.364041604756,2692.0,-99.13126643532532,19.388640221975937,0.0848420326968227
Iztacalco,Centro,120.715086805277,0.942980995426443,5265.339966832505,4824.0,-99.1156516812586,19.38395023510259,0.07744221305247609
Iztacalco,Centro,124.402462474495,0.971785391555312,13663.25981710597,1859.0,-99.13237427545498,19.38408919465496,0.07812752373854044
Iztacalco,Centro,122.505616931894,0.956967945407785,8906.030855539972,2852.0,-99.10682439974472,19.382366950498035,0.12126165070119964
Iztacalco,Centro,124.103604487426,0.969450825018557,10882.60497000857,2334.0,-99.10309741007228,19.38205300561964,0.12906271118053866
Iztacalco,Centro,124.469047315692,0.972305527368442,16623.03664921466,1528.0,-99.12699083642369,19.37890091747928,0.0892000193821143
Iztacalco,Centro,125.126367007281,0.977440262333989,15601.965601965603,1628.0,-99.1239874622396,19.37791754032745,0.07656947154184154
Iztacalco,Centro,123.274614834366,0.962975068682466,9960.78431372549,2550.0,-99.06267249582054,19.385977320404177,0.07930004761996842
Iztacalco,Centro,122.388184873245,0.956050610197327,11986.786219915057,2119.0,-99.09219215640678,19.38829297469145,0.09383113449632208
Iztacalco,Centro,123.325934883615,0.963375961664509,12549.407114624506,2024.0,-99.0635426803777,19.38377977764221,0.08271894596552952
Iztacalco,Centro,119.472757966817,0.933276388357505,11482.820976491865,2212.0,-99.09384437801008,19.385542503996508,0.08822950668961704
Iztacalco,Centro,121.433037774073,0.948589359195542,5965.241897604509,4258.0,-99.12104623484672,19.38457852633872,0.0776304052109096
Iztacalco,Centro,120.861754053672,0.944126704977323,6857.451403887689,3704.0,-99.1185687282539,19.38461142314729,0.07030159743794842
Iztacalco,Centro,121.271579127601,0.947328104788991,8798.060270176655,2887.0,-99.11249469029272,19.38337500228542,0.08360278796758001
Iztacalco,Centro,119.971351987926,0.937171217900205,5565.293602103418,4564.0,-99.09536289586646,19.382345898016204,0.08095521786525625
Iztacalco,Centro,120.935709305925,0.944704415678049,12101.00047641734,2099.0,-99.07359367808871,19.40891963983413,0.0776559525616463
Iztacalco,Centro,120.606568593715,0.942133291847143,12795.969773299748,1985.0,-99.10651557369714,19.388351785807483,0.07523833747373605
Iztacalco,Centro,122.785182549,0.959151807184152,7962.382445141066,3190.0,-99.11236798031943,19.3963436126373,0.05842306123897263
Iztacalco,Centro,121.804704179272,0.951492677794874,5844.454670961804,4346.0,-99.09895127178048,19.387987752365387,0.10382954175418371
Iztacalco,Centro,123.357090703367,0.963619339246382,4833.491912464319,5255.0,-99.0629881899785,19.416550829476108,0.057294513592955
Iztacalco,Centro,121.760574655405,0.951147954500995,5610.779765849348,4527.0,-99.06384274361058,19.40978931662009,0.06205917205149384
Iztacalco,Centro,123.954592678845,0.968286800642609,3430.578065910319,7404.0,-99.06201753679588,19.408508178115543,0.07533312364852215
Iztacalco,Centro,123.452550226506,0.964365033248142,3061.347474990961,8297.0,-99.06023510859627,19.407933840146164,0.0776861766732432
Iztacalco,Centro,121.9803892698,0.952865063848118,6496.1636828644505,3910.0,-99.07146836757676,19.394711902995176,0.0660038628715953
Iztacalco,Centro,122.823408422948,0.959450413378459,3927.025355596784,6468.0,-99.06780962453747,19.393994872588348,0.06439827811050446
Iztacalco,Centro,122.335185626969,0.955636599957734,4752.994011976048,5344.0,-99.06358548498405,19.39292075387064,0.0649475974103763
Iztacalco,Centro,121.702572301546,0.950694861860907,12789.526686807654,1986.0,-99.10082493930793,19.395331002783465,0.10676393372723349
Iztacalco,Centro,122.395654089417,0.956108956913442,7230.287503558212,3513.0,-99.09329861377906,19.394588929251285,0.0908361717660749
Iztacalco,Centro,122.035442381044,0.953295118110724,7523.696682464455,3376.0,-99.07230534398845,19.389183834195745,0.0608501381464443
Iztacalco,Centro,121.146401483198,0.946350263966872,5290.564465736305,4801.0,-99.11520585611656,19.39007867651653,0.07874392507168451
Iztacalco,Centro,122.245359257185,0.954934910037808,3570.4245150407646,7114.0,-99.1104784268361,19.392189584992007,0.06437227934761346
Iztacalco,Centro,122.046591151478,0.953382208125075,4647.75846294602,5465.0,-99.10627336397404,19.391516150839685,0.06753771775398137
Iztacalco,Centro,122.086289579661,0.953692317360922,9477.611940298506,2680.0,-99.10173613290723,19.39320362789374,0.07247942184876587
Iztacalco,Centro,123.846973932044,0.967446123344764,6595.689431316541,3851.0,-99.10326899829478,19.38819303975481,0.07079407238469364
Iztacalco,Centro,121.622862384191,0.950072197874145,8374.546653478405,3033.0,-99.096447129863,19.391612510043483,0.05279807165183867
Iztacalco,Centro,122.012569567659,0.953116444268831,6890.938686923494,3686.0,-99.0957622263906,19.38814168903121,0.09930588586503412
Iztacalco,Centro,122.256736493184,0.955023784739486,11164.835164835164,2275.0,-99.09473274174093,19.39151580820078,0.05134201755090188
Iztacalco,Centro,120.069012450668,0.937934104816891,10079.36507936508,2520.0,-99.09308668557196,19.39144947446477,0.05041671037080512
Iztacalco,Centro,121.454390323322,0.948756157304037,5217.748562037798,4868.0,-99.1201199072007,19.389469809040165,0.06926850491781046
Iztacalco,Centro,122.19367649842,0.954531183705033,14150.417827298052,1795.0,-99.11685294890614,19.387593484295355,0.07776443467138351
Iztacalco,Centro,123.596465870989,0.965489248300987,7557.274620648617,3361.0,-99.10971524309991,19.38628981684082,0.09444851385422899
Iztacalco,Centro,123.818617296839,0.967224611942995,8686.730506155951,2924.0,-99.10586168461896,19.38547388867613,0.11085030742424937
Iztacalco,Centro,124.029790579972,0.968874218450403,12282.398452611218,2068.0,-99.10232578970596,19.38480789582475,0.10108698090706049
Iztacalco,Centro,124.82502158527,0.975086264888139,14245.6533931576,1783.0,-99.12885962876804,19.38327897811748,0.10862530313081517
Iztacalco,Centro,124.152228198935,0.969830655221171,10461.285008237232,2428.0,-99.12502651895784,19.382741346661938,0.09735823240295062
Iztacalco,Centro,125.007143723173,0.976508934741877,19720.49689440994,1288.0,-99.12324880175356,19.3842981228016,0.08997475470464715
Iztacalco,Centro,124.129197228598,0.969650745916471,17975.93772116065,1413.0,-99.121683489888,19.396819601958047,0.07610674311027354
Iztacalco,Centro,121.875015790583,0.952041925738762,4403.606102635229,5768.0,-99.11707086738264,19.39662420797194,0.05935251648131558
Iztacalco,Centro,122.238570727435,0.954881880588793,7134.831460674157,3560.0,-99.09819800732552,19.384661771367824,0.07860116766399201
Iztacalco,Centro,122.071261839021,0.953574926285766,3096.428136047787,8203.0,-99.06641600022569,19.410859531699284,0.05297493125270501
Iztacalco,Centro,124.394026282057,0.971719491183181,11334.225792057116,2241.0,-99.06685001462183,19.406933927204484,0.06892674146817022
Iztacalco,Centro,123.527427383203,0.964949945520716,5709.148123173747,4449.0,-99.07124334193912,19.408758810215136,0.08559686234131636
Iztacalco,Centro,121.694090537019,0.950628605496706,12611.717974180736,2014.0,-99.0805219549275,19.40123425966642,0.07526870658096292
Iztacalco,Centro,122.501840094635,0.956938442171258,5282.861896838603,4808.0,-99.06480544256388,19.388298100526463,0.0730632331860702
Iztacalco,Centro,122.10276548074,0.953821020922434,11941.701927597554,2127.0,-99.10260881131175,19.39049800474801,0.06295811440378986
Iztacalco,Centro,121.897013829535,0.952213766170786,12605.45905707196,2015.0,-99.1007386735698,19.3898472469766,0.11186694043949111
Iztacalco,Centro,124.389762622502,0.971686185073415,24470.134874759155,1038.0,-99.11502602552764,19.400023116261085,0.06514153759227602
Iztacalco,Centro,123.094526176898,0.961568283615428,4365.011170304177,5819.0,-99.064333605223,19.398695666583524,0.0639418965175496
Iztacalco,Centro,122.079480913609,0.953639130614669,6354.766074555918,3997.0,-99.11985707387662,19.399364123942465,0.06829776431161415
Iztacalco,Centro,121.662026111662,0.950378130228522,9864.077669902912,2575.0,-99.09837916679253,19.3920526332269,0.09120483936676398
Iztacalco,Centro,123.125996310331,0.961814116497932,2562.550443906376,9912.0,-99.0796069236296,19.39574043527718,0.058204850248175476
Iztacalco,Centro,122.28236316008,0.955223970652437,5930.422600980622,4283.0,-99.07394601438249,19.397651324318083,0.0879781445994385
Iztacalco,Centro,122.911570626332,0.960139103454461,8943.661971830987,2840.0,-99.12794928187884,19.394276809295874,0.09693736349273112
Iztacalco,Centro,121.446921609027,0.948697814508395,3694.008144269924,6876.0,-99.1184838993221,19.393564579045524,0.063383507068074
Iztacalco,Centro,121.709390020719,0.950748119326755,8758.620689655172,2900.0,-99.11167004543874,19.390030063019253,0.06711183128552355
Iztacalco,Centro,121.281700107019,0.9474071660853,12020.823473734026,2113.0,-99.12831910006442,19.388271770924856,0.09105678407229789
Iztacalco,Centro,121.921936360747,0.95240845163979,5608.302053433429,4529.0,-99.11343928818796,19.38684193559783,0.06509105555353713
Iztacalco,Centro,124.257613354319,0.970653884540368,5996.222851746931,4236.0,-99.09613364627566,19.39977335293082,0.05363371921732125
Iztacalco,Centro,122.023917216213,0.953205087844479,5754.417761667422,4414.0,-99.0916790798276,19.39774580334288,0.09704711706366509
Iztacalco,Centro,122.722043230979,0.958658586506165,4571.634269258459,5556.0,-99.11014900362346,19.40102248399404,0.03478117046779812
Iztacalco,Centro,122.83989268606,0.959579182261043,9795.603548013883,2593.0,-99.10903715737824,19.395880728126784,0.07294112527393648
Iztacalco,Centro,122.75039704226,0.958880075848494,9848.778596355176,2579.0,-99.1041010660359,19.395438963836376,0.07452539491689071
Iztacalco,Centro,122.628698454747,0.957929412114309,9280.2338326635,2737.0,-99.10650630592365,19.3956583519307,0.077522809446923
Iztacalco,Centro,121.226230730898,0.946973860117549,15573.267933782956,1631.0,-99.08866465084922,19.3929441164098,0.08125717595959987
Iztacalco,Centro,122.435205866868,0.956417920568766,8610.169491525425,2950.0,-99.09142158424643,19.390744623871324,0.05764161306267904
Iztacalco,Centro,121.735052584466,0.950948585652446,11624.713958810067,2185.0,-99.06944688969013,19.40236957210229,0.0681265497381415
Iztacalco,Centro,123.317220369762,0.963307887149833,5306.0371840401085,4787.0,-99.06940134974433,19.398866683938422,0.06533964649892908
Iztacalco,Centro,121.570515757061,0.949663285650624,12312.166747455163,2063.0,-99.09800531171908,19.38075904671389,0.09154711226902167
Iztacalco,Centro,121.214581513312,0.946882860797695,27759.562841530056,915.0,-99.09934373537484,19.38192558868873,0.09397472634571126
Iztacalco,Centro,122.065937988758,0.953533338363715,3214.7829388684977,7901.0,-99.124702060779,19.39356464672983,0.06792706846540039
Iztacalco,Centro,121.127992038657,0.946206456288825,12599.206349206348,2016.0,-99.1261752340221,19.38773842338358,0.10250535968339884
Iztacalco,Centro,124.339999857349,0.971297457010823,12886.859462201926,1971.0,-99.12395660967674,19.3880404448351,0.09661876436244057
Iztapalapa,Centro,120.378080604085,0.940348429344809,31571.35992311389,4162.0,-99.01127813673187,19.3744733676986,0.06605862798375285
Iztapalapa,Centro,118.735834898022,0.92751982165689,31662.65060240964,4150.0,-99.02840646245876,19.38438304655527,0.06543555646446714
Iztapalapa,Centro,120.92475390338,0.944618836181143,24185.532854776367,5433.0,-99.01531218907188,19.377112010654887,0.054078539603036574
Iztapalapa,Centro,120.652894622039,0.942495173410243,28853.754940711464,4554.0,-99.0197646795532,19.37989600998036,0.07039305126498432
Iztapalapa,Centro,118.177414863418,0.923157653728814,21279.352226720646,6175.0,-98.97774568405806,19.32664986545232,0.11141783949673428
Iztapalapa,Centro,119.010813408219,0.929667850674048,69340.36939313984,1895.0,-98.9732624860407,19.33326889622053,0.31942429385206367
Iztapalapa,Centro,121.313572958632,0.947656144851223,76129.7798377752,1726.0,-99.062449997081,19.347166162406925,0.09262985491110437
Iztapalapa,Centro,121.931291742489,0.952481532374109,60833.33333333333,2160.0,-99.05904260102852,19.34591480991243,0.08983115508073182
Iztapalapa,Centro,121.593076580514,0.949839522344148,33375.666751333505,3937.0,-99.07284885072248,19.314747585118667,0.06338094086636052
Iztapalapa,Centro,122.872402911433,0.959833139951792,64066.30911750366,2051.0,-99.11388336848104,19.353429262514062,0.058470561156323764
Iztapalapa,Centro,123.378735352532,0.963788419129896,35862.44541484716,3664.0,-99.10896738197069,19.35298963731565,0.08108820009524328
Iztapalapa,Centro,121.121201454149,0.946153410788813,21101.654087040308,6227.0,-99.12849012086816,19.371619388184147,0.08213163466558537
Iztapalapa,Centro,121.033963397437,0.945471939800104,18380.19303399077,7149.0,-99.12509241957552,19.37190401761974,0.06448462889451594
Iztapalapa,Centro,122.084572380452,0.953678903244573,45976.20713785864,2858.0,-98.99957239784564,19.370180529241587,0.06927810145269804
Iztapalapa,Centro,124.334289018901,0.971252846082176,52246.52087475149,2515.0,-99.13451816958197,19.364208797562213,0.1285812200155508
Iztapalapa,Centro,121.32533612887,0.94774803432646,19664.77102663873,6682.0,-99.11482185158476,19.37768971501797,0.0698742742009749
Iztapalapa,Centro,121.303727456984,0.947579235483963,24225.66371681416,5424.0,-99.10436404490984,19.32860358111283,0.07844196838118606
Iztapalapa,Centro,121.500207773569,0.949114066045894,11651.00195070048,11278.0,-99.0995918519681,19.32665490519434,0.09779831377986195
Iztapalapa,Centro,120.508279823884,0.94136549683106,78121.28418549345,1682.0,-99.0328534020246,19.38785166565842,0.050568401191473544
Iztapalapa,Centro,121.281888553073,0.947408638155212,36398.891966759,3610.0,-99.03214041278947,19.385982823226705,0.05958606054334456
Iztapalapa,Centro,121.737564646642,0.950968208940253,22392.638036809814,5868.0,-99.05347165164834,19.397200942624632,0.06381670720134737
Iztapalapa,Centro,121.205823103489,0.946814443384166,28917.253521126764,4544.0,-98.99511756571532,19.36805344531492,0.05511291225631868
Iztapalapa,Centro,123.643150922833,0.965853934421211,60275.22935779817,2180.0,-99.11933073972742,19.35438064551333,0.07430253904695865
Iztapalapa,Centro,124.120732215581,0.969584620408779,34956.1053471668,3759.0,-99.12556409373558,19.359215532814563,0.0797970001658745
Iztapalapa,Centro,122.270610496804,0.955132163253637,80121.9512195122,1640.0,-99.06485547445328,19.29094971087649,0.12468221217928588
Iztapalapa,Centro,120.267032560207,0.939480963664024,25886.524822695035,5076.0,-99.00837959324718,19.338720744419103,0.09446338880882478
Iztapalapa,Centro,120.244568086552,0.939305479618997,248863.6363636364,528.0,-99.05791238179204,19.37440966715128,0.10128612838932557
Iztapalapa,Centro,122.634921608813,0.95797802506047,42048.0,3125.0,-99.11785331324926,19.36670588786946,0.08069451806909617
Iztapalapa,Centro,123.707062307339,0.966353186193099,36168.45582163501,3633.0,-99.11523207042627,19.366376051899096,0.0804112365590828
Iztapalapa,Centro,123.998195240345,0.968627407504057,60247.59284731774,2181.0,-99.10770940411015,19.36199288159332,0.050289790871785825
Iztapalapa,Centro,120.068434352382,0.937929588929841,258661.41732283463,508.0,-99.07461401839116,19.33267779178023,0.05546512675590531
Iztapalapa,Centro,121.601349571177,0.94990414784521,20666.876376218937,6358.0,-99.06682547064986,19.35818564415468,0.07240079808147383
Iztapalapa,Centro,120.94812764157,0.94480142305979,55938.69731800766,2349.0,-99.06577741553484,19.304650508865628,0.08437275341036374
Iztapalapa,Centro,121.010851555897,0.945291398759885,55938.69731800766,2349.0,-99.0656769224499,19.30066779741985,0.07795398272762141
Iztapalapa,Centro,122.291235980205,0.955293281796348,33139.97477931904,3965.0,-99.0790440605246,19.385241331552724,0.058527503109113206
Iztapalapa,Centro,109.675911499043,0.856747097125466,448464.1638225256,293.0,-99.08476527609014,19.37955971387844,0.0758052010553043
Iztapalapa,Centro,119.06157477876,0.930064379467499,28528.00694745983,4606.0,-99.0988187507904,19.378423147314034,0.08386997434510557
Iztapalapa,Centro,120.57553994021,0.9418909076403,23376.62337662337,5621.0,-99.01682005396106,19.33566172674674,0.06523385105145432
Iztapalapa,Centro,123.000096766931,0.960830636471525,30600.83837913368,4294.0,-99.1200235913702,19.360709885304225,0.0787475186429198
Iztapalapa,Centro,121.268780615987,0.947306243865579,20419.58041958042,6435.0,-99.08830817906644,19.360254442439384,0.07978709624231065
Iztapalapa,Centro,121.492012284323,0.949050045956841,17478.0526735834,7518.0,-99.05664796659649,19.3928985640159,0.057011565756897684
Iztapalapa,Centro,119.507798778975,0.933550114043363,44436.92932025702,2957.0,-99.05846951300585,19.38727715218728,0.06990513571339464
Iztapalapa,Centro,122.143345299352,0.954138015249839,61287.31343283582,2144.0,-99.04270968432346,19.39173080168589,0.05228422685721257
Iztapalapa,Centro,121.982285857463,0.952879879279804,44572.59158751697,2948.0,-99.0361862960668,19.38837585609668,0.04999983352262803
Iztapalapa,Centro,120.471608223238,0.941079032037004,21186.713963237667,6202.0,-99.06369171275531,19.3789526781774,0.06956246881025956
Iztapalapa,Centro,120.73971456475,0.943173378249151,37244.89795918368,3528.0,-99.02430123005666,19.38217565824966,0.09819724745130429
Iztapalapa,Centro,122.437648544993,0.95643700185438,28942.73127753304,4540.0,-99.12044332465676,19.379029713724645,0.06467570146384143
Iztapalapa,Centro,120.683079457146,0.942730966024152,19087.73968622893,6884.0,-99.10452695813576,19.378851509259825,0.08472725851482947
Iztapalapa,Centro,121.279694911964,0.947391502253381,19374.81568858744,6782.0,-99.13274213064456,19.37458076152022,0.08941046555078033
Iztapalapa,Centro,121.23127613028,0.947013272885724,24149.97243153832,5441.0,-99.13364442050606,19.36934844470173,0.06990613972489099
Iztapalapa,Centro,123.570198195954,0.965284055072803,36009.86571663469,3649.0,-99.1357310694946,19.361187163608108,0.10386099968847808
Iztapalapa,Centro,121.435291504032,0.94860696448894,59189.18918918919,2220.0,-98.99359328405818,19.36507736530617,0.0703017404539173
Iztapalapa,Centro,119.417366266433,0.932843689163484,27154.370737755733,4839.0,-98.99589180093363,19.3568622240238,0.09177675157864469
Iztapalapa,Centro,122.400527943897,0.956147029637164,23938.786664237567,5489.0,-99.115473405331,19.34800260791032,0.06607703214473787
Iztapalapa,Centro,119.141239684748,0.930686691842336,68188.894654904,1927.0,-98.99056681139422,19.332356897027484,0.36424110362542994
Iztapalapa,Centro,118.785181967593,0.927905302461458,30543.933054393307,4302.0,-98.98447987496137,19.331670859889,0.3783657375136772
Iztapalapa,Centro,121.25723153203,0.947216026752088,23360.0,5625.0,-99.08401292020984,19.302935510558605,0.10051981332027651
Iztapalapa,Centro,121.231626736229,0.947016011687936,28910.891089108907,4545.0,-99.0761410628109,19.294875785348584,0.07930203474976875
Iztapalapa,Centro,118.930878024914,0.929043425431823,43124.38464063012,3047.0,-98.97247293427849,19.32759555885884,0.1311075141390311
Iztapalapa,Centro,122.89599586767,0.960017439279624,78167.75728732898,1681.0,-99.0803127223091,19.297550103947763,0.15360634506648174
Iztapalapa,Centro,121.702378615741,0.950693348860025,57505.470459518605,2285.0,-99.07150251659073,19.28769126738517,0.19753121413310926
Iztapalapa,Centro,122.921329297248,0.960215334532598,27076.035441994645,4853.0,-99.00473954264076,19.369205976915094,0.07937436340957812
Iztapalapa,Centro,119.354108051937,0.932349539710814,24657.534246575346,5329.0,-99.11714036778682,19.37864870340855,0.0663895025358647
Iztapalapa,Centro,119.871326889078,0.936389859332895,22674.71958584987,5795.0,-99.07566567538744,19.36970866223819,0.08929538462937892
Iztapalapa,Centro,120.617937823173,0.942222104004719,24676.056338028167,5325.0,-99.06830371941302,19.36686215278194,0.09207718392773526
Iztapalapa,Centro,121.973266693631,0.952809424953726,49829.35153583618,2637.0,-99.03287303809608,19.37045962315663,0.11711378671298309
Iztapalapa,Centro,120.585650023428,0.941969883819574,23422.45989304813,5610.0,-99.0203456828748,19.372251181879584,0.07847434717333741
Iztapalapa,Centro,123.289683015632,0.963092775664633,48684.69803630974,2699.0,-99.12068155485213,19.36657454562949,0.08425948164782039
Iztapalapa,Centro,122.968830280739,0.960586394404909,29728.50678733032,4420.0,-99.11246346644936,19.3664582672502,0.07232342694278573
Iztapalapa,Centro,123.426598714667,0.964162309768302,91186.67591950035,1441.0,-99.04015300335917,19.39006341380222,0.05876165432003751
Iztapalapa,Centro,124.702585626418,0.974129841085532,113471.50259067358,1158.0,-99.03838278483002,19.390656015778507,0.053475684306848785
Iztapalapa,Centro,120.936395541834,0.94470977629566,35332.078515730034,3719.0,-99.10213331351731,19.34969910870453,0.05627644883865338
Iztapalapa,Centro,120.182442955686,0.938820181390785,49659.86394557823,2646.0,-98.97915715235204,19.33917259490897,0.08504774653700958
Iztapalapa,Centro,124.22976297881,0.970436327849522,35970.43525869148,3653.0,-99.08483318921606,19.32864754144148,0.08220222447300098
Iztapalapa,Centro,119.467032746998,0.933231665086975,38042.848870874346,3454.0,-99.02630728721792,19.36782325203232,0.064854962152342
Iztapalapa,Centro,121.691831779273,0.950610960928124,27403.545359749736,4795.0,-99.07773113692436,19.33580524206779,0.11754595141562164
Iztapalapa,Centro,121.406873132567,0.948384970826656,19216.14507165838,6838.0,-99.03160383641809,19.36540259289556,0.0796122740713453
Iztapalapa,Centro,123.823460424124,0.967262444637394,70607.20042987642,1861.0,-99.0696204811408,19.33548550335297,0.10306879784558502
Iztapalapa,Centro,118.922941185126,0.928981425815354,74447.59206798866,1765.0,-99.0278102398656,19.363625623405195,0.18785276052002797
Iztapalapa,Centro,123.030277835794,0.961066399664944,35532.72038939968,3698.0,-99.062047451413,19.330517199944342,0.07134923017844283
Iztapalapa,Centro,124.115629242546,0.969544757896817,40960.09975062344,3208.0,-99.0849839599343,19.32698082202129,0.06068483311426241
Iztapalapa,Centro,122.286655346222,0.955257499601203,64191.49975574012,2047.0,-99.0049982469488,19.37360574307728,0.07686254409031423
Iztapalapa,Centro,123.335535127576,0.963450955170668,85826.25734813848,1531.0,-99.00556253481945,19.37064907737221,0.08907936122416808
Iztapalapa,Centro,116.695131688967,0.911578613359132,360989.010989011,364.0,-99.05585681116904,19.374826957936435,0.08838612886086329
Iztapalapa,Centro,121.516068524333,0.949237964283802,23468.476513663158,5599.0,-99.1126559745609,19.3597107279128,0.068086149624851
Iztapalapa,Centro,121.761509472597,0.951155256942387,25129.08777969019,5229.0,-99.07017275506054,19.358667889860087,0.08329670756346261
Iztapalapa,Centro,119.884527815646,0.936492980021489,22263.639444256183,5902.0,-99.03768924701508,19.36136237655051,0.0900462018448471
Iztapalapa,Centro,122.055968560613,0.953455460929129,24401.11420612813,5385.0,-99.0540286623023,19.334266456476904,0.05904770103073154
Iztapalapa,Centro,119.861653383978,0.936314293538182,48811.29271916791,2692.0,-99.08009042673396,19.36563857670136,0.074260426260476
Iztapalapa,Centro,122.571760934339,0.95748463755387,74237.28813559322,1770.0,-99.07674450033882,19.3638909682027,0.09333466411427811
Iztapalapa,Centro,120.423616294272,0.940704137082724,49250.374812593705,2668.0,-98.9994588635927,19.367094661932573,0.0674276332627994
Iztapalapa,Centro,122.119782264007,0.953953949652792,58870.967741935485,2232.0,-99.08150330623984,19.33961857789589,0.15031510793146716
Iztapalapa,Centro,121.169184294019,0.946528234742483,29748.698211455736,4417.0,-99.05084530069016,19.33566288768064,0.06886246271795718
Iztapalapa,Centro,120.386793654567,0.940416492428173,40718.93399442206,3227.0,-99.0597083194814,19.330459817285657,0.06633665127203929
Iztapalapa,Centro,123.775624574098,0.966888768913272,53090.90909090909,2475.0,-99.0857968576267,19.318638726458182,0.08269274995936218
Iztapalapa,Centro,121.097425959223,0.945967685537186,36755.24475524476,3575.0,-99.0659000736302,19.34495451426148,0.06272822575238483
Iztapalapa,Centro,118.90373341035,0.928831381880854,27657.33529783204,4751.0,-99.01442122681536,19.338568266215525,0.0734206256267983
Iztapalapa,Centro,119.961220308155,0.937092073016756,35133.68983957219,3740.0,-99.05406600488224,19.330911095426497,0.061956559905953765
Iztapalapa,Centro,119.975789740232,0.937205883957265,84230.76923076923,1560.0,-98.97771556708204,19.340213460593787,0.06711666233851253
Iztapalapa,Centro,118.106692003585,0.92260519326567,23856.2091503268,5508.0,-99.02345112517618,19.32316948000653,0.15283611458503824
Iztapalapa,Centro,118.84564363522,0.928377606338574,36662.94642857143,3584.0,-99.032234529849,19.319977991892173,0.28762672655919547
Iztapalapa,Centro,120.869959201267,0.944190800513772,30700.93457943925,4280.0,-99.04987815185552,19.32892915054866,0.06810004507908972
Iztapalapa,Centro,120.342419831911,0.940069860763763,43961.191033790565,2989.0,-99.06118054104456,19.333962639175297,0.060522435768865304
Iztapalapa,Centro,123.499251385102,0.964729845188275,38353.76532399299,3426.0,-99.07253171552462,19.385200703603218,0.0569651049278628
Iztapalapa,Centro,119.816633262201,0.935962613227365,23943.148688046647,5488.0,-99.070258527355,19.38234661164733,0.08162989582504071
Iztapalapa,Centro,119.13812885808,0.930662391230828,23544.16771187959,5581.0,-98.99969430166696,19.33688857080871,0.06601712595493715
Iztapalapa,Centro,123.868682256357,0.967615700634654,31939.71803597472,4114.0,-99.09387550735104,19.325729357337927,0.17103462480908432
Iztapalapa,Centro,122.733092067435,0.958744895873742,68188.894654904,1927.0,-99.07780991894934,19.34990288811648,0.07297290387718866
Iztapalapa,Centro,121.478545994561,0.948944852350474,32833.5832083958,4002.0,-99.08000131702003,19.34688858601463,0.0877415605746416
Iztapalapa,Centro,119.875069857132,0.936419097995885,20637.66294958379,6367.0,-99.02550269812072,19.357234512320503,0.07357311250893869
Iztapalapa,Centro,119.228660219336,0.931369588279799,35143.08638673442,3739.0,-99.01206279725434,19.357345246804584,0.1736405743649173
Iztapalapa,Centro,121.770329239273,0.951224153652643,32436.43544803752,4051.0,-99.00801630522966,19.37172096199616,0.08405575122516991
Iztapalapa,Centro,118.870132565126,0.92856890467676,38488.57644991213,3414.0,-98.99368161777195,19.33949630786283,0.11646144752424288
Iztapalapa,Centro,122.555733761706,0.95735943929073,73944.85087225662,1777.0,-99.0615036394136,19.32510860193056,0.06187722226732492
Iztapalapa,Centro,122.121403482442,0.953966614003327,31939.71803597472,4114.0,-99.0201599264731,19.33817137024862,0.11543572293586984
Iztapalapa,Centro,117.09361883485,0.91469144552812,75647.66839378238,1737.0,-99.05080588044704,19.3793493790984,0.14517003721609006
Iztapalapa,Centro,121.253798829524,0.947189211767223,157177.03349282296,836.0,-99.04906258283935,19.378163809769365,0.17440468953412072
Iztapalapa,Centro,117.548044868404,0.918241251313038,56833.91003460208,2312.0,-99.0443756786306,19.36976393376892,0.18056324469521282
Iztapalapa,Centro,120.780378729837,0.943491031459591,24261.44756277696,5416.0,-99.03709477522943,19.367091293633965,0.06616128922055978
Iztapalapa,Centro,122.31452293319,0.955475190741514,66229.83870967742,1984.0,-99.0079087551043,19.3738283490616,0.07094591845491195
Iztapalapa,Centro,120.452702702525,0.94093134919791,260714.2857142857,504.0,-99.05503629154968,19.37297941772728,0.08448494925477498
Iztapalapa,Centro,121.780767843586,0.951305696115533,280769.23076923075,468.0,-99.0530976935971,19.373480406135023,0.10869534651824844
Iztapalapa,Centro,121.969538729991,0.952780303499592,267073.17073170736,492.0,-99.05353758070665,19.372406412665,0.09709137723355452
Iztapalapa,Centro,120.509424061459,0.941374435185962,174039.73509933773,755.0,-99.0525611084229,19.37271710793389,0.10864538557770435
Iztapalapa,Centro,122.436240735117,0.956426004571495,32484.54882571075,4045.0,-99.04968566138926,19.346488762099234,0.10462918484812646
Iztapalapa,Centro,120.483105726444,0.941168846221006,31049.149338374293,4232.0,-99.03181336121534,19.35954143748463,0.09798067631540648
Iztapalapa,Centro,122.022974187347,0.953197721256577,30367.460134042063,4327.0,-99.0726374835812,19.352496657627075,0.07387592958938759
Iztapalapa,Centro,121.400874855022,0.948338114531556,20870.39390088945,6296.0,-99.10973358538628,19.346115960023432,0.07106348576357006
Iztapalapa,Centro,121.01265408113,0.94530547941114,18207.01122350007,7217.0,-99.01742302351862,19.344647580956742,0.08814743907541718
Iztapalapa,Centro,121.817473957753,0.951592430516278,45577.52341311134,2883.0,-99.05881100763818,19.339737612865868,0.057409848302534955
Iztapalapa,Centro,119.825317478929,0.936030451072258,47029.34860415175,2794.0,-99.04992040728052,19.37117392689892,0.07203583122850087
Iztapalapa,Centro,122.345186986386,0.955714726827445,31541.04656745079,4166.0,-99.05580429891924,19.340899944436288,0.0566048029895483
Iztapalapa,Centro,120.216281998512,0.939084519305234,53676.470588235294,2448.0,-99.05033827649336,19.340510254694,0.10222578779394842
Iztapalapa,Centro,122.096858893482,0.953774880877479,37564.32246998285,3498.0,-99.04441400135026,19.3442110785872,0.0687916102401199
Iztapalapa,Centro,121.4527786085,0.948743567192171,40593.14179796108,3237.0,-99.04046783765826,19.346941200601897,0.08418170393840135
Iztapalapa,Centro,121.636969587089,0.95018239805362,47130.55954088952,2788.0,-99.0378079993638,19.3463283381022,0.09478309736818555
Iztapalapa,Centro,121.960060434379,0.952706262608199,65308.15109343936,2012.0,-99.03475795421696,19.345758066229955,0.08437192885207764
Iztapalapa,Centro,119.921472730235,0.936781579841587,17953.272304959693,7319.0,-99.02975316593802,19.348190729828666,0.06916235115747367
Iztapalapa,Centro,120.906105161854,0.944473159204779,17289.473684210527,7600.0,-99.02332890812988,19.347843429682456,0.08163744253866695
Iztapalapa,Centro,119.456361369605,0.933148304288063,20296.57089898054,6474.0,-99.03762037508606,19.33988356983816,0.07550001606442312
Iztapalapa,Centro,122.671657864385,0.958264994914564,34900.3984063745,3765.0,-99.0785370310664,19.319681756861723,0.05596109221636625
Iztapalapa,Centro,123.96516979305,0.968369425092842,37553.58673906831,3499.0,-99.07373933942156,19.32317244021484,0.0720160753496507
Iztapalapa,Centro,125.065568033033,0.976965323544028,68580.375782881,1916.0,-99.13044180509984,19.36469924276501,0.09550374551657527
Iztapalapa,Centro,121.304839221653,0.947587920172698,21772.990886495445,6035.0,-99.07234566402124,19.318435792112687,0.0668013208553261
Iztapalapa,Centro,120.343148691328,0.940075554340241,135603.71517027862,969.0,-99.05835209547335,19.37561060713961,0.10347880136476917
Iztapalapa,Centro,120.812376437612,0.943740985555037,45960.1259181532,2859.0,-99.05761305786709,19.334928847523244,0.05953553835440956
Iztapalapa,Centro,121.596158680094,0.949863598550424,37933.02540415704,3464.0,-99.05515277971269,19.33705980648106,0.06317849801935474
Iztapalapa,Centro,119.799041316963,0.935825191547348,20033.54169842964,6559.0,-99.03382383855822,19.33865680687769,0.0713404306757764
Iztapalapa,Centro,124.086067716367,0.96931383433854,67040.81632653062,1960.0,-99.09104480600465,19.316273959878373,0.119829759195149
Iztapalapa,Centro,120.698600109285,0.942852207539117,24145.53472987872,5442.0,-98.99669551229616,19.34295810970492,0.06513725374029918
Iztapalapa,Centro,119.050538944062,0.929978171664775,23203.249161221967,5663.0,-98.9935518775068,19.34479068848126,0.059938108591884566
Iztapalapa,Centro,120.788506444257,0.943554522117113,43625.498007968126,3012.0,-98.98921975128331,19.343520251241564,0.07131854109810712
Iztapalapa,Centro,119.30213850449,0.931943573092384,66565.34954407295,1974.0,-98.98612551026876,19.343873224029785,0.14692828296494254
Iztapalapa,Centro,118.807202470379,0.928077318372529,35021.32196162047,3752.0,-98.99060718051564,19.340547040901665,0.08216082787737794
Iztapalapa,Centro,121.513807712518,0.949220303669602,23125.659978880674,5682.0,-99.04872941268673,19.331975004904187,0.05736858234793854
Iztapalapa,Centro,120.579564243631,0.941922343989697,234642.8571428572,560.0,-99.05216407442806,19.371777886971763,0.09868835236001881
Iztapalapa,Centro,122.180615870017,0.95442915897309,41062.5,3200.0,-98.99781759281068,19.36226462642393,0.07580690081002332
Iztapalapa,Centro,121.908399162596,0.95230270412367,49361.38241923365,2662.0,-98.99480941520603,19.361974322721736,0.06486228229124731
Iztapalapa,Centro,120.847752728638,0.944017331876016,132593.3400605449,991.0,-99.10516552171735,19.35224178448456,0.05765378636793187
Iztapalapa,Centro,122.204647663879,0.95461688633591,43067.84660766962,3051.0,-99.06833266274712,19.35234971735221,0.07621598569179293
Iztapalapa,Centro,120.157420982697,0.938624719119904,28974.64167585447,4535.0,-99.03790991147474,19.353037148790943,0.06318962029995698
Iztapalapa,Centro,120.671265369231,0.942638678799107,25947.8672985782,5064.0,-99.03201222373572,19.352359546495805,0.09447911983452029
Iztapalapa,Centro,121.481800656252,0.948970276547251,19762.3702812453,6649.0,-99.07407122250862,19.34242305920356,0.07807427831550257
Iztapalapa,Centro,121.586936621116,0.949791559283541,13561.771080606874,9689.0,-99.11203003697806,19.340070959574035,0.0773455503713673
Iztapalapa,Centro,123.433671191118,0.964217557302481,34761.90476190476,3780.0,-99.06362050536876,19.33166631678805,0.08807218578364112
Iztapalapa,Centro,124.125700439901,0.969623430314312,64128.84333821376,2049.0,-99.09450515279914,19.32046309209472,0.07527480102830889
Iztapalapa,Centro,122.294216615624,0.955316565402632,163027.2952853598,806.0,-99.05290360839314,19.326654017410128,0.11416688205576124
Iztapalapa,Centro,120.714026910966,0.942972715929501,283801.2958963283,463.0,-99.0545763438208,19.37406248849383,0.09413961072756426
Iztapalapa,Centro,122.084932544116,0.95368171670807,23692.75153263613,5546.0,-99.0773745193289,19.32547929788248,0.06495798231783123
Iztapalapa,Centro,121.227377159182,0.946982815585442,26529.37613567535,4953.0,-99.06565925033168,19.32783969766526,0.06679941294049377
Iztapalapa,Centro,120.940207864848,0.944739556733598,37213.25403568394,3531.0,-99.1071827164236,19.330912094383823,0.0892730551745838
Iztapalapa,Centro,120.723333210031,0.943045413248356,16758.066573141183,7841.0,-99.07503566720074,19.30447796521589,0.07642617779234498
Iztapalapa,Centro,120.5775115971,0.941906309484641,34863.35898116211,3769.0,-99.07143977938324,19.30173342299319,0.07874132305137285
Iztapalapa,Centro,120.278381475819,0.939569617137458,35774.57119520828,3673.0,-99.0684056475876,19.302113266345813,0.07911434766362244
Iztapalapa,Centro,119.074015606097,0.930161562545908,29376.257545271623,4473.0,-99.1016022798305,19.372159028543017,0.10131784254836718
Iztapalapa,Centro,118.770296153673,0.927789020064626,67697.06336939722,1941.0,-98.9994334123742,19.36513411296029,0.07963275161004696
Iztapalapa,Centro,120.589242878,0.941997949852333,13015.055467511886,10096.0,-99.01803044189114,19.356529008852085,0.06625684213240293
Iztapalapa,Centro,119.971605548101,0.937173198617223,18917.362510797582,6946.0,-99.0208047225427,19.35302760196596,0.09362127993786397
Iztapalapa,Centro,120.791102222483,0.943574799363317,23964.98267371877,5483.0,-99.01910454327846,19.341365967439323,0.07173273757034496
Iztapalapa,Centro,120.49504631431,0.94126212161624,43946.48829431438,2990.0,-99.06283602649242,19.326504001774268,0.06284623147343141
Iztapalapa,Centro,120.01476077769,0.937510311089507,9422.056503656962,13946.0,-99.06796545432272,19.32214083751756,0.11332527133753398
Iztapalapa,Centro,120.347310221152,0.94010806265084,13206.03015075377,9950.0,-99.06741411839404,19.315331536155966,0.06675821828592078
Iztapalapa,Centro,120.572888147002,0.941870192826059,32516.703786191538,4041.0,-99.08083710730234,19.305966706911576,0.06562559455271862
Iztapalapa,Centro,120.037705633843,0.937689547702493,22659.07915157786,5799.0,-99.07961733348532,19.308768106816704,0.06980594738730529
Iztapalapa,Centro,123.360719235062,0.96364768397545,31655.022886051556,4151.0,-99.05538907645315,19.37647021803882,0.08511379992851835
Iztapalapa,Centro,120.926362069512,0.944631398571979,52983.87096774193,2480.0,-99.04739656442054,19.38994464725369,0.06347123854876527
Iztapalapa,Centro,121.182951938199,0.946635782416575,81463.1122132672,1613.0,-99.09058198848278,19.35729170271828,0.12684329064396146
Iztapalapa,Centro,122.003601863006,0.953046391922569,158504.22195416165,829.0,-99.05226437837268,19.375344016999776,0.10448480647461686
Iztapalapa,Centro,121.578500183746,0.949725656998087,25004.75737392959,5255.0,-99.11033959703444,19.37528424263782,0.0874313439574209
Iztapalapa,Centro,120.398167431083,0.940505340105667,129970.32640949557,1011.0,-99.05176036906896,19.374328580271115,0.11252097261442194
Iztapalapa,Centro,119.709297180887,0.935124144006319,58115.87793011942,2261.0,-98.99740720561364,19.366548692125043,0.058259207003116174
Iztapalapa,Centro,121.083807650191,0.945861304413278,38208.7816225647,3439.0,-99.1161480200786,19.360211704831293,0.07666864971453607
Iztapalapa,Centro,120.8476567611,0.944016582213592,34515.366430260045,3807.0,-99.03023456862068,19.36862257614928,0.06611030269915119
Iztapalapa,Centro,122.321132375666,0.95552682122789,52060.22187004754,2524.0,-99.044700496106,19.34714632528528,0.10812589193701866
Iztapalapa,Centro,122.174231748567,0.954379288610083,52707.58122743683,2493.0,-99.0580090622002,19.32944679070015,0.05758470658249921
Iztapalapa,Centro,120.867087945251,0.944168371338366,112886.59793814432,1164.0,-99.0562373774894,19.37365684767886,0.08147504271927818
Iztapalapa,Centro,119.649627514595,0.934658026946669,110979.72972972972,1184.0,-99.05017584952816,19.37293318670896,0.0965466227807538
Iztapalapa,Centro,120.677015149472,0.942683593926439,47419.7040779502,2771.0,-99.0341057128984,19.367811080909284,0.08062612047335264
Iztapalapa,Centro,120.884852235375,0.944307139312013,16254.329539831766,8084.0,-99.1037983763304,19.359172197357484,0.0691819075715153
Iztapalapa,Centro,121.206272428897,0.946817953345772,20553.73064289066,6393.0,-99.01488170181804,19.367489366979573,0.08190900756582736
Iztapalapa,Centro,120.782491552853,0.943507536040774,108864.9544324772,1207.0,-99.12702139621148,19.36316012048405,0.11833352967458566
Iztapalapa,Centro,123.276976367952,0.962993516097378,118165.46762589928,1112.0,-99.12382438679236,19.363489951049253,0.1184784156295465
Iztapalapa,Centro,119.917880457447,0.936753518353507,19244.288224956064,6828.0,-99.020911848735,19.36307586016658,0.08304886697192716
Iztapalapa,Centro,120.450424228578,0.940913550613765,17872.687704026117,7352.0,-99.01315986356856,19.361141452777453,0.14546776112366908
Iztapalapa,Centro,119.517624750447,0.933626870848209,39951.35299483126,3289.0,-99.00882993695208,19.364628093180624,0.0791153462985559
Iztapalapa,Centro,123.236399412118,0.962676544132919,95286.439448876,1379.0,-99.05487709815374,19.351235787485034,0.0852077843538085
Iztapalapa,Centro,122.149896934429,0.954189194166491,32476.52001977261,4046.0,-99.0746080507934,19.34754110995529,0.0666141179224705
Iztapalapa,Centro,122.285462853979,0.955248184298929,45609.16348490108,2881.0,-99.07061617628396,19.346417358813856,0.08369438884261748
Iztapalapa,Centro,124.093170527344,0.969369318834659,50831.72147001934,2585.0,-99.0664378742037,19.348752598478303,0.07972256493102767
Iztapalapa,Centro,120.839721376086,0.94395459396128,28221.649484536083,4656.0,-99.08276715355684,19.34634195168353,0.1429579858274899
Iztapalapa,Centro,120.039609323571,0.93770441861285,26196.17224880383,5016.0,-98.99935596672974,19.34737459030869,0.07235002711046615
Iztapalapa,Centro,119.172497122729,0.930930863227725,28088.926891834115,4678.0,-98.9928292993765,19.347567766433936,0.06566493576062252
Iztapalapa,Centro,120.792576121359,0.94358631290869,19121.071012805587,6872.0,-99.01159965413414,19.342921370926582,0.07013915001642022
Iztapalapa,Centro,124.229727202392,0.970436048377555,66599.08768373037,1973.0,-99.06182573440384,19.34993018915197,0.09229001294757745
Iztapalapa,Centro,121.550486774912,0.949506826752033,36693.66098855069,3581.0,-99.0691524751048,19.34077120997716,0.06800570122395702
Iztapalapa,Centro,120.697701835191,0.942845190558711,26620.74554294976,4936.0,-99.06927638275464,19.33745784105728,0.08472053716050297
Iztapalapa,Centro,121.778731039392,0.951289785364885,36108.8211046991,3639.0,-99.06453674212932,19.336425536187665,0.064176526221347
Iztapalapa,Centro,120.175551786874,0.938766350163899,298636.36363636365,440.0,-99.03568329921022,19.36940621455848,0.10528462601494938
Iztapalapa,Centro,119.420472357924,0.932867952785567,36910.11235955056,3560.0,-98.9826638623843,19.340764402666103,0.13314860585226934
Iztapalapa,Centro,120.78935029853,0.943561113990287,19924.18498862775,6595.0,-99.03723496191206,19.329330063395503,0.05946988105395101
Iztapalapa,Centro,119.771762643508,0.935612100778586,20460.91560261601,6422.0,-99.0201834056332,19.33144606655629,0.07600543500817047
Iztapalapa,Centro,121.278372231472,0.947381169969324,23032.427695004382,5705.0,-99.07477422518627,19.29814549254608,0.06819941966075234
Iztapalapa,Centro,120.855431695785,0.944077317088103,89815.44771018456,1463.0,-99.0446472021624,19.388154582023976,0.07533152407883467
Iztapalapa,Centro,119.041689778808,0.929909045303845,25052.430886558628,5245.0,-99.0118577193175,19.33872042312781,0.07087126008621675
Iztapalapa,Centro,120.318883367035,0.939886002725258,29343.456900401965,4478.0,-99.05860920460152,19.32070196413155,0.06675259354581445
Iztapalapa,Centro,121.735151231257,0.950949356244183,33675.038441824705,3902.0,-99.06027018197209,19.31756898998726,0.0765726252945848
Iztapalapa,Centro,123.131770866656,0.961859225166745,39590.23802350106,3319.0,-99.0520506622454,19.32766396298103,0.1089597572470084
Iztapalapa,Centro,120.322935236674,0.939917654411612,37403.92826643894,3513.0,-99.04862951489812,19.32561791086236,0.0665059948828179
Iztapalapa,Centro,119.140919538796,0.930684190982205,25479.93019197208,5157.0,-98.97720219961698,19.330629128811257,0.09637776619399284
Iztapalapa,Centro,119.841069008556,0.936153496115595,33307.98479087452,3945.0,-99.01970303557744,19.326991699775483,0.11868390872685676
Iztapalapa,Centro,124.444604279039,0.97211458753114,86675.46174142479,1516.0,-99.00729297168712,19.36936749035136,0.11065002242844874
Iztapalapa,Centro,124.609571833741,0.973403252213107,17169.737357898863,7653.0,-99.06387725117376,19.357022987157947,0.09629143777638674
Iztapalapa,Centro,120.387617783139,0.940422930211569,37998.84326200116,3458.0,-99.05967414625242,19.32533253277936,0.060888756230691204
Iztapalapa,Centro,122.802965232784,0.959290718842174,53349.57369062119,2463.0,-99.10634902104472,19.37115627184636,0.08268436437623285
Iztapalapa,Centro,123.247634867807,0.962764311299977,31862.269641125124,4124.0,-99.10928327362971,19.366927475526506,0.05421750276637547
Iztapalapa,Centro,121.172758448252,0.946556154695202,25649.03376927581,5123.0,-99.10453021047375,19.37475239538453,0.08300828915530288
Iztapalapa,Centro,121.179328414037,0.946607476804478,35970.43525869148,3653.0,-99.02776803375066,19.370708554619338,0.0626884810575776
Iztapalapa,Centro,121.228569313202,0.946992128245639,90997.2299168975,1444.0,-99.12671581367071,19.360775444134063,0.1110477720938939
Iztapalapa,Centro,121.40129243035,0.948341376473444,18768.74732181117,7001.0,-99.09796436241298,19.359301505701463,0.08443827697006198
Iztapalapa,Centro,123.530238134699,0.964971902057499,32800.798801797304,4006.0,-99.07555513979568,19.31362027793059,0.07096129021633374
Iztapalapa,Centro,123.114538925707,0.96172461570525,24537.81512605042,5355.0,-99.077694978402,19.31099160526727,0.07732703792806729
Iztapalapa,Centro,123.231335209309,0.962636984479422,19289.48913681738,6812.0,-99.0808605692418,19.35494200932794,0.07063441535379628
Iztapalapa,Centro,118.299667565044,0.924112645994684,262800.0,500.0,-99.05696404504968,19.375072546547795,0.08845339741051776
Iztapalapa,Centro,121.095758460887,0.945954659665415,20234.062211271943,6494.0,-99.03872444961092,19.334710447310417,0.06933048647003999
Iztapalapa,Centro,121.847847420709,0.95182969662021,49103.139013452914,2676.0,-99.08432604399458,19.34018829312732,0.18908414130410922
Iztapalapa,Centro,123.762376137501,0.966785277094135,50930.232558139534,2580.0,-99.13517707704868,19.35826456199108,0.09663629974800136
Iztapalapa,Centro,119.708828234221,0.935120480770794,24189.9852724595,5432.0,-98.99751474638906,19.35093210765912,0.06512031634700756
Iztapalapa,Centro,120.037316794535,0.937686510235619,31285.714285714283,4200.0,-98.99554035594127,19.352165900877,0.06012796928687859
Iztapalapa,Centro,120.052372015956,0.937804115980332,30494.31422603852,4309.0,-98.99185370863565,19.35278102354247,0.061382924961651854
Iztapalapa,Centro,121.116165890341,0.946114074852449,174966.71105193076,751.0,-99.05405964601152,19.373231965211467,0.09170103774299064
Iztapalapa,Centro,121.538005090456,0.949409324513134,72636.81592039802,1809.0,-99.04162227923013,19.38742048367932,0.07934142767304289
Iztapalapa,Centro,122.144933906616,0.954150424854125,49084.79641389616,2677.0,-99.07090849371544,19.289128996797693,0.13019352319120628
Iztapalapa,Centro,120.510944869993,0.941386315171996,36228.28784119106,3627.0,-99.08080387608642,19.328048832127955,0.07444600076751702
Iztapalapa,Centro,126.754579839623,0.990159250474097,136732.57023933402,961.0,-99.08463194553022,19.31051074662305,0.13215133702084714
Iztapalapa,Centro,118.988173143029,0.929490993411456,25000.0,5256.0,-98.96807475687396,19.32837222615117,0.1654343987430938
Iztapalapa,Centro,122.179579274661,0.95442106147885,80219.78021978022,1638.0,-99.06496490600183,19.29726977847056,0.081303039305862
Iztapalapa,Centro,119.971136531511,0.937169534835483,25886.524822695035,5076.0,-99.03742885103166,19.37427844843448,0.07120697192686581
Iztapalapa,Centro,120.330145965044,0.939973981917947,29481.714157505045,4457.0,-99.03375247260492,19.373466757724355,0.11746032256985568
Iztapalapa,Centro,119.830252633207,0.936069002647017,39165.42473919523,3355.0,-99.0438605810926,19.35037111239325,0.10766547262741623
Iztapalapa,Centro,122.135984578361,0.954080516057394,34041.45077720207,3860.0,-99.04656085771212,19.393698811386685,0.05330157545511331
Iztapalapa,Centro,121.685384539882,0.950560597511426,45625.0,2880.0,-99.0547593438742,19.385430864980027,0.08923884400330244
Iztapalapa,Centro,119.923338253625,0.936796152610829,84828.92188508715,1549.0,-99.05189966409904,19.38244621961105,0.09788424261036216
Iztapalapa,Centro,119.684834003714,0.934933046838827,18846.81583476764,6972.0,-99.07552653262414,19.37739842692902,0.06576596782014774
Iztapalapa,Centro,120.088698039172,0.938087881253083,26412.06030150754,4975.0,-99.06959349058138,19.378273419853464,0.09982488838014848
Iztapalapa,Centro,122.360040806323,0.955830759299281,66397.17028802425,1979.0,-99.00716950553038,19.375488797145334,0.060372552923188494
Iztapalapa,Centro,123.147007052838,0.961978244540316,49435.665914221216,2658.0,-99.07234372455336,19.32661358540775,0.07193904686515475
Iztapalapa,Centro,119.286734641601,0.931823243891248,14116.888697894285,9308.0,-99.08616721798391,19.36582763641225,0.06733850573577164
Iztapalapa,Centro,120.6799417136,0.942706455148084,32468.495181616014,4047.0,-99.02375877140298,19.366381573069862,0.07370296604597003
Iztapalapa,Centro,118.374272181252,0.924695429283143,34023.82185396168,3862.0,-98.98734007015511,19.339321343458696,0.10043718697480171
Iztapalapa,Centro,119.050123605045,0.929974927192106,53263.07255776247,2467.0,-98.98478240526156,19.337936459169352,0.14203073839848426
Iztapalapa,Centro,121.739342412187,0.95098209617811,17468.758308960383,7522.0,-99.06293874943292,19.320166871189063,0.07426872661731995
Iztapalapa,Centro,120.26317993981,0.939450868438041,18129.139072847684,7248.0,-99.03720070038634,19.324422134215904,0.05734998186870192
Iztapalapa,Centro,124.483446541348,0.972418008720211,35030.65849106905,3751.0,-99.09064262256416,19.31934723304864,0.06882597185714735
Iztapalapa,Centro,120.965005995217,0.944933270429867,26465.256797583083,4965.0,-99.08299821410796,19.3057474779572,0.06743559491245336
Iztapalapa,Centro,120.800184770307,0.943645748821373,23016.29006831319,5709.0,-99.07793219896648,19.30199310936344,0.06590959716123435
Iztapalapa,Centro,121.980641587292,0.952867034857758,72436.60418963617,1814.0,-99.0812314153355,19.300490866021867,0.09229631376552162
Iztapalapa,Centro,121.586972906068,0.949791842727977,45139.1274476125,2911.0,-99.078712906216,19.298908131666305,0.08263816379994984
Iztapalapa,Centro,123.441558370042,0.964279168986899,16367.713004484303,8028.0,-99.0856360478306,19.32326063084304,0.09289440535295215
Iztapalapa,Centro,120.471300540187,0.941076628532384,38208.7816225647,3439.0,-99.03843085191384,19.370846821758647,0.10975802228926354
Iztapalapa,Centro,120.655867156164,0.942518393732264,39927.07383773929,3291.0,-98.9785055741564,19.33631563944776,0.19204253454441453
Iztapalapa,Centro,121.044226437782,0.945552110823103,22154.779969650983,5931.0,-99.05489521807154,19.326683145708103,0.09006190887782942
Iztapalapa,Centro,118.861936667354,0.928504881396456,25220.729366602685,5210.0,-99.00729332778906,19.33252930992312,0.19653420614299436
Iztapalapa,Centro,119.560811880629,0.933964232515968,36837.6787216148,3567.0,-99.0419773984152,19.340150132233155,0.07970076065691181
Iztapalapa,Centro,121.74128780962,0.95099729289342,55677.96610169492,2360.0,-99.1215859567282,19.37149531666724,0.07226759206506377
Iztapalapa,Centro,121.868585389677,0.95199169385799,63173.07692307692,2080.0,-99.10581349672748,19.34233692154189,0.1003624647846506
Iztapalapa,Centro,123.991144293557,0.968572328151541,57783.64116094988,2274.0,-99.0879946590702,19.31431287352664,0.11835016332236604
Iztapalapa,Centro,123.717455305659,0.966434372399066,60917.94158553546,2157.0,-99.05529349509052,19.348493933612577,0.1122657230305525
Iztapalapa,Centro,122.614782730458,0.957820707693927,37965.90580757007,3461.0,-99.05306652936235,19.34589563663289,0.08377850048976508
Iztapalapa,Centro,123.095756267786,0.961577892624215,31435.406698564595,4180.0,-99.04022351272648,19.377427286665213,0.096970598377909
Iztapalapa,Centro,121.03632312385,0.945490373098052,28602.525032651283,4594.0,-99.04533978734752,19.3809531238717,0.24539187156924044
Iztapalapa,Centro,119.190147166642,0.931068738752799,21442.558746736293,6128.0,-99.05012265943274,19.3214993140496,0.06530901423400498
Iztapalapa,Centro,118.732211096856,0.92749151388094,11725.861145814742,11206.0,-99.05364617545068,19.31588934658608,0.14775549204426314
Iztapalapa,Centro,120.352962607468,0.940152216973347,18305.93480078016,7178.0,-99.05623241405948,19.3230780561202,0.0702716156162665
Iztapalapa,Centro,122.056782564724,0.95346181962403,50694.444444444445,2592.0,-99.0674753149047,19.333390082103566,0.10462114488471863
Iztapalapa,Centro,118.705485375802,0.927282742569007,90683.2298136646,1449.0,-99.07213106153988,19.332263411485258,0.06802538825350687
Iztapalapa,Centro,121.182723047544,0.946633994408597,34147.609147609146,3848.0,-99.03266691823366,19.37910549925655,0.14552526445533986
Iztapalapa,Centro,121.010463678251,0.945288368805149,29475.100942126515,4458.0,-99.02969195838722,19.377627261632654,0.22960152630063277
Iztapalapa,Centro,119.119288336804,0.930515216142966,27020.3578038248,4863.0,-99.02491053274665,19.37555982941472,0.0934362860651995
Iztapalapa,Centro,119.639450003958,0.934578524049678,41217.06398996237,3188.0,-99.05048121667522,19.38478925899232,0.09339927004958547
Iztapalapa,Centro,120.286956507786,0.939636602071936,70835.5795148248,1855.0,-99.04901719005584,19.38721491301261,0.07044139265383594
Iztapalapa,Centro,122.797126734476,0.959245110682562,12790.810863428404,10273.0,-99.05192100532092,19.390217279023464,0.06999426842337918
Iztapalapa,Centro,121.5893251218,0.9498102173553,11340.295158367137,11587.0,-99.05007379067403,19.35312188003704,0.09179650409397189
Iztapalapa,Centro,121.723226752418,0.950856206686633,28017.057569296376,4690.0,-99.05530557604484,19.360014840912648,0.104176063595874
Iztapalapa,Centro,121.594118915579,0.94984766467485,23782.805429864253,5525.0,-99.0511911307632,19.35956001150948,0.08979448976627043
Iztapalapa,Centro,120.725070552053,0.943058984712803,36858.34502103787,3565.0,-99.0449211947775,19.314427639813537,0.07564815115045595
Iztapalapa,Centro,123.707426052806,0.966356027636294,53963.03901437372,2435.0,-99.0553481768926,19.34520992206283,0.08443365951300671
Iztapalapa,Centro,121.766019066083,0.951190484195804,33333.33333333333,3942.0,-99.0455108380276,19.385312736034383,0.09555110364690214
Iztapalapa,Centro,122.94301412084,0.96038472824367,64633.54648303,2033.0,-99.07326331201058,19.335458378242585,0.11451663879560159
Iztapalapa,Centro,122.630794498083,0.957945785618926,175433.91188251,749.0,-99.052387066666,19.37618425616032,0.09880815955265872
Iztapalapa,Centro,119.74387914463,0.935394285340402,39578.31325301205,3320.0,-99.0614024057688,19.36868656441172,0.14242751515422913
Iztapalapa,Centro,120.088588110557,0.938087022531957,83534.64717101082,1573.0,-99.05225084260871,19.378276583372067,0.10717094366878868
Iztapalapa,Centro,117.927073793073,0.921202083153857,23714.131023281,5541.0,-99.05320871731676,19.368806940803804,0.05846742588688725
Iztapalapa,Centro,122.08360210232,0.953671323795618,80416.15667074663,1634.0,-99.07313077660037,19.290635105336936,0.18837958259319157
Iztapalapa,Centro,123.572000126648,0.965298131079747,27076.035441994645,4853.0,-99.06195412087948,19.356743401748187,0.09918568000271406
Iztapalapa,Centro,117.898908668581,0.920982067761968,25749.55908289241,5103.0,-99.02887943745458,19.37395755548821,0.11864938703054535
Iztapalapa,Centro,117.964433540489,0.921493923492451,27963.396467333478,4699.0,-99.05180097906032,19.3643898903466,0.06248743549217017
Iztapalapa,Centro,121.292159603858,0.947488871752761,25654.041390082,5122.0,-99.11053083979871,19.379077617078,0.06677244819776393
Iztapalapa,Centro,122.359592010103,0.955827253471488,33563.2183908046,3915.0,-99.06423476646091,19.35307788234471,0.09429846454911192
Iztapalapa,Centro,120.988308692779,0.945115302365761,18116.64138976975,7253.0,-99.05589900450543,19.35474636949385,0.07606730189476664
Iztapalapa,Centro,124.234397383539,0.97047253008157,60441.58233670653,2174.0,-99.05827257932768,19.35033516929679,0.09784813389821581
Iztapalapa,Centro,122.841109142208,0.959588684760353,36059.27552140505,3644.0,-99.08726487244792,19.30901592898818,0.11046308187194576
Iztapalapa,Centro,121.705619087458,0.950718662210044,45577.52341311134,2883.0,-99.10176724130132,19.335691664651456,0.11273123451786585
Iztapalapa,Centro,122.314715569023,0.95547669554041,34147.609147609146,3848.0,-99.10579060285724,19.333114682696785,0.09299649419954864
Iztapalapa,Centro,122.255104027829,0.955011032532235,62870.81339712919,2090.0,-99.0486998257606,19.336793474996743,0.06869200085288422
Iztapalapa,Centro,119.646014046263,0.934629799886948,31639.77847339273,4153.0,-99.04601226775672,19.339565931126064,0.07007296568619568
Iztapalapa,Centro,120.150622581659,0.938571612560089,29369.691551184624,4474.0,-99.0402925176363,19.321480638254148,0.05634966410739526
Iztapalapa,Centro,120.327519089031,0.93995346174749,61545.6674473068,2135.0,-99.07668870029217,19.35972219754152,0.09126725558823133
Iztapalapa,Centro,120.219876590304,0.939112598908502,19315.008084668527,6803.0,-99.07986438949706,19.35733141700425,0.0857669641535318
Iztapalapa,Centro,122.052145139972,0.953425593800696,29343.456900401965,4478.0,-99.0680150804174,19.330788894982888,0.08431896204837117
Iztapalapa,Centro,121.526832900308,0.949322051552762,31955.252918287933,4112.0,-99.07161040599216,19.32835856393592,0.08171927963931723
Iztapalapa,Centro,121.30221419216,0.947567414426564,23960.61269146608,5484.0,-99.10217933920214,19.345118662187527,0.08111743973468831
Iztapalapa,Centro,120.202137533898,0.938974028051204,15659.63532356096,8391.0,-99.09690188354593,19.337058702946447,0.159991755886672
Iztapalapa,Centro,117.687580719125,0.919331253059238,21849.01895576987,6014.0,-99.03934051712692,19.31933581541211,0.053173821640020234
Iztapalapa,Centro,119.301719324103,0.931940298612376,26745.36942804804,4913.0,-99.03765043312043,19.319342103759496,0.10899983452163639
Iztapalapa,Centro,118.789832558521,0.927941631134025,36941.24262018555,3557.0,-99.0410696051728,19.317626098112832,0.05128302448948998
Iztapalapa,Centro,122.021912696673,0.953189429289437,43195.26627218935,3042.0,-99.08141873980988,19.316602966911496,0.1178969037203743
Iztapalapa,Centro,127.049402178043,0.992462292036791,61893.546867640136,2123.0,-99.08246268586504,19.313544987508408,0.16498630099288125
Iztapalapa,Centro,121.84312872834,0.951792835964721,36318.40796019901,3618.0,-99.0841913126596,19.33774825144446,0.10956125968588791
Iztapalapa,Centro,122.247144684294,0.954948857124931,45139.1274476125,2911.0,-99.08263720929004,19.33633314127833,0.08872774211793759
Iztapalapa,Centro,120.364162255311,0.940239704422938,22430.863776032777,5858.0,-99.07963268745412,19.33086413705393,0.05756232881885781
Iztapalapa,Centro,120.301055816202,0.93974674058268,29748.698211455736,4417.0,-99.00858922310812,19.353168516003144,0.06978991250878352
Iztapalapa,Centro,121.390876731902,0.948260012942585,28155.131776301696,4667.0,-99.01453603618752,19.350463446847584,0.06335900932762957
Iztapalapa,Centro,119.887226378601,0.936514060183454,34651.898734177215,3792.0,-99.02300425307943,19.32861867518965,0.07835438536331903
Iztapalapa,Centro,124.684234682493,0.973986490392367,35503.91786003783,3701.0,-99.082230288659,19.39005165009726,0.0619123874477328
Iztapalapa,Centro,123.497855580458,0.964718941685759,68012.42236024844,1932.0,-99.08250438963957,19.3869985475998,0.08470975321571642
Iztapalapa,Centro,119.260065343019,0.931614913330503,11317.829457364342,11610.0,-99.10032920241352,19.364877564827545,0.08936304777647244
Iztapalapa,Centro,119.569697910672,0.934033646850803,60580.91286307054,2169.0,-99.03914655991082,19.38538204002086,0.081119955447315
Iztapalapa,Centro,121.926028753519,0.952440419877659,26810.854927565804,4901.0,-99.08195661474764,19.3513471878578,0.0673358128379463
Iztapalapa,Centro,121.701227136221,0.950684353933768,37823.83419689119,3474.0,-99.08859271155424,19.354316222416514,0.20171624950549383
Iztapalapa,Centro,123.277111297724,0.962994570118164,52983.87096774193,2480.0,-99.0339208686689,19.38314334583105,0.08013403921052228
Iztapalapa,Centro,123.717457835608,0.966434392162076,82745.5919395466,1588.0,-99.03517349522068,19.38169788467216,0.08294310924286616
Iztapalapa,Centro,122.012227642419,0.953113773277067,119129.64641885766,1103.0,-99.03543259633408,19.380611387382626,0.08839395447434358
Iztapalapa,Centro,122.106541248233,0.953850515802347,29317.26907630522,4482.0,-99.09981529018782,19.353878462722264,0.06813362533729654
Iztapalapa,Centro,121.585627573867,0.949781333497264,25352.11267605634,5183.0,-99.09502538131736,19.3545365025125,0.07715052533370757
Iztapalapa,Centro,119.491017373039,0.933419023992457,16425.0,8000.0,-99.04291665260878,19.321436700376733,0.06017204512758984
Iztapalapa,Centro,122.214859722961,0.954696659112395,48811.29271916791,2692.0,-99.04502617466426,19.32229251063653,0.07229355841872777
Iztapalapa,Centro,119.454619863159,0.9331347002927,14953.90918402185,8787.0,-99.04479181983022,19.317132008051004,0.05458055174681787
Iztapalapa,Centro,123.008725271337,0.960898039112647,38020.83333333333,3456.0,-99.0960839362393,19.350251936170785,0.13780934118014065
Iztapalapa,Centro,121.330598604082,0.947789142809633,29748.698211455736,4417.0,-99.0991200698753,19.348931685814584,0.10346634855166206
Iztapalapa,Centro,119.65318282951,0.934685799733703,82589.56631049655,1591.0,-99.04519142694724,19.323198624233893,0.08116209237046983
Iztapalapa,Centro,120.253539052131,0.939375557438396,16439.384461403726,7993.0,-99.0943588049244,19.36222784248736,0.07444992226807881
Iztapalapa,Centro,122.651920947115,0.958110817517304,39364.88915518274,3338.0,-99.08402893173168,19.334289127280485,0.07111239748392219
Iztapalapa,Centro,123.349401780034,0.963559276260305,56784.788245462405,2314.0,-99.08510850331812,19.3304536609994,0.07148458073784074
Iztapalapa,Centro,122.467496685391,0.95667016433547,71685.76104746317,1833.0,-99.03723850389896,19.381420460224778,0.13746101239777303
Iztapalapa,Centro,121.454426395376,0.948756439085401,31716.14771904417,4143.0,-99.07311400255615,19.36137347796405,0.1329382277159835
Iztapalapa,Centro,124.128158692786,0.969642633264113,49584.90566037736,2650.0,-99.07264299777827,19.330404795284608,0.07208064574011248
Iztapalapa,Centro,121.013790490922,0.94531435661833,40480.59149722736,3246.0,-99.04704839506152,19.323943955889533,0.06836474360003882
Iztapalapa,Centro,121.213920044555,0.946877693651784,17496.671105193076,7510.0,-99.09707467401206,19.33217270179204,0.08070227502582994
Iztapalapa,Centro,123.333185133017,0.963432597894316,22741.433021806854,5778.0,-99.08920814009944,19.33160064060317,0.14892073813015225
Iztapalapa,Centro,123.472567282189,0.964521398981647,59863.325740318905,2195.0,-99.08712720615507,19.33293550782852,0.07944611405828268
Iztapalapa,Centro,123.467370282578,0.964480801969327,59917.92065663475,2193.0,-99.08673417310618,19.31589636069792,0.10601320584037148
Iztapalapa,Centro,123.351207267522,0.963573380051588,28288.482238966637,4645.0,-99.11300302558708,19.371414081004605,0.08128992002101627
Iztapalapa,Centro,121.222269267953,0.946942914654388,39259.03794442784,3347.0,-99.11983702517108,19.372907882509747,0.06975556861428106
Iztapalapa,Centro,121.223387303361,0.946951648327785,53786.32828489562,2443.0,-99.11465118761154,19.373115540543576,0.07707507014884045
Iztapalapa,Centro,119.604607434601,0.934306346962247,38342.57367960316,3427.0,-98.99045409798627,19.349408416887155,0.07237155597691171
Iztapalapa,Centro,119.931011427973,0.936856092571735,37976.87861271676,3460.0,-98.98813002373022,19.348952195274645,0.07844507502245458
Iztapalapa,Centro,121.043489709258,0.945546355776107,38297.87234042553,3431.0,-99.03011388602472,19.342273630482985,0.08985401019493894
Iztapalapa,Centro,122.528666104303,0.95714799690024,36069.17375789185,3643.0,-99.02749030127563,19.34075113471673,0.10885163957550573
Iztapalapa,Centro,120.468897088742,0.94105785367088,17223.751474636258,7629.0,-99.03948972564623,19.33024505831592,0.06411750431393916
Iztapalapa,Centro,120.136417828403,0.938460650353787,19492.656875834447,6741.0,-99.04202725821511,19.32892089161295,0.0826226838661335
Iztapalapa,Centro,123.093344466935,0.961559052540284,28885.469333919544,4549.0,-99.06318518112602,19.362141703674663,0.09896476758115924
Iztapalapa,Centro,122.685800176135,0.958375469351228,20012.18397806884,6566.0,-99.05942285987749,19.35855328434363,0.11181063740923029
Iztapalapa,Centro,119.763840893526,0.935550219038026,27204.96894409938,4830.0,-99.00073095363354,19.3445894358144,0.06243900972239499
Iztapalapa,Centro,119.437423086075,0.93300036551813,38522.42744063325,3411.0,-99.00434448162758,19.347501878513068,0.06397982677291023
Iztapalapa,Centro,121.651293332675,0.950294289783383,19360.54221305437,6787.0,-99.0446793742992,19.333956808113435,0.05711042684385211
Iztapalapa,Centro,120.668291860475,0.942615450863634,25317.919075144506,5190.0,-99.04559723090408,19.32815136474007,0.07382180521204136
Iztapalapa,Centro,122.713333163058,0.958590546721445,84774.1935483871,1550.0,-99.06333246293246,19.34325192851378,0.08160389525581062
Iztapalapa,Centro,120.423871982004,0.940706134419421,30416.666666666664,4320.0,-99.0655048244882,19.34167089924525,0.06731944333449642
Iztapalapa,Centro,118.708171196575,0.927303723193826,17259.95008538027,7613.0,-99.0344108338977,19.328893016985024,0.0580741165318572
Iztapalapa,Centro,120.106574293012,0.938227523845292,21900.0,6000.0,-99.02143899923334,19.33500097098905,0.07788271807172964
Iztapalapa,Centro,124.055602591164,0.969075852203497,47574.221578566256,2762.0,-99.08541893834216,19.384190500059432,0.09423763380337104
Iztapalapa,Centro,118.586593652182,0.9263540050031,17113.831727012242,7678.0,-99.0306906647894,19.324548060646563,0.06493526970163373
Iztapalapa,Centro,121.837675040608,0.951750233801046,45404.28472702142,2894.0,-99.02302522316415,19.338976376831823,0.09897946133999269
Iztapalapa,Centro,119.800397006188,0.935835781683256,31609.333654077454,4157.0,-99.02417991514515,19.33209910073129,0.08509929033875359
Iztapalapa,Centro,122.79464904002,0.959225755862497,124431.8181818182,1056.0,-99.12348987821107,19.36733401618811,0.10399773163511933
Iztapalapa,Centro,121.57852148103,0.949725823364486,131927.7108433735,996.0,-99.12534652272524,19.36643963075068,0.11184058264213165
Iztapalapa,Centro,124.411687863417,0.971857456834474,80712.53071253072,1628.0,-99.0909659491545,19.31254847668594,0.10781247082946221
Iztapalapa,Centro,123.887726197606,0.967764464763078,52080.85612366231,2523.0,-99.0924811482779,19.31219777245027,0.15743120665338123
Iztapalapa,Centro,125.035062285689,0.976727024084055,104203.013481364,1261.0,-99.0898968240198,19.311144653940072,0.12223707872110812
Iztapalapa,Centro,124.103192191405,0.969447604316634,30932.20338983051,4248.0,-99.09524695717094,19.317561899903687,0.108153376645805
Iztapalapa,Centro,120.984011580503,0.945081734935882,21279.352226720646,6175.0,-99.06389459227792,19.29422617717725,0.07973761893559883
Iztapalapa,Centro,122.533255911316,0.95718385075166,47096.77419354839,2790.0,-99.07242579997224,19.293062252768795,0.12936643486176938
Iztapalapa,Centro,122.4092267457,0.956214981415194,50229.35779816514,2616.0,-99.0688436168544,19.292388617196146,0.10785540520408618
Iztapalapa,Centro,121.703549059126,0.950702491924883,51029.12621359224,2575.0,-99.067254041285,19.296585754846983,0.07589197270408778
Iztapalapa,Centro,120.464877461121,0.941026453847081,32694.70017417268,4019.0,-99.0706578900321,19.29650466731847,0.08012966237537153
Iztapalapa,Centro,119.91500566854,0.936731061580486,38075.92002318169,3451.0,-99.02665903165048,19.333371365512978,0.09038429906319279
Iztapalapa,Centro,121.130946421358,0.946229534818725,16519.989942167464,7954.0,-99.02466406378797,19.340794267107007,0.07871631908665856
Iztapalapa,Centro,120.466584482788,0.941039788460287,17136.150234741785,7668.0,-99.029536916957,19.33637448556888,0.07258547463898439
Iztapalapa,Centro,119.565595533103,0.934001600615441,16238.260009886308,8092.0,-99.00396555431143,19.339027424941413,0.06866532254878474
Iztapalapa,Centro,118.897916870412,0.928785945251797,24792.45283018868,5300.0,-99.00406768044304,19.34355823807237,0.05867186060987979
Iztapalapa,Centro,119.462830633796,0.933198839754246,19617.79635712153,6698.0,-99.00802900512474,19.34492227013621,0.06642188577950639
Iztapalapa,Centro,120.150233482376,0.938568573062385,21973.24414715719,5980.0,-98.9987825057789,19.340453506990613,0.07676056596285606
Iztapalapa,Centro,121.444917693966,0.948682160675312,24560.747663551403,5350.0,-99.0133617607444,19.347539439373683,0.06530300177887777
Iztapalapa,Centro,119.952496266112,0.937023924071436,23956.24430264357,5485.0,-99.00887441842768,19.34871723892501,0.0645254860965889
Iztapalapa,Centro,124.486812878268,0.972444305282003,78354.20393559929,1677.0,-99.088372013237,19.38837268675237,0.08114811549897984
Iztapalapa,Centro,124.362565836429,0.97147373397818,44602.85132382892,2946.0,-99.0895800511574,19.3850219636379,0.09338147330137982
Iztapalapa,Centro,123.633318055494,0.965777123748442,86220.47244094488,1524.0,-99.0854633135069,19.38773477585176,0.09199857564452195
Iztapalapa,Centro,119.6991718638,0.93504504882577,53155.33980582524,2472.0,-98.98265851040458,19.34353923531954,0.18936610310201857
Iztapalapa,Centro,119.46546497717,0.933219418256923,40405.90405904059,3252.0,-98.98357565851065,19.34629312601299,0.17289729686738162
Iztapalapa,Centro,118.347050094815,0.924482780550951,18841.410954975625,6974.0,-99.01309126357958,19.32823959930528,0.24089938283232176
Iztapalapa,Centro,118.596928083976,0.92643473370933,32452.45739688812,4049.0,-99.01536601654227,19.332158181481088,0.09164368097833778
Iztapalapa,Centro,121.51862709404,0.949257950871004,36118.74656404618,3638.0,-99.09081784795865,19.35121568082561,0.18770997874254683
Iztapalapa,Centro,122.327834133455,0.955579172846885,27323.767935121647,4809.0,-99.0853135613766,19.351490827234606,0.10422360934827597
Iztapalapa,Centro,117.925988172765,0.921193602695071,127079.30367504836,1034.0,-99.09171036461048,19.34414350236009,0.334087251415077
Iztapalapa,Centro,122.615424687478,0.957825722421461,59836.065573770495,2196.0,-99.06844730285655,19.29047598821078,0.10609123988744144
Iztapalapa,Centro,122.035754990101,0.95329756009547,93323.86363636365,1408.0,-99.06688378967397,19.288499457135188,0.08695600555829754
Iztapalapa,Centro,120.97518304597,0.94501276973441,30679.430305860376,4283.0,-99.0689163651344,19.287469364087844,0.10015829563037683
Iztapalapa,Centro,121.345752631894,0.94790752039282,67977.23745473358,1933.0,-99.05383346463692,19.382224190217585,0.10267466280933474
Iztapalapa,Centro,121.199427029375,0.94676447965142,35571.196534921495,3694.0,-99.06060048173136,19.33653158587141,0.057670488998940596
Iztapalapa,Centro,122.196193646042,0.954550846718437,29911.22239927157,4393.0,-99.0615582247318,19.34105833618765,0.07743544752710782
Iztapalapa,Centro,121.746915533235,0.951041254560155,22503.85339955472,5839.0,-99.0716953736576,19.36909923140209,0.0894643826171361
Iztapalapa,Centro,121.000512432862,0.945210633407436,16002.92290829375,8211.0,-99.06897418802188,19.37387909797476,0.08211547173557118
Iztapalapa,Centro,119.406912213734,0.932762026023601,17087.12613784135,7690.0,-99.00124703861955,19.351836984298885,0.07439340742419139
Iztapalapa,Centro,119.042418560904,0.92991473827632,19323.529411764703,6800.0,-99.00434224383012,19.35347626195716,0.07380890498045144
Iztapalapa,Centro,119.003554893652,0.929611149879868,33418.107833163784,3932.0,-99.0511385899795,19.37693950230193,0.09862765576752644
Iztapalapa,Centro,116.348378858433,0.908869910263625,16509.611760271393,7959.0,-99.04537078154206,19.37399772021957,0.1250576167142982
Iztapalapa,Centro,117.896971853416,0.920966938088117,27558.724832214764,4768.0,-99.00352585975747,19.36024900337596,0.13657920015947114
Iztapalapa,Centro,120.30048934178,0.939742315496896,60247.59284731774,2181.0,-99.00143747238214,19.363552422558065,0.09003157731569716
Iztapalapa,Centro,118.270870029697,0.92388769044633,20722.2835514903,6341.0,-99.030143233927,19.328171423247525,0.07492952149824342
Iztapalapa,Centro,119.292144323207,0.931865502295565,26040.42806183116,5046.0,-99.026070295557,19.32800154468348,0.07827494804130057
Iztapalapa,Centro,120.729602793491,0.943094388883535,36734.69387755102,3577.0,-99.06869814317824,19.31022431828536,0.06912723402390013
Iztapalapa,Centro,120.630660026766,0.942321485088937,35190.14461703267,3734.0,-99.07326932733926,19.30889595261464,0.08363321513322602
Iztapalapa,Centro,119.503289911964,0.933514892464893,18171.760475729498,7231.0,-99.03110006563824,19.332157163390782,0.07117735671907975
Iztapalapa,Centro,120.74089575659,0.943182605276909,42277.99227799228,3108.0,-99.07002724466784,19.30663278696652,0.0792663017217856
Iztapalapa,Centro,120.240341748959,0.939272465054404,38499.85350131849,3413.0,-99.057614783303,19.37887513765356,0.08074448957397629
Iztapalapa,Centro,122.351572650915,0.955764609244411,38647.05882352941,3400.0,-99.10240434133286,19.3399185951064,0.07797397466184353
Iztapalapa,Centro,121.394356415818,0.948287194928615,25052.430886558628,5245.0,-99.10477289943204,19.341288794564484,0.09492821577960654
Iztapalapa,Centro,121.121358414433,0.946154636903697,18958.30327514067,6931.0,-99.10579818801476,19.336544638540584,0.09853145111726329
Iztapalapa,Centro,118.704994633231,0.927278909072046,19670.65868263473,6680.0,-99.00174600987496,19.331104528269048,0.27114007972255666
Iztapalapa,Centro,118.43884773749,0.925199869315561,23752.711496746204,5532.0,-98.99649639933122,19.33634711121439,0.09842627304013127
Iztapalapa,Centro,116.823584916632,0.912582041809504,40555.55555555556,3240.0,-98.99386041633036,19.331938837332363,0.24658031976885272
Iztapalapa,Centro,122.089391066668,0.953716545014506,123612.41768579492,1063.0,-99.0503370969262,19.374383082927377,0.12066879433912511
La Magdalena Contreras,Sur,125.879609124685,0.98332430732343,12895.377128953773,1233.0,-99.22823291991855,19.30816809971794,0.15067279419633117
La Magdalena Contreras,Sur,116.707369748158,0.911674212488818,2567.829457364341,6192.0,-99.2477318318316,19.27074191250276,0.21271136815706596
La Magdalena Contreras,Sur,124.854459855193,0.97531622561476,6675.062972292191,2382.0,-99.22231191280632,19.33020498819869,0.1596282825416931
La Magdalena Contreras,Sur,122.597901552405,0.957688838260652,5582.865168539325,2848.0,-99.23228688438218,19.307682994669875,0.09377881579345465
La Magdalena Contreras,Sur,124.635052728939,0.97360229941221,2845.3829634931994,5588.0,-99.23106806545368,19.325777659541203,0.18147124648413335
La Magdalena Contreras,Sur,118.835048429615,0.928294840565106,1975.8916366347707,8047.0,-99.25619286533312,19.321927250408127,0.16441997842801687
La Magdalena Contreras,Sur,124.856188135919,0.975329726295764,11236.749116607774,1415.0,-99.22876267438652,19.321429731207044,0.1613219074325728
La Magdalena Contreras,Sur,122.347777776731,0.955734965110191,2882.523567802756,5516.0,-99.24023971332636,19.31698702419675,0.11538576252534959
La Magdalena Contreras,Sur,122.691713837253,0.958421664654525,3057.104402999423,5201.0,-99.23266034530724,19.314110328407835,0.1475954058177232
La Magdalena Contreras,Sur,122.884931539313,0.95993100889512,2947.719688542825,5394.0,-99.23684838885798,19.30694623399799,0.11100568705625033
La Magdalena Contreras,Sur,125.10620263889,0.977282745848844,14804.469273743018,1074.0,-99.21721102688169,19.33244404309401,0.15368709757002863
La Magdalena Contreras,Sur,123.000442725348,0.960833338968956,3741.176470588235,4250.0,-99.22938925817256,19.31067280900394,0.12394132061899422
La Magdalena Contreras,Sur,124.227969383357,0.970422316954357,20622.568093385213,771.0,-99.21899129204854,19.331552533504585,0.14543048794807192
La Magdalena Contreras,Sur,123.644520869623,0.96586463593187,12296.983758700697,1293.0,-99.21234711658602,19.33268729220936,0.16641417033406092
La Magdalena Contreras,Sur,123.945263597643,0.968213925358242,3954.240238746581,4021.0,-99.23568230888084,19.31950442321348,0.15328760526567378
La Magdalena Contreras,Sur,124.978333302689,0.976283878539658,9330.985915492958,1704.0,-99.21546394911331,19.334233294651657,0.162018945890223
La Magdalena Contreras,Sur,123.306102812252,0.963221040959144,6189.178668742701,2569.0,-99.2099780575502,19.335893484189405,0.14327858615593206
La Magdalena Contreras,Sur,115.770342923327,0.904354510275904,8377.239199157008,1898.0,-99.24615244153148,19.283375610309346,0.2787764218175176
La Magdalena Contreras,Sur,123.54921185863,0.965120117674558,4893.813481071099,3249.0,-99.22421274837252,19.319141785922977,0.11737787392421366
La Magdalena Contreras,Sur,123.60562278032,0.965560778643254,5584.826132771338,2847.0,-99.24327919971972,19.31283386187697,0.11971931761783171
La Magdalena Contreras,Sur,122.79794364347,0.959251492069323,6850.495476087894,2321.0,-99.2281600075012,19.317391392106693,0.10486447021462952
La Magdalena Contreras,Sur,124.688757972713,0.974021824639531,8646.00326264274,1839.0,-99.22468798970064,19.324481916928,0.15193180591991273
La Magdalena Contreras,Sur,121.619819757587,0.950048430015965,3686.529098075586,4313.0,-99.25673784217406,19.30609642473399,0.15205891646432157
La Magdalena Contreras,Sur,124.18074438095,0.970053412942794,4258.168184252812,3734.0,-99.23808616171664,19.310960292929625,0.1533589038140642
La Magdalena Contreras,Sur,120.920945405454,0.944589085623365,1607.6845298281094,9890.0,-99.26088947579956,19.31582402108565,0.17409215597171313
La Magdalena Contreras,Sur,125.04458754078,0.976801431805281,4916.512059369202,3234.0,-99.21705457310092,19.327251674643176,0.16657805423979974
La Magdalena Contreras,Sur,124.944833913726,0.976022193873832,26767.676767676767,594.0,-99.21055797123988,19.334031438330506,0.1580262223322178
La Magdalena Contreras,Sur,122.565059495342,0.957432288425168,2800.7750572485465,5677.0,-99.24378250827148,19.326077208002125,0.0887438632200325
La Magdalena Contreras,Sur,122.457769104754,0.956594176122932,3645.952763127723,4361.0,-99.23522999780737,19.30215595493999,0.14272140804507438
La Magdalena Contreras,Sur,121.326993552044,0.947760981494842,2043.4391466392492,7781.0,-99.2487873170057,19.319419976930604,0.18020006556626703
La Magdalena Contreras,Sur,121.412461335458,0.948428623772314,2680.8295397066263,5931.0,-99.25356764120046,19.31498857518276,0.1424268217546496
La Magdalena Contreras,Sur,120.319962156117,0.939894429821073,1918.6677929286836,8287.0,-99.25256763807384,19.321157102343,0.261534743639103
La Magdalena Contreras,Sur,123.76382872424,0.966796624157084,3425.247738043947,4642.0,-99.22378943359972,19.31371131392461,0.13738103039839125
La Magdalena Contreras,Sur,121.071918509544,0.945768430904428,1847.7629285299245,8605.0,-99.26332758349966,19.308953269956664,0.11620629506334812
La Magdalena Contreras,Sur,122.518541027441,0.95706890359624,3353.0156052298607,4742.0,-99.24408841156516,19.3221955461334,0.09385773234681684
La Magdalena Contreras,Sur,122.309244470897,0.955433957373261,4207.462291611538,3779.0,-99.2402754445022,19.323052871902,0.09232799299839811
La Magdalena Contreras,Sur,122.015715258721,0.953141017227921,3059.457379257264,5197.0,-99.24538332513492,19.316498483470536,0.08685216468684893
La Magdalena Contreras,Sur,119.410012284391,0.932786242613187,2576.985413290113,6170.0,-99.26845797610392,19.30952433546124,0.2071313472162448
La Magdalena Contreras,Sur,120.80439171725,0.943678611913473,1789.13019016541,8887.0,-99.25658406721703,19.301787330291948,0.1301451733803676
La Magdalena Contreras,Sur,121.917013615139,0.952369996996903,3709.752683154456,4286.0,-99.24669261658408,19.31108581768793,0.12804131981093533
La Magdalena Contreras,Sur,120.720040406577,0.943019691102419,2992.09634926609,5314.0,-99.26795659195268,19.3035507424727,0.14025702478636076
La Magdalena Contreras,Sur,118.79913457586,0.928014295005642,2076.53127856863,7657.0,-99.25480485486491,19.297190663002382,0.3081856022447419
La Magdalena Contreras,Sur,119.870999047897,0.936387298360512,3754.427390791027,4235.0,-99.25214437790176,19.311963907726057,0.10540190884349405
La Magdalena Contreras,Sur,121.419730190714,0.948485405344085,2646.4713715046605,6008.0,-99.25597385642132,19.31008621102261,0.22100687036924765
La Magdalena Contreras,Sur,121.880613457222,0.952085652611675,4059.229001787082,3917.0,-99.2496572553132,19.311320829995264,0.11070765637518228
La Magdalena Contreras,Sur,122.762871639192,0.958977522722319,7029.177718832891,2262.0,-99.25040098364704,19.30668015366562,0.10667208221974211
La Magdalena Contreras,Sur,123.60709643029,0.96557229024427,2428.593248816252,6547.0,-99.24575066588584,19.306123793227123,0.13640360221301343
La Magdalena Contreras,Sur,122.157919889594,0.954251866483998,3944.430662366658,4031.0,-99.24378380984184,19.303154808583766,0.15796473909296765
La Magdalena Contreras,Sur,121.704155527892,0.950707229431482,2571.983176965384,6182.0,-99.24825162800776,19.325392581205342,0.09507670723522531
La Magdalena Contreras,Sur,119.711988940203,0.935145171020804,1702.1732148592228,9341.0,-99.2630046272325,19.301193949803498,0.15300709925155404
La Magdalena Contreras,Sur,120.561846129123,0.941783936722647,1670.1680672268908,9520.0,-99.2461066521217,19.29123946235055,0.15949093876282852
La Magdalena Contreras,Sur,122.181558240187,0.954436520415519,1647.326978864484,9652.0,-99.24035191222742,19.29795944092646,0.15766513704908325
Álvaro Obregón,Centro,120.133165711851,0.938435246038682,8662.311843226356,7042.0,-99.26027986016416,19.32198744869752,0.11642881053710645
Álvaro Obregón,Centro,123.194081823314,0.962345974996367,13295.55361813426,4588.0,-99.19328967497428,19.379260710272582,0.0747729543849103
Álvaro Obregón,Centro,124.883063390484,0.975539665707417,27689.51429868361,2203.0,-99.18461121939592,19.34641119928387,0.1854138696401748
Álvaro Obregón,Centro,125.017182942075,0.976587357355684,20933.424845573096,2914.0,-99.21147410265678,19.310284093719325,0.17977843095653992
Álvaro Obregón,Centro,124.558594942214,0.973005039850524,257383.9662447257,237.0,-99.24394775545946,19.38479241826749,0.1883660073091054
Álvaro Obregón,Centro,120.687785433654,0.942767727348104,13869.940882219187,4398.0,-99.21924630080387,19.352568916000884,0.13183389585752972
Álvaro Obregón,Centro,122.687777402211,0.958390914699965,33720.287451630735,1809.0,-99.21661390430776,19.366975033838607,0.17319245578898226
Álvaro Obregón,Centro,125.066725296759,0.976974363654335,762500.0,80.0,-99.24338796012611,19.34840448839612,0.296042544062738
Álvaro Obregón,Centro,121.717158361664,0.950808802693442,7077.387167884905,8619.0,-99.26167791084742,19.334566895021844,0.24631710462936635
Álvaro Obregón,Centro,119.069431355262,0.93012575209727,11391.223155929038,5355.0,-99.2262810596349,19.350558337886834,0.17314257792096935
Álvaro Obregón,Centro,122.386440415257,0.956036983145615,10775.481363716655,5661.0,-99.25063839822693,19.33346505624477,0.20002475584887836
Álvaro Obregón,Centro,120.668997331359,0.94262096173766,31443.29896907217,1940.0,-99.24126159329292,19.35238098684661,0.23166786517615032
Álvaro Obregón,Centro,122.53136306019,0.957169064508397,8759.333716255025,6964.0,-99.21678189499352,19.37017384533313,0.08481981202274448
Álvaro Obregón,Centro,124.195975914367,0.970172395970712,17202.481669486748,3546.0,-99.20788572345576,19.36542004344028,0.1335826217747239
Álvaro Obregón,Centro,125.938045924425,0.983780793691846,21974.063400576368,2776.0,-99.21723703217364,19.36339775107473,0.14452651974377198
Álvaro Obregón,Centro,125.385651688181,0.979465697041157,20218.76035797149,3017.0,-99.19857027107346,19.32255586955208,0.16562843458965165
Álvaro Obregón,Centro,124.462299842022,0.972252818634132,20145.310435931307,3028.0,-99.17871441135796,19.35447714191428,0.16789071311700524
Álvaro Obregón,Centro,124.419546407889,0.97191884483729,21048.99930986888,2898.0,-99.25918935491065,19.368975429031764,0.1645693702446986
Álvaro Obregón,Centro,124.43199401994,0.972016080915338,19785.92280246513,3083.0,-99.25507843065456,19.366823271630505,0.2765597402065519
Álvaro Obregón,Centro,121.020708148419,0.945368394764889,19377.38246505718,3148.0,-99.25708097790556,19.35425468101598,0.21690475114143393
Álvaro Obregón,Centro,123.484514769528,0.964614728272976,13180.639585133966,4628.0,-99.20545686315178,19.33884706194093,0.09514654577710988
Álvaro Obregón,Centro,124.962823875208,0.976162724707513,26418.36292767432,2309.0,-99.21572355721511,19.317763551412146,0.1871845647521587
Álvaro Obregón,Centro,121.313357051932,0.947654458269038,10046.113306982872,6072.0,-99.26478482210486,19.317614646753427,0.12458062980236669
Álvaro Obregón,Centro,125.141828617229,0.9775610426335,30980.192991366173,1969.0,-99.1885673017986,19.3601298700946,0.11557175964160919
Álvaro Obregón,Centro,125.581726222476,0.980997357783984,22769.69018290407,2679.0,-99.1823688814552,19.35723694947988,0.130843948611099
Álvaro Obregón,Centro,124.329419596515,0.971214807980307,20962.199312714776,2910.0,-99.1761237570431,19.36020500283129,0.13381317932483355
Álvaro Obregón,Centro,118.815901677098,0.928145273313609,15856.511567455158,3847.0,-99.25443269468076,19.32743098183238,0.11337489303474074
Álvaro Obregón,Centro,125.003623897003,0.976481439179607,62951.49638802889,969.0,-99.20849930283777,19.36758606624666,0.18215468361417614
Álvaro Obregón,Centro,120.8200983469,0.943801306215022,10151.43950740556,6009.0,-99.22044787682567,19.38225537146511,0.12317583985798443
Álvaro Obregón,Centro,125.243761524313,0.978357304283414,89970.50147492626,678.0,-99.20695075449343,19.38910905820225,0.12378651716531257
Álvaro Obregón,Centro,124.354656571796,0.97141194976848,23800.234100663285,2563.0,-99.19428174210972,19.354710728767,0.16667953878449673
Álvaro Obregón,Centro,123.445436654907,0.964309464694078,25979.55706984668,2348.0,-99.19354249706367,19.374399151144782,0.08219930345908519
Álvaro Obregón,Centro,123.466402882783,0.964473245004859,50082.10180623974,1218.0,-99.19293279039238,19.34739777298969,0.16537436828526042
Álvaro Obregón,Centro,124.88667282324,0.975567861242734,78305.51989730423,779.0,-99.19804777261298,19.36631997175768,0.14552620152836157
Álvaro Obregón,Centro,125.735943240334,0.982202043303093,78811.36950904393,774.0,-99.1928746241846,19.367068296001925,0.12461795919584229
Álvaro Obregón,Centro,122.808081781768,0.959330687404359,39533.37653920933,1543.0,-99.19272344995588,19.365349050817,0.10489859087164916
Álvaro Obregón,Centro,123.525300529145,0.964933331334284,23625.096824167314,2582.0,-99.20737437074187,19.355621285368034,0.16438715930275236
Álvaro Obregón,Centro,124.80222677021,0.974908200339915,26754.38596491228,2280.0,-99.20650645244676,19.36802134095696,0.20417608119132824
Álvaro Obregón,Centro,118.71330408245,0.927343819373681,29355.14918190568,2078.0,-99.20164347951184,19.371579447604848,0.08691943254357803
Álvaro Obregón,Centro,121.988779200263,0.952930602839045,26766.12549363756,2279.0,-99.2095292600662,19.371649878307224,0.12191118087861336
Álvaro Obregón,Centro,123.961995152051,0.968344625987706,24302.788844621515,2510.0,-99.1974140271476,19.37330054210771,0.09482309248658305
Álvaro Obregón,Centro,124.867173194577,0.9754155374551,15084.075173095946,4044.0,-99.2495251991733,19.350914953369408,0.21707529518580318
Álvaro Obregón,Centro,124.807362493233,0.974948318682504,28451.492537313432,2144.0,-99.2224948032963,19.385516995446924,0.13615807750940823
Álvaro Obregón,Centro,122.982685676,0.960694627557543,19328.263624841573,3156.0,-99.22212554674138,19.37859136781637,0.09245252238523186
Álvaro Obregón,Centro,120.500634234736,0.941305772355385,18637.33577757409,3273.0,-99.2479854041511,19.36697601808792,0.23057187682014366
Álvaro Obregón,Centro,121.1334926099,0.946249424688911,14499.64345139054,4207.0,-99.23942597077694,19.35972777447418,0.08861115977180334
Álvaro Obregón,Centro,122.595739000432,0.957671945215504,32813.3405056482,1859.0,-99.20525921129976,19.37165923616416,0.1034287195534507
Álvaro Obregón,Centro,121.870123139335,0.952003706181732,30823.64830722587,1979.0,-99.2191699306819,19.356338118808875,0.25782369538150013
Álvaro Obregón,Centro,122.422649846127,0.956319837642675,23389.57055214724,2608.0,-99.2090832994575,19.3935169867725,0.08114781479487417
Álvaro Obregón,Centro,123.554435106516,0.965160919728558,8798.499927881148,6933.0,-99.21639186941692,19.360794817957128,0.1981573018921232
Álvaro Obregón,Centro,124.673278330074,0.973900903475402,70601.85185185185,864.0,-99.1952344412281,19.35027273176513,0.18954792590626726
Álvaro Obregón,Centro,121.945087172791,0.952589297102966,10368.8594254632,5883.0,-99.23278553926993,19.347216212173773,0.1420067999913062
Álvaro Obregón,Centro,122.69981856712,0.958484975765338,17810.21897810219,3425.0,-99.19720719914687,19.342509605549484,0.15496415250766302
Álvaro Obregón,Centro,124.223531356009,0.970387648748776,11559.59825658518,5277.0,-99.253371962987,19.34201541541875,0.19131720847955158
Álvaro Obregón,Centro,121.191367093064,0.946701518451077,7561.671005330359,8067.0,-99.26155966711556,19.32734627423223,0.16916038794466146
Álvaro Obregón,Centro,121.412932391138,0.948432303482667,12219.55128205128,4992.0,-99.240685351311,19.354716298041847,0.11794199396052257
Álvaro Obregón,Centro,120.665823210854,0.942596166698428,12893.679983090256,4731.0,-99.23623900453411,19.354093640180626,0.1136088574700906
Álvaro Obregón,Centro,121.706573205514,0.950726115422548,14176.156170113874,4303.0,-99.2148121838526,19.38735914022168,0.08397279204662426
Álvaro Obregón,Centro,123.845460378006,0.967434300028132,90370.37037037036,675.0,-99.2089655078493,19.389487797119813,0.11234730267286126
Álvaro Obregón,Centro,123.72700534548,0.966508973729314,122244.4889779559,499.0,-99.20540158779072,19.3888108530052,0.12380221654070128
Álvaro Obregón,Centro,123.564420399832,0.965238921095912,62564.10256410256,975.0,-99.20332115034562,19.38801455740261,0.11603465153507711
Álvaro Obregón,Centro,124.641608596241,0.97365351138942,32690.246516613075,1866.0,-99.19736357785511,19.36750798891712,0.14874500140237873
Álvaro Obregón,Centro,123.29446028452,0.963130093897929,83106.26702997275,734.0,-99.20945750753972,19.387590521344304,0.10427533566251163
Álvaro Obregón,Centro,124.713290589464,0.974213464242969,135254.9889135255,451.0,-99.20777065687707,19.387725228953485,0.11504675937348968
Álvaro Obregón,Centro,124.781315009167,0.974744845503612,133771.9298245614,456.0,-99.20597240644116,19.387671189290693,0.12537384338698493
Álvaro Obregón,Centro,123.228369617453,0.962613818387806,93272.17125382264,654.0,-99.20502755304771,19.38973555994765,0.11125156816359491
Álvaro Obregón,Centro,121.542208041598,0.949442156391535,8822.678623083599,6914.0,-99.23594310578702,19.38134635299684,0.09051482287596185
Álvaro Obregón,Centro,121.947509649469,0.952608220582461,12926.467471922018,4719.0,-99.23244409748628,19.38166949022705,0.07181899458901035
Álvaro Obregón,Centro,122.225661344322,0.95478103732835,16323.253947016325,3737.0,-99.230106567108,19.382549652999,0.08584697309662614
Álvaro Obregón,Centro,121.66800933497,0.950424868925564,13769.751693002258,4430.0,-99.22742916544132,19.38295115995415,0.07773053169961741
Álvaro Obregón,Centro,122.580215139659,0.957550678635892,24507.83447167537,2489.0,-99.23947072088544,19.383160450078908,0.11654464048637776
Álvaro Obregón,Centro,124.692596392918,0.974051808938939,98228.66344605476,621.0,-99.20399285349046,19.36776795719284,0.14193229870848686
Álvaro Obregón,Centro,119.969151553218,0.937154028929332,18769.23076923077,3250.0,-99.20103152064404,19.36968070334131,0.10999665683846817
Álvaro Obregón,Centro,124.552729339946,0.972959219964944,40994.62365591398,1488.0,-99.202991982713,19.36713728510273,0.1102149946467457
Álvaro Obregón,Centro,123.76023655907,0.966768563509678,72532.69916765756,841.0,-99.2011742960539,19.36748310501012,0.11772309295195285
Álvaro Obregón,Centro,125.079130532103,0.977071268701441,43696.27507163324,1396.0,-99.19930510120194,19.36776421529632,0.1408295451501129
Álvaro Obregón,Centro,123.269386106894,0.962934223823996,23893.458676067374,2553.0,-99.20352179347772,19.36356904468692,0.14932836577717742
Álvaro Obregón,Centro,125.091139671539,0.97716507959583,55758.68372943327,1094.0,-99.21167689830855,19.35706097646396,0.13423782954423782
Álvaro Obregón,Centro,123.864395973041,0.967582217796555,31394.75038600103,1943.0,-99.20659105841204,19.35886090451227,0.12965457709916378
Álvaro Obregón,Centro,122.739580780814,0.958795583269688,12231.802686986164,4987.0,-99.2009937868836,19.35971272158506,0.14036662405174477
Álvaro Obregón,Centro,125.631189903901,0.981383749516636,18949.984467225848,3219.0,-99.19486165934,19.360708477877008,0.11402244417625038
Álvaro Obregón,Centro,123.122971825144,0.961790490353698,21539.54802259887,2832.0,-99.1942450344738,19.38003396737823,0.1011784153544207
Álvaro Obregón,Centro,124.09602302065,0.969391601442813,19395.86645468998,3145.0,-99.18783396702388,19.3541234456545,0.12699599957618882
Álvaro Obregón,Centro,124.62691211835,0.973538708014651,114661.65413533837,532.0,-99.20882289060792,19.38903998915979,0.1144539376500745
Álvaro Obregón,Centro,120.550206282568,0.941693010605779,19303.79746835443,3160.0,-99.207841912281,19.39150666097308,0.1073305086979746
Álvaro Obregón,Centro,124.147334292995,0.96979242586296,24380.495603517185,2502.0,-99.21044316027844,19.370092653186784,0.17984414476340813
Álvaro Obregón,Centro,120.951836255277,0.944830393359506,12428.687856560717,4908.0,-99.22615579015788,19.34767784398286,0.10637304388483877
Álvaro Obregón,Centro,123.89390247475,0.967812711524302,17072.488105233697,3573.0,-99.19761029318512,19.376529159776297,0.09140589050354282
Álvaro Obregón,Centro,123.309087791156,0.963244358495112,24390.243902439022,2501.0,-99.24746898717667,19.364165104074026,0.12900205151292052
Álvaro Obregón,Centro,125.163126698419,0.97772741525794,22434.71864656124,2719.0,-99.23837313819676,19.343724968069225,0.22999381400286487
Álvaro Obregón,Centro,125.014453148219,0.976566033229631,54806.82839173405,1113.0,-99.19794386208254,19.36904923148195,0.14773181163320237
Álvaro Obregón,Centro,121.387481939866,0.9482334941001,9843.472648055513,6197.0,-99.24136655212592,19.367989173129835,0.19488755648402298
Álvaro Obregón,Centro,125.75002346796,0.982312032761856,18362.43226971704,3322.0,-99.20423063395351,19.319451494067927,0.1785419708573434
Álvaro Obregón,Centro,124.63356247568,0.973590658112527,80581.24174372523,757.0,-99.19664699713609,19.36948898714865,0.14481459980165423
Álvaro Obregón,Centro,122.557739283452,0.957375105674628,14530.728918532634,4198.0,-99.2124085265561,19.39056503612733,0.08127647400185119
Álvaro Obregón,Centro,124.286346876979,0.970878340045615,31887.08834291689,1913.0,-99.21077958168954,19.36720925212256,0.18001401007624437
Álvaro Obregón,Centro,120.79478541578,0.943603571088319,10265.903736115786,5942.0,-99.2491261738048,19.361053624407173,0.09682813498654386
Álvaro Obregón,Centro,120.624837896175,0.942276004787794,6497.656582871751,9388.0,-99.23983939222028,19.33145030104962,0.1853001641345228
Álvaro Obregón,Centro,121.392755285144,0.948274687496139,24576.954069298958,2482.0,-99.2307952920284,19.369789356982224,0.1454512407715745
Álvaro Obregón,Centro,125.664067859958,0.981640579781608,39102.5641025641,1560.0,-99.1931247445238,19.37120618263948,0.0999883307698808
Álvaro Obregón,Centro,124.434770908936,0.972037772930965,32309.32203389831,1888.0,-99.1963535044516,19.37132673002948,0.1129279496018163
Álvaro Obregón,Centro,120.646452796523,0.942444852284708,10612.386917188587,5748.0,-99.2365079940721,19.359709344673465,0.14606538018995097
Álvaro Obregón,Centro,123.689477492656,0.966215820214303,22634.508348794065,2695.0,-99.22718456553768,19.366976037927028,0.13605019513439442
Álvaro Obregón,Centro,125.056302989399,0.976892948497136,25727.54112188949,2371.0,-99.22393379789304,19.36883868237793,0.11408232878192023
Álvaro Obregón,Centro,120.943887804161,0.9447683030397,12175.64870259481,5010.0,-99.23718236973605,19.364947773650325,0.11036806446409823
Álvaro Obregón,Centro,124.809493110129,0.974964962262812,14140.009272137228,4314.0,-99.2269696080619,19.36582346333911,0.1618443513628416
Álvaro Obregón,Centro,125.153415943183,0.977651558479127,16767.454645409565,3638.0,-99.2076857705539,19.326515497375933,0.1700031350183525
Álvaro Obregón,Centro,123.782068214242,0.966939104213996,13729.462075174431,4443.0,-99.20454380775392,19.33515549056672,0.13479606522532067
Álvaro Obregón,Centro,121.070477125091,0.945757171349539,14631.80618853442,4169.0,-99.24108963491544,19.36203677154664,0.11838108379600297
Álvaro Obregón,Centro,121.120879101632,0.946150892691814,22246.53537563822,2742.0,-99.2543443078993,19.360210612821373,0.19889158149036343
Álvaro Obregón,Centro,121.941366336812,0.952560231327447,21816.881258941343,2796.0,-99.24328948304536,19.357274135293903,0.09578082705877525
Álvaro Obregón,Centro,120.72424924458,0.943052568966777,24468.51183313277,2493.0,-99.21573547840524,19.38873176767408,0.1335655825297903
Álvaro Obregón,Centro,125.411185880032,0.979665160573729,7142.020840650978,8541.0,-99.22899704843356,19.389791027290848,0.22968708678220706
Álvaro Obregón,Centro,122.139994957877,0.954111843638461,15877.147319104632,3842.0,-99.2457042582979,19.380934479236924,0.13800497368098422
Álvaro Obregón,Centro,123.913852577468,0.967968554246345,26544.82158398607,2298.0,-99.25814705697988,19.376174902638432,0.16034296020037844
Álvaro Obregón,Centro,125.186978630909,0.977913737611156,49593.49593495935,1230.0,-99.1943350531832,19.36843072182046,0.14014132201929444
Álvaro Obregón,Centro,121.113410887444,0.94609255380282,19056.544829740706,3201.0,-99.21198001615342,19.37341589365772,0.08832128983549986
Álvaro Obregón,Centro,119.626176371896,0.934474835413019,23461.53846153846,2600.0,-99.22402065447874,19.382382961656308,0.1293933486185623
Álvaro Obregón,Centro,120.033244156714,0.937654696316017,13177.792179736443,4629.0,-99.22802483124956,19.379776057847653,0.09696658773813036
Álvaro Obregón,Centro,123.401471942342,0.963966028844304,40912.1395036888,1491.0,-99.20354195292612,19.3933651188526,0.08050764576622935
Álvaro Obregón,Centro,122.304775706826,0.955399049063925,10983.075261073102,5554.0,-99.2128457712679,19.393657862605444,0.10578290776836041
Álvaro Obregón,Centro,124.351260661542,0.971385422190889,33645.890788747936,1813.0,-99.20438366180792,19.350504544746965,0.1911472064086607
Álvaro Obregón,Centro,122.52788397924,0.957141887232509,17732.558139534885,3440.0,-99.20763723522704,19.39941314488605,0.09381073166019444
Álvaro Obregón,Centro,124.658801713834,0.973787817577412,35465.11627906977,1720.0,-99.19990553002626,19.40111804255892,0.0893681078184232
Álvaro Obregón,Centro,124.352729522701,0.971396896383504,24302.788844621515,2510.0,-99.19455874920016,19.40148723003216,0.1105993835257532
Álvaro Obregón,Centro,125.059549485272,0.9769183089056,2877.6299650910464,21198.0,-99.19312408570424,19.388855552614253,0.07587912012729497
Álvaro Obregón,Centro,121.978727482443,0.952852082588377,16930.335831251738,3603.0,-99.20283538748768,19.39196664193954,0.07008266504798139
Álvaro Obregón,Centro,121.598593511823,0.949882618542936,14413.98865784499,4232.0,-99.19940042743065,19.39534915124701,0.09014732237641562
Álvaro Obregón,Centro,122.285999310921,0.955252374899416,14458.402465039107,4219.0,-99.19792567530448,19.388888507397287,0.13331175237410986
Álvaro Obregón,Centro,121.262631854416,0.947258212045692,15960.23024594453,3822.0,-99.2083819086866,19.39549187835805,0.0837307968620992
Álvaro Obregón,Centro,125.04431927685,0.976799336228048,10605.00695410292,5752.0,-99.1963448591428,19.33786147943204,0.1167590267603863
Álvaro Obregón,Centro,123.82097562382,0.967243034309101,154040.40404040404,396.0,-99.1897066875116,19.343935902513103,0.10924392947903978
Álvaro Obregón,Centro,120.642462035691,0.942413677957441,18373.493975903617,3320.0,-99.21045104213788,19.34113506413653,0.12362583242072142
Álvaro Obregón,Centro,123.012401379246,0.960926755489258,15717.59855707292,3881.0,-99.20229578081128,19.346012102828183,0.10840279504173177
Álvaro Obregón,Centro,121.503592458035,0.949140505931843,19352.79187817259,3152.0,-99.21688845064558,19.396009149330784,0.13963034392359933
Álvaro Obregón,Centro,121.447339735967,0.948701080759273,11444.65290806754,5330.0,-99.20392994054492,19.39753318034502,0.11227633700090346
Álvaro Obregón,Centro,119.073716570403,0.930159226591191,10994.95313626532,5548.0,-99.19207062269058,19.397615539600952,0.07088764055782046
Álvaro Obregón,Centro,120.907293814472,0.944482444513343,14720.07722007722,4144.0,-99.19691592516944,19.39858125387136,0.10051134015793427
Álvaro Obregón,Centro,121.748366516055,0.951052589093895,13034.188034188037,4680.0,-99.1959857367538,19.392948633737923,0.09981488670975636
Álvaro Obregón,Centro,120.562416374817,0.941788391268196,19020.891799189278,3207.0,-99.21190342776988,19.3788858952428,0.08203453034758904
Álvaro Obregón,Centro,121.293053823411,0.947495857060618,6474.89650780172,9421.0,-99.20733046562393,19.378397740110863,0.07088247695823363
Álvaro Obregón,Centro,122.887369347837,0.959950052141246,22837.88843129914,2671.0,-99.20099504639762,19.3743843236911,0.08175528608635815
Álvaro Obregón,Centro,121.287394875978,0.947451651485125,11157.856228278764,5467.0,-99.19859440865083,19.380524194470453,0.09807281188288705
Álvaro Obregón,Centro,121.294117236137,0.947504164042107,15852.390852390852,3848.0,-99.20860557701708,19.374445946097232,0.07215640193656266
Álvaro Obregón,Centro,121.605961143294,0.949940171717457,6612.466124661247,9225.0,-99.21813784752136,19.37327531662472,0.09062896897885704
Álvaro Obregón,Centro,120.151714437153,0.938580141725807,14006.888633754304,4355.0,-99.21626269278474,19.37698715178396,0.08767135084569089
Álvaro Obregón,Centro,122.04202089085,0.953346506962684,13779.082900384006,4427.0,-99.21866435041188,19.378975487183112,0.11765165172346782
Álvaro Obregón,Centro,121.592635769411,0.949836078893097,16262.330045321249,3751.0,-99.21268696992745,19.37634210953629,0.08617863938639436
Álvaro Obregón,Centro,120.309341678646,0.939811466633271,19947.67822105952,3058.0,-99.2162668759182,19.38414261855532,0.08100939139101901
Álvaro Obregón,Centro,118.39782127397,0.924879385965614,17290.249433106575,3528.0,-99.21223302347242,19.38148245086288,0.10793430758891848
Álvaro Obregón,Centro,124.68344926125,0.973980354976116,31557.165028453182,1933.0,-99.20082397850864,19.38455999281382,0.14254402391047583
Álvaro Obregón,Centro,121.145747638269,0.946345156375448,13118.279569892477,4650.0,-99.21575395203686,19.380992804218007,0.10473642539739066
Álvaro Obregón,Centro,121.545860452912,0.949470687659231,9452.967611963428,6453.0,-99.22410800874135,19.37231623820964,0.13230476283216988
Álvaro Obregón,Centro,119.912140390887,0.936708679105808,18885.448916408663,3230.0,-99.27228758864918,19.308857978855062,0.296840619301312
Álvaro Obregón,Centro,118.728469943873,0.927462289396606,14624.7902181731,4171.0,-99.25281820138322,19.35319991768036,0.2659543805139777
Álvaro Obregón,Centro,120.712153606108,0.942958082374351,14903.493769850964,4093.0,-99.28742525680762,19.319253061926528,0.2997013163475707
Álvaro Obregón,Centro,121.633609259202,0.950156148432137,16625.78359225947,3669.0,-99.24792710952264,19.329153675673368,0.12722858754382005
Álvaro Obregón,Centro,122.180091725239,0.954425064550619,10898.69572985528,5597.0,-99.24513125483335,19.363010286296934,0.13618295823640855
Álvaro Obregón,Centro,120.375028073085,0.9403245841172,17246.25388747526,3537.0,-99.24482024309096,19.359548779137214,0.14133825732414834
Álvaro Obregón,Centro,121.151465509846,0.946389822244265,14252.33644859813,4280.0,-99.22507023245394,19.375463476887983,0.10717544117964779
Álvaro Obregón,Centro,121.47475931743,0.948915272248558,8109.54533368785,7522.0,-99.2067293682668,19.386865509041872,0.13757459671575428
Álvaro Obregón,Centro,119.964581261677,0.937118327525466,12510.25430680886,4876.0,-99.2136266530162,19.38456214374392,0.08524034554827764
Álvaro Obregón,Centro,120.029381878225,0.937624525644638,18247.083457971883,3343.0,-99.2189995223885,19.38531790687315,0.10101244416825389
Álvaro Obregón,Centro,121.897617488621,0.952218481729221,13152.220784821046,4638.0,-99.20573504331897,19.37545528211883,0.07169872914052991
Álvaro Obregón,Centro,121.612373351997,0.949990261487556,25825.57154953429,2362.0,-99.2294184872254,19.35711446535959,0.152220627884644
Álvaro Obregón,Centro,123.089152723598,0.961526308213049,89574.1556534508,681.0,-99.21116131576412,19.35123957631336,0.1799154509662282
Álvaro Obregón,Centro,122.898511788756,0.96003709271179,26766.12549363756,2279.0,-99.23270937669032,19.35780748991202,0.10794626029131592
Álvaro Obregón,Centro,120.071576920408,0.937954137492944,15685.266135253278,3889.0,-99.20590763270394,19.384059777652443,0.08914512554860053
Álvaro Obregón,Centro,121.46210620393,0.948816430870238,9189.514914130765,6638.0,-99.22858966917843,19.37493326590735,0.1392645586988144
Álvaro Obregón,Centro,122.795327216677,0.959231053524254,19322.141273360787,3157.0,-99.232210483857,19.373276472951485,0.12906650633220318
Álvaro Obregón,Centro,121.211579945616,0.946859413676302,13336.248360297332,4574.0,-99.23478406212796,19.369343742369985,0.10841422276369268
Álvaro Obregón,Centro,121.101206161785,0.945997215062195,19934.64052287582,3060.0,-99.234137703077,19.374161278041687,0.16793756532384208
Álvaro Obregón,Centro,120.966233027838,0.944942855548617,12847.514743049704,4748.0,-99.23255293596192,19.37742401051574,0.15384276324657356
Álvaro Obregón,Centro,122.249091791148,0.954964067193598,21592.9203539823,2825.0,-99.21534164080695,19.33706649683117,0.127195191323196
Álvaro Obregón,Centro,121.724832720105,0.950868751904042,11248.386501936197,5423.0,-99.24058030132818,19.379676742899264,0.11175545366002244
Álvaro Obregón,Centro,124.876374372312,0.975487413605537,17260.89417091115,3534.0,-99.24543463674556,19.372793420904287,0.2483842382148653
Álvaro Obregón,Centro,122.770156618285,0.959034430247455,15315.089128797388,3983.0,-99.22420902811804,19.384606203737142,0.13804278001098794
Álvaro Obregón,Centro,120.344594021885,0.940086844720615,16103.484688489969,3788.0,-99.24861855830214,19.376890574934965,0.22535376778189214
Álvaro Obregón,Centro,120.008850953734,0.93746414576068,22434.71864656124,2719.0,-99.20409923366712,19.376799690322542,0.0641400517624484
Álvaro Obregón,Centro,122.087582946114,0.953702420654702,13180.639585133966,4628.0,-99.23323859618743,19.355214416836688,0.13493856026737988
Álvaro Obregón,Centro,120.350727918885,0.940134760424049,8454.608454608455,7215.0,-99.273030977737,19.329293650946425,0.13823524644938417
Álvaro Obregón,Centro,120.087810576457,0.93808094872711,6658.66171815304,9161.0,-99.2688644422424,19.323453922897336,0.1656090665492019
Álvaro Obregón,Centro,120.062910543964,0.937886439009657,22940.955246333207,2659.0,-99.22492859572574,19.37975710743988,0.11240782161156354
Álvaro Obregón,Centro,123.797935150914,0.967063050773896,10531.767955801106,5792.0,-99.2266445378507,19.356089412140545,0.27917736315605446
Álvaro Obregón,Centro,121.575681887072,0.949703641521206,12459.150326797386,4896.0,-99.2201081485636,19.34818133139493,0.16783794062394802
Álvaro Obregón,Centro,123.317537524327,0.963310364642374,4382.813622646932,13918.0,-99.21727249128602,19.342701222536,0.14820125364136577
Álvaro Obregón,Centro,120.180386125982,0.938804114208359,7268.827454718779,8392.0,-99.23609388142783,19.34166353755376,0.20386953671211208
Álvaro Obregón,Centro,121.124309187039,0.946177687232888,6169.093851132687,9888.0,-99.20764471211724,19.381741702068712,0.07692014774890875
Álvaro Obregón,Centro,122.663768570996,0.958203366712733,19377.38246505718,3148.0,-99.23208817417456,19.36092597978937,0.14870553919905438
Álvaro Obregón,Centro,120.376387110979,0.940335200411647,15242.378810594704,4002.0,-99.25114816895614,19.35807405831728,0.17491913254371477
Álvaro Obregón,Centro,122.700562730622,0.95849078889159,20840.4509736932,2927.0,-99.25583493415662,19.35690396443412,0.13344376334572616
Álvaro Obregón,Centro,123.573222845549,0.965307682501337,5060.980668713184,12053.0,-99.2288278146332,19.337031344119563,0.17970673775503374
Álvaro Obregón,Centro,122.022657862721,0.953195250247207,6109.163745618427,9985.0,-99.27313253383092,19.33721836583324,0.23070035090420124
Álvaro Obregón,Centro,121.360927262863,0.94802605892015,8830.341632889404,6908.0,-99.28718321550626,19.327197280734573,0.21303058585939727
Álvaro Obregón,Centro,123.975290136408,0.968448481420479,13045.337895637296,4676.0,-99.22701618282323,19.362882541047792,0.1684163854565
Álvaro Obregón,Centro,119.918541903638,0.936758685323138,6101.22024404881,9998.0,-99.26881521889932,19.31716759737193,0.12743796969557905
Álvaro Obregón,Centro,117.850885116228,0.92060692577765,12543.697306189591,4863.0,-99.23840570609356,19.37442846514229,0.15408525245041665
Tlalpan,Sur,121.096313576961,0.945958996024042,11732.929991356958,4628.0,-99.23892522109972,19.285435642477804,0.12203851566949415
Tlalpan,Sur,122.568425294553,0.957458580786579,5772.297225470395,9407.0,-99.1782484608823,19.277807825474408,0.16223773726709337
Tlalpan,Sur,124.181260689199,0.970057446149247,18595.890410958906,2920.0,-99.11379925283592,19.29256384941012,0.10313246924987643
Tlalpan,Sur,121.697250272063,0.950653288162111,16127.116127116127,3367.0,-99.17723271143664,19.30119959034642,0.08357459790329318
Tlalpan,Sur,123.269352583063,0.962933961948394,19890.10989010989,2730.0,-99.14795899225302,19.297386220041872,0.10126010330980009
Tlalpan,Sur,126.013153248983,0.984367503949444,29950.35852178709,1813.0,-99.1926178160561,19.29992192568032,0.1488333942159284
Tlalpan,Sur,121.73005438132,0.950909541563571,16863.35403726708,3220.0,-99.17219326735344,19.300210961803582,0.08199700258196964
Tlalpan,Sur,124.576329391538,0.973143574719029,49589.04109589041,1095.0,-99.1591386602416,19.29422955499989,0.12583607339842479
Tlalpan,Sur,125.640334211412,0.981455181418215,32111.17681845062,1691.0,-99.22488586791486,19.308177397644965,0.19311269678673845
Tlalpan,Sur,123.044185044903,0.96117503756793,29084.092126406,1867.0,-99.13771940364204,19.30039945799868,0.1063412820261453
Tlalpan,Sur,120.81574544318,0.943767302963305,10022.148394241418,5418.0,-99.24120748881052,19.280336475281125,0.1287786929632956
Tlalpan,Sur,124.940202097907,0.975986011865375,28548.895899053627,1902.0,-99.11584636469487,19.29923108058403,0.11555865014862837
Tlalpan,Sur,121.313593401938,0.947656304546664,10102.32558139535,5375.0,-99.23212191936176,19.296293062863143,0.09643186424033191
Tlalpan,Sur,123.699197073298,0.966291745933877,15812.463599301109,3434.0,-99.21993553573542,19.303262578468257,0.1739303767347925
Tlalpan,Sur,124.987112238552,0.976352456294919,34172.4354940214,1589.0,-99.10429086688048,19.29698799679479,0.12951151248667944
Tlalpan,Sur,124.946641725725,0.976036315823325,27245.35875564476,1993.0,-99.1107409715462,19.297926330730498,0.10679388917231894
Tlalpan,Sur,125.145549663131,0.97759011004886,17032.62233375157,3188.0,-99.10250245480351,19.29738037444056,0.14394103865026306
Tlalpan,Sur,121.65264381161,0.950304839218453,7475.220264317181,7264.0,-99.2395967558381,19.29075212692772,0.10366344259383296
Tlalpan,Sur,121.441300089824,0.948653901308198,30335.19553072625,1790.0,-99.13316403986704,19.28434599680214,0.14603214364701997
Tlalpan,Sur,125.13182996935,0.977482936945308,18009.950248756217,3015.0,-99.11262751359462,19.297188940278705,0.10543729195887046
Tlalpan,Sur,124.667774559771,0.973857910085465,32073.242764323684,1693.0,-99.12964115119176,19.30447483286259,0.13838300171455073
Tlalpan,Sur,125.924186212432,0.983672526818524,80923.99403874813,671.0,-99.2219200905445,19.30808859946677,0.17593400623107835
Tlalpan,Sur,125.988747329099,0.984176854054422,178032.7868852459,305.0,-99.18230318337172,19.301306988089067,0.2886420380532453
Tlalpan,Sur,122.77796710247,0.959095442821329,16636.029411764706,3264.0,-99.17464280212836,19.30048857255797,0.07698734945678624
Tlalpan,Sur,121.901252296425,0.952246875484894,9040.959040959042,6006.0,-99.16259518400754,19.29876505784557,0.10510686532545829
Tlalpan,Sur,125.771634035349,0.982480846411312,27355.163727959694,1985.0,-99.13442837226631,19.3049126421453,0.16757047727727672
Tlalpan,Sur,123.932967345432,0.968117871646506,46729.77624784854,1162.0,-99.22980283032064,19.30420792963725,0.17051753022502247
Tlalpan,Sur,125.485853097816,0.980248432882227,27675.840978593274,1962.0,-99.21440517651196,19.301719714184102,0.3003502087194247
Tlalpan,Sur,124.704316267548,0.974143360205129,12728.551336146274,4266.0,-99.10756530250396,19.29588588771793,0.10001739893654583
Tlalpan,Sur,124.896827175509,0.975647183235242,17533.09654504359,3097.0,-99.2014977365196,19.301138448391324,0.1856755840153635
Tlalpan,Sur,123.181805163615,0.962250074333989,19092.82700421941,2844.0,-99.15199679517067,19.294360945720527,0.10886139437995622
Tlalpan,Sur,117.716957635663,0.919560734516223,11426.767676767677,4752.0,-99.24218261295609,19.26758134194706,0.15671198982693382
Tlalpan,Sur,126.381870148646,0.987247782117456,11182.042833607908,4856.0,-99.15068214982942,19.25697873763913,0.13804291354416606
Tlalpan,Sur,124.620687600999,0.973490084419016,79735.68281938326,681.0,-99.12748242881592,19.294651323796103,0.08440246791821804
Tlalpan,Sur,120.04032652836,0.937710021147748,764788.7323943662,71.0,-99.19437688897342,19.22407101287522,0.23469713110080584
Tlalpan,Sur,124.884462633062,0.975550596065789,28821.65605095541,1884.0,-99.11790167885412,19.297295105315783,0.12392701211457507
Tlalpan,Sur,122.415887493193,0.95626701267713,9488.03075310152,5723.0,-99.19966220171548,19.27952674916236,0.13634776171854926
Tlalpan,Sur,122.304254201618,0.955394975260783,70611.1833550065,769.0,-99.16887532973742,19.290803889516525,0.1815566429749911
Tlalpan,Sur,124.166265342308,0.969940308121908,16127.116127116127,3367.0,-99.12171847400371,19.2950957436613,0.10933419166005935
Tlalpan,Sur,125.017987407773,0.976593641540076,22805.54388912222,2381.0,-99.12746650309322,19.290059273090435,0.12303663897590382
Tlalpan,Sur,123.556909839031,0.965180251411052,23086.73469387755,2352.0,-99.17107930553794,19.28526470234745,0.15942683782428752
Tlalpan,Sur,121.606345209551,0.949943171899047,29224.97308934338,1858.0,-99.16115005792612,19.28654635162369,0.1421666469856192
Tlalpan,Sur,123.156079721806,0.962049116828457,14803.70774263904,3668.0,-99.13487542902448,19.291625807835548,0.12320819122038053
Tlalpan,Sur,123.042510495281,0.961161956614162,21599.04534606205,2514.0,-99.22150401443872,19.28778105815722,0.13354213518125851
Tlalpan,Sur,122.348838489199,0.955743250998272,58074.866310160425,935.0,-99.16330156262488,19.29365250085215,0.15650434326862447
Tlalpan,Sur,124.010907187948,0.968726708472327,25208.91364902507,2154.0,-99.15656889847578,19.290617378772463,0.15260807711559107
Tlalpan,Sur,124.209936924052,0.970281454143629,16340.656033704485,3323.0,-99.1284520753278,19.292247236233635,0.11446663028855884
Tlalpan,Sur,124.536919954315,0.972835722972198,31387.28323699422,1730.0,-99.1202272300514,19.288970078900046,0.12616009212331586
Tlalpan,Sur,124.782611518015,0.974754973344603,24360.699865410497,2229.0,-99.12371927689117,19.28746155512481,0.14437976713014028
Tlalpan,Sur,121.869796666185,0.952001155895894,14971.050454921422,3627.0,-99.22732769152134,19.28127880688114,0.10757481654998448
Tlalpan,Sur,120.836043300431,0.943925862213374,16656.44171779141,3260.0,-99.2235165452206,19.28160388330696,0.14677392270775905
Tlalpan,Sur,121.85185770204,0.951861023434296,22998.729351969505,2361.0,-99.22031405582726,19.281460375332298,0.1482632058003656
Tlalpan,Sur,123.832733246404,0.967334880448151,23215.04916631039,2339.0,-99.21708456798612,19.28086238479825,0.1260880895997074
Tlalpan,Sur,124.794720499472,0.974849564167422,47715.28998242531,1138.0,-99.21306502542436,19.28360310914069,0.18679518735375364
Tlalpan,Sur,123.150765461936,0.962007603822955,11674.908621801764,4651.0,-99.21139593013666,19.280102260449603,0.1501754991306396
Tlalpan,Sur,122.90788016321,0.960110274940308,11837.8024852845,4587.0,-99.1996381768215,19.284053168833,0.12557910607890282
Tlalpan,Sur,123.985812132527,0.968530675308892,28821.65605095541,1884.0,-99.17748812847236,19.29389204634757,0.11672218480520981
Tlalpan,Sur,121.881535485576,0.952092855151452,16671.783850168868,3257.0,-99.22802222542192,19.28651976852424,0.12446762317235921
Tlalpan,Sur,122.888832618726,0.959961482664769,17487.92270531401,3105.0,-99.2250067223925,19.288204392978425,0.1293158964634519
Tlalpan,Sur,123.661874923851,0.966000199296511,29623.567921440263,1833.0,-99.21743766132153,19.287480524523016,0.1357369122255498
Tlalpan,Sur,121.120078826775,0.946144641244696,52261.79018286814,1039.0,-99.21333011921207,19.288248171240543,0.2121754371348949
Tlalpan,Sur,123.348099995086,0.963549107204402,34585.987261146496,1570.0,-99.1771745388842,19.29026768561081,0.13330908655590737
Tlalpan,Sur,121.943800538477,0.952579246398138,26308.139534883725,2064.0,-99.1236319959786,19.29053666387597,0.11969900354499126
Tlalpan,Sur,124.175038267335,0.970008838922773,17270.992366412214,3144.0,-99.17780118481431,19.283755967539022,0.12739832378429822
Tlalpan,Sur,123.295027960756,0.96313452837183,33292.45861434702,1631.0,-99.17151206581268,19.28234984856453,0.12868891278544706
Tlalpan,Sur,123.769307251925,0.966839420361165,78129.4964028777,695.0,-99.13885619406538,19.284913301629413,0.10710162193374216
Tlalpan,Sur,124.795566444698,0.974856172374333,17873.601053324557,3038.0,-99.1652676727482,19.28086069873503,0.11772575505405099
Tlalpan,Sur,122.02049270104,0.95317833681599,45477.38693467337,1194.0,-99.1596074205426,19.28212483515293,0.222960066174363
Tlalpan,Sur,122.14297140856,0.95413509455516,10157.12682379349,5346.0,-99.16594269202766,19.270390572027605,0.15020609275486696
Tlalpan,Sur,125.186835218728,0.977912617328966,50747.66355140186,1070.0,-99.17318990834134,19.27833421725688,0.16730812355366778
Tlalpan,Sur,126.037068958708,0.984554324506507,55578.30092118731,977.0,-99.17138609646403,19.27959793655647,0.11729918098533504
Tlalpan,Sur,123.070935435706,0.961384001590697,17693.059628543502,3069.0,-99.17062163150398,19.27776789045397,0.11038082436265098
Tlalpan,Sur,122.988129319601,0.960737151260229,11034.34261328998,4921.0,-99.17519229256638,19.273696355849395,0.08846214388869338
Tlalpan,Sur,122.928703768489,0.960272941136835,178032.7868852459,305.0,-99.18412693676405,19.266922254099,0.268473953509529
Tlalpan,Sur,121.322808143384,0.947728286651724,16687.15427166564,3254.0,-99.16765309911,19.26577208351211,0.11898685127844326
Tlalpan,Sur,121.132384991218,0.946240772387076,11553.191489361703,4700.0,-99.23004969606988,19.271783696143025,0.14094590393045286
Tlalpan,Sur,122.593416001208,0.95765379881658,11944.56665200176,4546.0,-99.19007425798507,19.28364252348098,0.09805771542833087
Tlalpan,Sur,122.649615884808,0.958092811234856,11575.357066723513,4691.0,-99.15747098379792,19.27030074045544,0.10679161912765207
Tlalpan,Sur,122.831272350574,0.959511843432457,8334.612432847276,6515.0,-99.15178551221584,19.26834252690338,0.13051757837552375
Tlalpan,Sur,114.715675482682,0.896115843682165,69171.97452229299,785.0,-99.19509107646444,19.21204894935182,0.2407113107684643
Tlalpan,Sur,117.080254720941,0.914587050081205,152100.84033613445,357.0,-99.2229826340919,19.21340897768598,0.28958851986669326
Tlalpan,Sur,125.035452791929,0.976730074572374,24470.482199188824,2219.0,-99.20047820822784,19.292575450957067,0.3037196848837614
Tlalpan,Sur,122.536313135257,0.957207732638769,4930.08897766479,11014.0,-99.2095795889742,19.271036376929644,0.12679359767804238
Tlalpan,Sur,121.72644441576,0.95088134186619,8997.51449875725,6035.0,-99.16125406847132,19.267355993933243,0.11163055292766973
Tlalpan,Sur,124.361646781799,0.971466554668011,24090.5057675244,2254.0,-99.16346840491109,19.27383348830048,0.15779375246372615
Tlalpan,Sur,122.587902751262,0.957610731375228,16863.35403726708,3220.0,-99.23193719104982,19.291197037691507,0.10189232318002577
Tlalpan,Sur,118.198766687905,0.923324446175736,32612.61261261261,1665.0,-99.1741657121793,19.132141181580813,0.23857342134107018
Tlalpan,Sur,123.005804453412,0.96087522277819,125115.20737327189,434.0,-99.18264813101952,19.29755820763914,0.1543474693778646
Tlalpan,Sur,121.623015901953,0.950073397097343,10191.441441441442,5328.0,-99.23095608399136,19.27654794849845,0.14069521786097594
Tlalpan,Sur,122.926362663509,0.960254653302539,43266.93227091634,1255.0,-99.1778314943391,19.29730224596972,0.1352689787718343
Tlalpan,Sur,121.604247747579,0.94992678731258,7867.284844972472,6902.0,-99.20554827896248,19.279335747032263,0.11513946112299586
Tlalpan,Sur,121.674728695844,0.950477358053261,10245.283018867924,5300.0,-99.17864945052968,19.25539797448695,0.18391661223480968
Tlalpan,Sur,122.635077380781,0.957979241892677,14612.48654467169,3716.0,-99.21436143935114,19.274713134559768,0.12599964360760146
Tlalpan,Sur,121.72819808798,0.95089504089602,11657.363675397166,4658.0,-99.22281680792612,19.27612193776501,0.11852021209703423
Tlalpan,Sur,121.078525804798,0.945820044617518,28836.962294211367,1883.0,-99.18849900673614,19.25075501687185,0.3238821842928832
Tlalpan,Sur,122.52010453773,0.957081117152377,14078.299196266527,3857.0,-99.23721463584737,19.280111781244177,0.12940622977565755
Tlalpan,Sur,125.079913186728,0.977077382505913,40133.0376940133,1353.0,-99.1349997300025,19.295430409107645,0.1162137499012353
Tlalpan,Sur,121.707006570135,0.950729500704476,12595.685455810715,4311.0,-99.23527491974242,19.289819498335085,0.10278402580629706
Tlalpan,Sur,121.256783946616,0.947212530382662,11642.36706689537,4664.0,-99.1308624399293,19.28897849011599,0.10968240810984885
Tlalpan,Sur,122.715138854774,0.958604652108077,16738.594327990137,3244.0,-99.16889886373257,19.30046733141504,0.08782841013246873
Tlalpan,Sur,118.586712806913,0.926354935795181,32302.2010707912,1681.0,-99.12651882816036,19.28670815509384,0.12849963885327345
Tlalpan,Sur,125.547657415697,0.980731225039695,49679.78042086002,1093.0,-99.12481310451264,19.28898257835544,0.12933854111605148
Tlalpan,Sur,122.114176248553,0.953910157562073,13937.371663244352,3896.0,-99.23108947571184,19.280046643566084,0.11001811678372188
Tlalpan,Sur,125.037684682649,0.976747509265827,29068.52248394004,1868.0,-99.13296440165644,19.299043214817225,0.12243090325779872
Tlalpan,Sur,124.937130917566,0.975962020956112,94270.83333333334,576.0,-99.1260072588222,19.29873810816517,0.09327670833994126
Tlalpan,Sur,121.5189884329,0.94926077351469,13544.524819156895,4009.0,-99.22243173484598,19.294044838789144,0.09416722516090968
Tlalpan,Sur,122.224776737314,0.954774127110092,18576.80465275402,2923.0,-99.2167552647421,19.29286190724501,0.15565902204339369
Tlalpan,Sur,123.934228511755,0.96812772340494,12123.241795043536,4479.0,-99.18186775575674,19.292333925796743,0.1065285242265189
Tlalpan,Sur,124.653167086454,0.973743801981049,14437.649561286891,3761.0,-99.12829708466424,19.300237883901648,0.11374545437993915
Tlalpan,Sur,119.848251096909,0.936209599896843,15532.036613272312,3496.0,-99.20869919014396,19.22588152359045,0.25081972559908533
Tlalpan,Sur,122.916497460077,0.960177590032336,15942.454492072811,3406.0,-99.231537408224,19.28560724847196,0.11465308335538063
Tlalpan,Sur,122.599454651742,0.957700970490331,15616.911130284729,3477.0,-99.23438135468795,19.281065998638635,0.11578539479080152
Tlalpan,Sur,123.895611649635,0.967826062957639,13414.03162055336,4048.0,-99.1372655664968,19.28914944929842,0.11938261118185106
Tlalpan,Sur,124.557696131539,0.972998018678544,19255.31914893617,2820.0,-99.1211756641418,19.29248820948249,0.11410810320363222
Tlalpan,Sur,125.728054498678,0.982140419411197,57889.12579957356,938.0,-99.11757732961968,19.290834381164167,0.10088748477508262
Tlalpan,Sur,124.102824894509,0.969444735131004,35513.4074558535,1529.0,-99.16761801125244,19.286986426166308,0.1616654980952349
Tlalpan,Sur,122.347155001763,0.955730100225652,13876.82085356504,3913.0,-99.16978973340257,19.27377139197332,0.14429158630010838
Tlalpan,Sur,123.445285988404,0.964308287743851,16316.105769230768,3328.0,-99.17422295348332,19.27021370634669,0.10944984899868115
Tlalpan,Sur,122.486998967733,0.95682250885265,9065.108514190317,5990.0,-99.17830455633656,19.267418544515184,0.22154121016529973
Tlalpan,Sur,122.850598894377,0.959662815146066,15121.136173767753,3591.0,-99.22840655190848,19.294067217780555,0.10983539345352882
Tlalpan,Sur,121.577162030527,0.949715203846885,11225.96650816622,4837.0,-99.22562786169792,19.295161247480696,0.09689334735744491
Tlalpan,Sur,125.456869555013,0.98002202431337,28960.000000000004,1875.0,-99.18725029231273,19.29747271712886,0.15988507106310723
Tlalpan,Sur,121.682775361051,0.950540215584719,7699.943278502552,7052.0,-99.20217717211202,19.26475816231332,0.20980358974409594
Tlalpan,Sur,124.778619798288,0.974723791526808,38647.68683274021,1405.0,-99.15441541622796,19.27675333540174,0.20765190288812393
Tlalpan,Sur,123.638818384867,0.965820090259127,21470.93712930012,2529.0,-99.18737066863996,19.27929954994793,0.22666723636310382
Tlalpan,Sur,124.335334541934,0.971261013316087,30539.932508436446,1778.0,-99.15987247231678,19.274314398869706,0.13999767422040718
Tlalpan,Sur,118.759160276551,0.927702030767996,13081.185256564684,4151.0,-99.14578726180152,19.20053423503673,0.1457312046465409
Tlalpan,Sur,117.64007119044,0.918960126435076,28222.45322245322,1924.0,-99.16113690660254,19.20866587184231,0.23418465660770785
Tlalpan,Sur,122.450884762163,0.956540398219928,14002.062919030428,3878.0,-99.21803075971008,19.275538544789622,0.11584429180967519
Tlalpan,Sur,125.741825841651,0.982247995978869,19890.10989010989,2730.0,-99.16202521936282,19.27778352546402,0.1542641403458893
Tlalpan,Sur,125.039192056167,0.97675928430255,38132.02247191011,1424.0,-99.11630238526575,19.29549274882095,0.12459013329545908
Tlalpan,Sur,122.886635395492,0.959944318780719,10286.039022542149,5279.0,-99.20638949598336,19.283848182975355,0.13181799991262266
Tlalpan,Sur,120.409068559703,0.940590495635013,13240.673006583762,4101.0,-99.1877210596883,19.2600680248642,0.19343416498462052
Tlalpan,Sur,120.584324040664,0.94195952573941,35443.864229765015,1532.0,-99.17608579830755,19.13700142880944,0.25112802719163224
Tlalpan,Sur,119.474467201826,0.93328974026051,7286.634460547504,7452.0,-99.20005729592624,19.21943835477517,0.25119474708110157
Tlalpan,Sur,123.007928717395,0.96089181673192,37242.79835390947,1458.0,-99.16706539564063,19.29466075617629,0.1575580712326686
Tlalpan,Sur,122.785548786499,0.959154668094175,835384.6153846155,65.0,-99.19369576851406,19.230007437931416,0.23205306847529839
Tlalpan,Sur,113.622714266263,0.887578040470504,354901.96078431373,153.0,-99.1828252510011,19.24126386846398,0.2808252252974043
Tlalpan,Sur,120.950941168479,0.944823401277058,14514.835605453089,3741.0,-99.18065421547134,19.24653213010224,0.2621567737603148
Tlalpan,Sur,124.060842157696,0.969116781732646,9684.323167469234,5607.0,-99.1941695073704,19.282514735798166,0.131026175845778
Tlalpan,Sur,119.774504150785,0.935633516405492,6633.276325433667,8186.0,-99.24130748872908,19.275657196427364,0.11097888441639636
Tlalpan,Sur,118.819621242912,0.928174329167081,107524.75247524751,505.0,-99.2038336386537,19.23441020505861,0.26168326685195004
Tlalpan,Sur,117.302983525015,0.916326923985404,30626.05752961083,1773.0,-99.21877265776364,19.224836393219167,0.2954627876548631
Tlalpan,Sur,118.592011601966,0.926396327995334,8253.533971728226,6579.0,-99.204040006884,19.2302000408988,0.20386589949544023
Tlalpan,Sur,119.002223651291,0.929600750713695,38620.19914651494,1406.0,-99.19525689457016,19.22942830098628,0.22072355664896226
Tlalpan,Sur,118.366109250325,0.924631663527469,9450.052210233209,5746.0,-99.17927419931026,19.238212814749115,0.2583789050419934
Tlalpan,Sur,120.896968180558,0.944401784532847,228151.26050420167,238.0,-99.21888306958868,19.21144558178409,0.2572930345182062
Tlalpan,Sur,118.544045052753,0.926021631298168,31351.039260969977,1732.0,-99.22905424046824,19.26460612828143,0.2150275139183446
Tlalpan,Sur,115.633766676703,0.90328762784719,9301.130524152108,5838.0,-99.14233117453666,19.20612273992974,0.30743749226220246
Tlalpan,Sur,122.415431144986,0.956263447856042,18992.65477439664,2859.0,-99.1987850392312,19.27292211815556,0.297822181157763
Tlalpan,Sur,123.369363792515,0.963715212016956,19112.9883843717,2841.0,-99.17038244796947,19.297397810405727,0.11348033374246468
Tlalpan,Sur,124.111316758428,0.969511070387873,24327.956989247312,2232.0,-99.17190480924884,19.295453045891826,0.1318223002314788
Tlalpan,Sur,124.972183314317,0.976235837136462,10414.26927502877,5214.0,-99.18203955175214,19.284940362249856,0.20912120500702544
Tlalpan,Sur,120.399705128643,0.940517352022437,10166.63546152406,5341.0,-99.23954284622684,19.271847166867783,0.11839758606578385
Tlalpan,Sur,120.53094540924,0.941542551885293,9373.381667529777,5793.0,-99.23357683492574,19.271758938028988,0.1368670179243515
Tlalpan,Sur,121.772695864966,0.951242640845185,12188.552188552188,4455.0,-99.23712219644004,19.268129515031973,0.13571414545418758
Tlalpan,Sur,121.625676715593,0.950094182375812,13684.475806451612,3968.0,-99.18660680194384,19.286410386823107,0.13629789099626335
Tlalpan,Sur,122.974341805911,0.960629448372977,15937.77516877018,3407.0,-99.18339156344324,19.28886025554049,0.11380261404172488
Tlalpan,Sur,119.354403532109,0.932351847891121,8148.259303721489,6664.0,-99.1836633337226,19.27658130825977,0.09888738917374808
Tlalpan,Sur,125.329020801304,0.97902331778689,19372.10132001427,2803.0,-99.1218035932147,19.300770782039333,0.0893067831549142
Tlalpan,Sur,125.702724986888,0.981942554762508,50277.777777777774,1080.0,-99.12229830328124,19.298092552107374,0.12315395995641266
Tlalpan,Sur,123.555726423299,0.965171007011082,3885.787891799056,13974.0,-99.14804780066255,19.27515652629945,0.17218265234453625
Tlalpan,Sur,121.480989151196,0.948963937374034,16459.533191876326,3299.0,-99.1929042406772,19.2717230506386,0.16350016565065956
Tlalpan,Sur,121.443474502494,0.948670887004669,7591.22046693695,7153.0,-99.186010651382,19.27290248105632,0.10694909347817731
Tlalpan,Sur,123.601900579974,0.965531702209811,14803.70774263904,3668.0,-99.14216120889616,19.29679472853824,0.147434643476294
Tlalpan,Sur,125.092049362424,0.977172185759934,27817.62295081967,1952.0,-99.14466196710733,19.29045316009173,0.12781984280356898
Tlalpan,Sur,125.065991537989,0.976968631805954,19337.60683760684,2808.0,-99.14280284215388,19.29274632987732,0.17161391668080025
Tlalpan,Sur,121.939547595137,0.952546023999425,382394.3661971831,142.0,-99.14921869119328,19.28959813217672,0.1452052482106494
Tlalpan,Sur,123.205035756814,0.962431543017642,20575.97574838954,2639.0,-99.14407592489476,19.286365970454963,0.1266207148250612
Tlalpan,Sur,124.619418799921,0.973480173020733,245701.35746606335,221.0,-99.15130025422772,19.28617938333852,0.16341597075975423
Tlalpan,Sur,122.053906974062,0.953439356587999,9710.30042918455,5592.0,-99.21937339833292,19.270366112694912,0.145308321197688
Tlalpan,Sur,121.380665577271,0.948180247231333,9228.416043507816,5884.0,-99.22609406332296,19.268781300061985,0.1261331083158034
Tlalpan,Sur,121.839393573245,0.951763658333633,8045.636390576381,6749.0,-99.22596914977336,19.27312844393882,0.11225442467211572
Tlalpan,Sur,122.109145308923,0.953870857748051,10829.676904666932,5014.0,-99.19005097973124,19.27645234431745,0.17878265616793365
Tlalpan,Sur,121.651564486306,0.950296407933877,12107.023411371238,4485.0,-99.1872389639848,19.27047713252655,0.12681046973542137
Tlalpan,Sur,114.526523080584,0.894638256040564,18118.11811811812,2997.0,-99.17921973683444,19.21103647046468,0.2340839673100668
Tlalpan,Sur,124.224449962233,0.970394824556163,26080.691642651294,2082.0,-99.14325069432894,19.27887132587556,0.16783327547869087
Tlalpan,Sur,119.697337268951,0.935030717658699,21530.53132434576,2522.0,-99.1441018546348,19.24414869960644,0.21997747214970825
Tlalpan,Sur,118.933548394513,0.92906428535786,31081.85460789925,1747.0,-99.20870987521184,19.211797053771072,0.3161142786452206
Tlalpan,Sur,118.912915730018,0.928903110719141,7805.088400172489,6957.0,-99.20790334845542,19.217897822575203,0.1711419761790635
Tlalpan,Sur,118.298936976525,0.92410693891111,13660.377358490568,3975.0,-99.15558046898394,19.202038626288346,0.28001958543678673
Tlalpan,Sur,117.366888972731,0.916826129381311,39663.98831263696,1369.0,-99.15979302256883,19.19431423506169,0.3005847318512992
Tlalpan,Sur,111.981678401798,0.874758883611515,180398.6710963455,301.0,-99.17949002130436,19.217057630888345,0.2761262225760582
Tlalpan,Sur,112.528304021056,0.879028917989279,21269.095182138662,2553.0,-99.18664460408318,19.215048719217524,0.23596826933978543
Tlalpan,Sur,121.39530108523,0.948294574331854,10104.205433569035,5374.0,-99.22269357808764,19.30215890744436,0.10393260075536793
Tlalpan,Sur,122.454452748869,0.956568269994243,14522.599625568331,3739.0,-99.22739805946456,19.30168518789022,0.13860561395763102
Tlalpan,Sur,117.397874046644,0.917068173160713,16968.75,3200.0,-99.16014564062134,19.21291027401255,0.2564561360380213
Tlalpan,Sur,121.431260548393,0.94857547617491,7051.032333463187,7701.0,-99.16886433120057,19.261030437600404,0.177634875211392
Tlalpan,Sur,119.540572986403,0.933806133862945,9305.912596401027,5835.0,-99.16769067972452,19.242549649014336,0.2263567542723818
Tlalpan,Sur,121.415605523927,0.948453184993711,6489.005736137668,8368.0,-99.16899663894344,19.25380057301643,0.1864309318460208
Tlalpan,Sur,121.734761257242,0.950946309913402,12707.69950854201,4273.0,-99.16339753027584,19.249039902041563,0.19675217428435932
Tlalpan,Sur,120.519770830667,0.94145526026744,7313.131313131313,7425.0,-99.15870756013204,19.24638361605693,0.23423339624170042
Tlalpan,Sur,115.76666273513,0.904325762025614,39347.82608695652,1380.0,-99.16308702455574,19.2293402539928,0.30249747129104815
Tlalpan,Sur,116.463954909499,0.909772747038766,7790.530846484936,6970.0,-99.13448612208676,19.201133298094085,0.23171792629152949
Tlalpan,Sur,118.143612436838,0.922893601846751,15295.774647887323,3550.0,-99.16312721442851,19.2348631685258,0.17605260106871012
Tlalpan,Sur,119.843046243159,0.936168941530936,85109.71786833856,638.0,-99.1665510222178,19.22837740953013,0.29074789640173815
Tlalpan,Sur,117.703964644892,0.919459238144106,8091.193562807331,6711.0,-99.17405478976782,19.2316969552684,0.2810487199964797
Tlalpan,Sur,113.25406398175,0.884698282675071,205681.81818181815,264.0,-99.18178616927004,19.23190675761148,0.2500270159622022
Tlalpan,Sur,115.54210660496,0.902571613735117,5844.3655150145305,9291.0,-99.14563192998874,19.192184128418067,0.19527090059480337
Tlalpan,Sur,118.540636485147,0.925995004846084,12428.473334859236,4369.0,-99.1418531019945,19.1986025755426,0.14977086571883502
Tlalpan,Sur,115.360811354196,0.901155403213667,59344.26229508197,915.0,-99.15800919127572,19.225359294627843,0.29501373979878287
Tlalpan,Sur,120.876610313939,0.944242756512102,5217.641971749784,10407.0,-99.15339429711324,19.23600415533486,0.269878547598161
Xochimilco,Sur,116.91052784696,0.913261207381559,28940.568475452197,1161.0,-99.11724651515016,19.19666785316257,0.2798752859293573
Xochimilco,Sur,120.277215627872,0.939560509970436,124907.06319702604,269.0,-99.00847267466042,19.252068891086413,0.13105601067651215
Xochimilco,Sur,122.697930002386,0.958470223005767,11401.425178147269,2947.0,-99.01107566122948,19.251698636186088,0.1059392462653204
Xochimilco,Sur,122.208022016813,0.954643245515796,4993.312527864468,6729.0,-99.12049578358408,19.283435273421222,0.07420477416389454
Xochimilco,Sur,122.278040147869,0.955190200901977,48137.53581661891,698.0,-99.01235933013876,19.24684042617714,0.1622560327008963
Xochimilco,Sur,118.410725779711,0.924980191125859,15598.885793871868,2154.0,-99.1324057450787,19.23839393291249,0.2829401089831181
Xochimilco,Sur,124.639876510784,0.973639980987286,27361.56351791531,1228.0,-99.11958846146764,19.261106620878586,0.1537507421004957
Xochimilco,Sur,123.674833622278,0.966101427789697,15047.021943573667,2233.0,-99.11938006777928,19.26900635488292,0.10965058207294807
Xochimilco,Sur,124.793244616203,0.974838035120712,19546.247818499127,1719.0,-99.112775805782,19.280539348746395,0.14944515980967463
Xochimilco,Sur,124.711609583725,0.974200332856438,16430.31784841076,2045.0,-99.11641929550282,19.256476669968176,0.16275051196996201
Xochimilco,Sur,125.107576631716,0.97729347896562,16247.582205029012,2068.0,-99.11620075203544,19.27865643283308,0.11845970030513477
Xochimilco,Sur,122.845530002199,0.95962321886098,10328.927144174608,3253.0,-99.12568323475074,19.27181936455912,0.13176095613076877
Xochimilco,Sur,123.6901463568,0.966221045130199,8333.333333333332,4032.0,-99.1241809114113,19.27699305110628,0.09669944208796351
Xochimilco,Sur,121.369901819608,0.948096164792393,4658.901830282862,7212.0,-99.11780772798704,19.285482245431435,0.09280455307586667
Xochimilco,Sur,123.281769069385,0.96303095488392,7924.528301886792,4240.0,-99.12054482659904,19.27828001573016,0.07482083167924508
Xochimilco,Sur,125.435718852906,0.979856802959062,43864.22976501306,766.0,-99.1206703942552,19.258467216587466,0.1714517008153722
Xochimilco,Sur,124.203170830201,0.97022859995544,59363.95759717315,566.0,-99.12286136122076,19.26267292935501,0.24354902666456738
Xochimilco,Sur,124.65072523,0.973724727114017,11252.511721366376,2986.0,-99.10804172089476,19.283033885282627,0.1764644009555035
Xochimilco,Sur,123.935653140365,0.968138852069476,11674.774148714385,2878.0,-99.11743265231422,19.26094876829745,0.11202554042204482
Xochimilco,Sur,113.746509203899,0.888545080105816,36801.75246440306,913.0,-99.08820509088042,19.262984447671403,0.19459367596051577
Xochimilco,Sur,120.429478912867,0.940749933660972,79245.28301886794,424.0,-99.11387527885508,19.221775217281444,0.23888636049399298
Xochimilco,Sur,117.599846682674,0.918645907662782,10412.147505422992,3227.0,-99.081893614628,19.254003012617524,0.18392022630622434
Xochimilco,Sur,121.009907907851,0.945284027335179,4028.293969548016,8341.0,-99.02504771032766,19.25012553467212,0.17967643996157767
Xochimilco,Sur,117.042502431194,0.914292143349102,15752.461322081575,2133.0,-99.02010387235345,19.242373389934784,0.22210343254698262
Xochimilco,Sur,119.609655400304,0.934345779777565,15584.415584415585,2156.0,-99.03417925676628,19.24753225544705,0.24145595917936633
Xochimilco,Sur,123.635857148281,0.96579695818925,14153.327716933443,2374.0,-99.11109001170198,19.250011592225945,0.25861977167372746
Xochimilco,Sur,117.939686983635,0.921300612669148,15555.555555555557,2160.0,-99.0924171322929,19.231822330500385,0.23247045722360038
Xochimilco,Sur,121.059834757173,0.945674037161771,9719.409892970783,3457.0,-99.102005299915,19.25699255746232,0.10099840083868351
Xochimilco,Sur,121.847933795276,0.951830371345943,44562.33421750664,754.0,-99.1174282362266,19.225061831260675,0.2542739202749003
Xochimilco,Sur,117.857357762791,0.920657487665647,35974.304068522484,934.0,-99.0632286592392,19.260734970421098,0.23568509135618354
Xochimilco,Sur,115.873898290064,0.905163445972277,51851.85185185185,648.0,-99.05989823990612,19.26082515584182,0.2665586872207371
Xochimilco,Sur,111.621939692981,0.871948739703975,7373.271889400921,4557.0,-99.08762532874024,19.22581738575258,0.21168812099705633
Xochimilco,Sur,122.033194334128,0.953277557211131,10748.56046065259,3126.0,-99.10151233839,19.21610087406881,0.2249260282920109
Xochimilco,Sur,109.119872779676,0.852403531139136,38754.32525951557,867.0,-99.0940731804966,19.221657721246185,0.30200484251657345
Xochimilco,Sur,121.295932944376,0.947518347674063,29192.006950477844,1151.0,-99.11350336799954,19.23202000635621,0.19378372797893978
Xochimilco,Sur,118.323662109979,0.924300082382851,15189.87341772152,2212.0,-99.07951260357838,19.253030653550155,0.20959493870911494
Xochimilco,Sur,120.271953404591,0.939519403455259,314018.69158878503,107.0,-99.09610033592872,19.226128679501777,0.2626052961036248
Xochimilco,Sur,117.265019739667,0.916030365128966,166336.63366336632,202.0,-99.10403926516418,19.28342212875292,0.17251856945499258
Xochimilco,Sur,120.795410785641,0.943608456243187,48625.18089725037,691.0,-99.07221766595065,19.258097184854364,0.2234300067303618
Xochimilco,Sur,120.839353760306,0.943951722284641,3435.231571413966,9781.0,-99.01783890125832,19.24731062813477,0.14399091337951375
Xochimilco,Sur,122.144698193588,0.954148583552336,10626.18595825427,3162.0,-99.01475083038171,19.254228027712006,0.11391555985404514
Xochimilco,Sur,116.925359476001,0.913377066506436,2887.8384185646755,11635.0,-99.06522239251056,19.244572297731043,0.2953578936850253
Xochimilco,Sur,119.804979334162,0.935871577111218,27031.375703942074,1243.0,-99.12245259645852,19.21318499367933,0.27214253780722264
Xochimilco,Sur,120.180858187567,0.938807801776456,8695.652173913044,3864.0,-99.1228462097556,19.197772820184472,0.17362372000245116
Xochimilco,Sur,114.753960423454,0.896414911284351,12893.323100537222,2606.0,-99.12828047435504,19.204393529557443,0.23054463192156194
Xochimilco,Sur,117.74484026198,0.919778543138287,104024.76780185758,323.0,-99.01771850383142,19.23980172174745,0.247554555669859
Xochimilco,Sur,121.516768868453,0.94924343510947,15992.384578772013,2101.0,-99.10208174352158,19.223506277148008,0.2225115872039338
Xochimilco,Sur,118.268188553192,0.923866743757303,21960.78431372549,1530.0,-99.099505329639,19.2293298359936,0.29200199346962
Xochimilco,Sur,116.589281846315,0.91075175407724,14451.612903225809,2325.0,-99.09500283705412,19.228150595500548,0.22287661462372807
Xochimilco,Sur,122.119835168091,0.953954362919658,38181.81818181818,880.0,-99.11995644695448,19.254811348032263,0.18543034344876613
Xochimilco,Sur,120.033717081551,0.937658390627519,2935.266882152529,11447.0,-99.03496658552324,19.25319938527177,0.18836149404186292
Xochimilco,Sur,115.6293846119,0.90325339680003,11830.985915492958,2840.0,-99.08677186781884,19.236785725723347,0.2825207341289115
Xochimilco,Sur,121.613246780491,0.94999708438346,18064.516129032258,1860.0,-99.13837247814196,19.26222611574028,0.3245954607819538
Xochimilco,Sur,120.930720619985,0.94466544593402,11872.79151943463,2830.0,-99.0997780073973,19.27260500522058,0.240083643563371
Xochimilco,Sur,120.817028297792,0.943777324142521,6909.315237507712,4863.0,-99.0201247391578,19.25664959473363,0.20077948965892764
Xochimilco,Sur,122.984885578797,0.960711812373328,6023.664395840803,5578.0,-99.131186737774,19.26495222059225,0.11074603414043441
Xochimilco,Sur,125.10194893496,0.977249517508694,21960.78431372549,1530.0,-99.12646939418758,19.26325133713952,0.16831863500505026
Xochimilco,Sur,121.209144057163,0.946840385429059,7652.015486221818,4391.0,-99.07589707637496,19.24920838615908,0.1750488671175553
Xochimilco,Sur,120.066805327081,0.937916863595002,26944.66720128308,1247.0,-99.1332589785888,19.247171510515805,0.24606417953178805
Xochimilco,Sur,120.899921170949,0.944424852186546,40000.0,840.0,-99.1140356809065,19.228718383453888,0.26112355443764945
Xochimilco,Sur,122.555966248194,0.957361255388001,5116.491548652353,6567.0,-99.1371457992351,19.27757671302528,0.1422283145244992
Xochimilco,Sur,123.904141326065,0.96789269359167,15657.03634669152,2146.0,-99.13027570062133,19.28211202024071,0.12166709060911524
Xochimilco,Sur,125.058202614096,0.97690778765299,11233.70110330993,2991.0,-99.13001422543805,19.27815410798441,0.10870856635747621
Xochimilco,Sur,123.506937560144,0.964789886705738,3973.0400851365735,8457.0,-99.13579662400564,19.27042659390288,0.18225282891641112
Xochimilco,Sur,122.215818123688,0.954704145779516,10389.61038961039,3234.0,-99.1047542890662,19.266936560505663,0.1045419027824247
Xochimilco,Sur,120.680745984911,0.942712737813995,10194.174757281551,3296.0,-99.10107323513913,19.26449490024812,0.11591073529213838
Xochimilco,Sur,122.315709772672,0.955484461886534,7451.763140385895,4509.0,-99.11091933477476,19.26217878342555,0.10685993942551354
Xochimilco,Sur,122.756639058561,0.958928836139359,17527.38654147105,1917.0,-99.10567503415945,19.26288918378211,0.09471385064207538
Xochimilco,Sur,120.334884941209,0.940011001022845,14698.162729658792,2286.0,-99.10155067046716,19.26049497974812,0.0957475309000509
Xochimilco,Sur,120.852241018973,0.944052392717213,7352.297592997811,4570.0,-99.05252147057185,19.256968732519,0.2582250452216107
Xochimilco,Sur,121.498692158706,0.949102226630872,5975.457940601103,5623.0,-99.13379864842106,19.256094756088736,0.213707565689162
Xochimilco,Sur,122.803242591641,0.959292885465569,3256.4450474898235,10318.0,-99.12603164071,19.25603439177305,0.13813545234294086
Xochimilco,Sur,122.276476728047,0.955177988052539,5530.864197530865,6075.0,-99.10015044382718,19.25225517972193,0.16235746584139338
Xochimilco,Sur,121.518906505864,0.949260133531405,6607.669616519174,5085.0,-99.05944980145696,19.25339956681629,0.12270198952620792
Xochimilco,Sur,118.225533788886,0.923533540732146,2864.2059500468845,11731.0,-99.04984303323349,19.248365126757204,0.25908985087279446
Xochimilco,Sur,121.542194711264,0.949442052259969,6583.07210031348,5104.0,-99.12752905796567,19.24822669960852,0.19043472791420446
Xochimilco,Sur,122.694831882986,0.958446021658667,13370.473537604455,2513.0,-99.11667235095553,19.24869245669817,0.1755140587534747
Xochimilco,Sur,123.455329172864,0.964386741335116,7498.32626645838,4481.0,-99.10759531188889,19.24589150798956,0.23879742655739072
Xochimilco,Sur,120.27175507933,0.939517854212683,35782.747603833865,939.0,-99.09669030674708,19.248952887038136,0.24828812560197278
Xochimilco,Sur,120.116593654517,0.938305791340565,21860.767729342875,1537.0,-99.10005432493556,19.241369813865408,0.24136966041599553
Xochimilco,Sur,122.356789451636,0.955805360935575,7690.547035934997,4369.0,-99.09753256253552,19.24521608770052,0.18850841060761464
Xochimilco,Sur,121.717512271329,0.950811567303038,5122.732123799359,6559.0,-99.08238202129355,19.245058984663537,0.1732056366631751
Xochimilco,Sur,121.45412252092,0.948754065332084,4975.5664149267,6753.0,-99.11661732687298,19.240137564829936,0.14097717086897799
Xochimilco,Sur,121.199037215408,0.946761434570879,62686.56716417911,536.0,-99.11213218718817,19.242728242539243,0.14720638189281215
Xochimilco,Sur,121.780583631611,0.951304257120658,4936.09519612164,6807.0,-99.10685468774344,19.24010690421992,0.18475591454855395
Xochimilco,Sur,120.292492025313,0.939679843459289,5206.8805206880525,6453.0,-99.03373720345937,19.26056167175204,0.1924420006610624
Xochimilco,Sur,121.292094892852,0.947488366254653,6547.155105222136,5132.0,-99.12546245166162,19.23501439516706,0.18477108062466197
Xochimilco,Sur,121.436395651496,0.94861558967492,5762.304921968787,5831.0,-99.10833541233998,19.22358023448935,0.16946396965890878
Xochimilco,Sur,119.930919865751,0.936855377321993,6798.86685552408,4942.0,-99.10935769750152,19.26880295172156,0.15288567472915618
Xochimilco,Sur,120.894242542126,0.944380492867413,4998.512347515621,6722.0,-99.0955664904684,19.237360659289788,0.19106570078499982
Xochimilco,Sur,118.986636221064,0.929478987553343,7603.530210454854,4419.0,-99.10553255756015,19.233394679683435,0.2519824095761945
Xochimilco,Sur,119.536014627709,0.93377052567401,9784.50786255096,3434.0,-99.12617233656182,19.24104686050257,0.26017192286566476
Xochimilco,Sur,122.162883246898,0.954290638370219,6234.92299127853,5389.0,-99.08936313034404,19.24898079969435,0.13293260344960586
Xochimilco,Sur,120.305611630164,0.939782328893124,4069.274554923096,8257.0,-99.08981226072372,19.241675907480307,0.17836787763002837
Xochimilco,Sur,121.646759011519,0.950258869366679,11389.830508474575,2950.0,-99.10329129590018,19.27088365040459,0.14388138204263942
Xochimilco,Sur,118.685574120203,0.927127203306087,7027.818448023426,4781.0,-99.09535696475818,19.26989798071908,0.2670925491071813
Xochimilco,Sur,117.425150497297,0.917281246565777,5318.138651471984,6318.0,-99.09001564075513,19.256177843635136,0.16245622747466976
Xochimilco,Sur,119.395568821696,0.932673415698257,4504.021447721179,7460.0,-99.07280131233986,19.24320247137696,0.26173797048765246
Xochimilco,Sur,121.451415030744,0.948732915434017,5864.897887938559,5729.0,-99.12200553460886,19.22983973991518,0.17505314978891723
Xochimilco,Sur,121.426457476529,0.948537956378444,5439.533754249635,6177.0,-99.11801161820318,19.22959584404919,0.17410864705490356
Xochimilco,Sur,120.475756192633,0.941111434418623,27768.595041322315,1210.0,-99.11195390079284,19.23571412763333,0.2086472148968452
Xochimilco,Sur,119.713704938443,0.935158575755631,5781.14246386786,5812.0,-99.07224707025236,19.25447652884944,0.18454982310340964
Xochimilco,Sur,119.942671475731,0.936947176492837,11483.253588516747,2926.0,-99.1069508468318,19.25873546105088,0.11559042953100107
Xochimilco,Sur,122.006366059515,0.953067984789246,5144.694533762058,6531.0,-99.12027436321416,19.245158891603364,0.19916868916399966
Xochimilco,Sur,123.600239360631,0.965518725387185,8308.60534124629,4044.0,-99.11759548703492,19.263501646262952,0.11982354701790822
Xochimilco,Sur,120.555832680623,0.941736961917739,9020.13422818792,3725.0,-99.09649418200875,19.214427274632595,0.23211050795678972
Xochimilco,Sur,111.143122553743,0.868208399747014,23300.97087378641,1442.0,-99.10726072116113,19.20058173706116,0.24569291206232424
Xochimilco,Sur,114.941940739998,0.89788334303308,38312.42873432156,877.0,-99.14731584580176,19.23231173698116,0.2909939959444403
Xochimilco,Sur,117.695330136855,0.919391788604865,8038.277511961723,4180.0,-99.14167080558408,19.239806748733155,0.25846897438839084
Xochimilco,Sur,121.299121661078,0.947543256733315,16022.889842632332,2097.0,-99.11687289648695,19.271584919276744,0.12365806917122446
Xochimilco,Sur,116.483099641945,0.909922298510222,4793.1526390870185,7010.0,-99.11063017578516,19.276436335974736,0.23875377327522967
Xochimilco,Sur,121.066743102813,0.945728002567594,8084.696823869104,4156.0,-99.11365618478352,19.26925052482898,0.10304092951021249
Xochimilco,Sur,122.983957751681,0.96070456453579,13445.378151260504,2499.0,-99.09779632862524,19.260186928997843,0.14015238629045998
Xochimilco,Sur,117.602508423024,0.918666700180364,8345.752608047691,4026.0,-99.0838631015642,19.260174108961195,0.1909185051211265
Xochimilco,Sur,121.419783710409,0.948485823419872,11797.752808988764,2848.0,-99.0955866322081,19.26364846073457,0.13786413233621353
Xochimilco,Sur,113.418690151936,0.8859842805892,12504.652028284332,2687.0,-99.12856117504457,19.21630317037674,0.30278221582139014
Xochimilco,Sur,114.989984717831,0.898258644573592,17721.518987341773,1896.0,-99.029129098165,19.24555631714021,0.1955377558110283
Xochimilco,Sur,111.396955949214,0.870191251056393,13575.757575757578,2475.0,-99.02666831984855,19.242325536566064,0.22769057945916746
Benito Juárez,Centro,125.10980995893,0.977310924880414,1953.881358915684,5681.0,-99.189954857027,19.38143926909944,0.08982479930944197
Benito Juárez,Centro,124.365866928,0.971499520867772,15744.680851063831,705.0,-99.16810588278032,19.360234152767934,0.09640496624967144
Benito Juárez,Centro,125.22766880675,0.978231594007849,3189.655172413793,3480.0,-99.16768749161216,19.39800161732841,0.11538084954945185
Benito Juárez,Centro,124.205008444911,0.970242954712537,6646.706586826347,1670.0,-99.13465246997602,19.39399921718336,0.08630171412038508
Benito Juárez,Centro,125.361401542031,0.979276263992142,2815.115394369769,3943.0,-99.16179186068004,19.36135822350497,0.10856716471123591
Benito Juárez,Centro,124.570785739978,0.973100269791657,1953.881358915684,5681.0,-99.14001787685714,19.36647345345812,0.08600831973649702
Benito Juárez,Centro,123.010657831778,0.960913135550189,3974.2212674543503,2793.0,-99.1368419212758,19.38357682324561,0.08730333673095314
Benito Juárez,Centro,121.813354287356,0.951560249195823,4017.372421281216,2763.0,-99.1373036304522,19.38096213027378,0.08695793547227629
Benito Juárez,Centro,125.106833108107,0.97728767083797,2142.8571428571427,5180.0,-99.1879247990721,19.38851172982184,0.08997202239482843
Benito Juárez,Centro,124.301534971087,0.970996983741941,1633.313713949382,6796.0,-99.13905214802809,19.3716726194078,0.08300164073691144
Benito Juárez,Centro,125.331865447983,0.979045539100136,4933.333333333333,2250.0,-99.1843511064257,19.36440130647156,0.10272466127969232
Benito Juárez,Centro,124.741525824375,0.974434027311158,2149.912841371296,5163.0,-99.14139554841208,19.39902064243785,0.12209950429643808
Benito Juárez,Centro,124.097155145704,0.969400445179237,2679.8647996137133,4142.0,-99.14118998535416,19.360547842378857,0.08931613466005293
Benito Juárez,Centro,122.938707713444,0.9603510882038,3826.266804550156,2901.0,-99.13248508955444,19.396848190225743,0.08345231044863878
Benito Juárez,Centro,125.846301987534,0.983064124456679,2755.026061057334,4029.0,-99.17452324414984,19.39460835460647,0.08332404223003409
Benito Juárez,Centro,122.570110400766,0.957471744204476,2924.901185770751,3795.0,-99.18981622973274,19.36778101692789,0.08786473136775991
Benito Juárez,Centro,124.415308176041,0.971885737359234,1605.670475914943,6913.0,-99.18421136268432,19.394446322830408,0.08009092658243684
Benito Juárez,Centro,125.603144128349,0.981164666433921,3627.450980392157,3060.0,-99.174575215783,19.363541115105217,0.11583483760487946
Benito Juárez,Centro,125.227446184806,0.978229854968696,2111.872146118721,5256.0,-99.15675916810176,19.360520465716288,0.09530159119237192
Benito Juárez,Centro,123.772069815129,0.966861000469074,2561.735518116778,4333.0,-99.14741266324596,19.35903891341149,0.10525566124924286
Benito Juárez,Centro,124.952290002721,0.976080438045371,1948.3938915218537,5697.0,-99.15237919092375,19.36227282487261,0.09017607212141437
Benito Juárez,Centro,123.482728606104,0.964600775434037,5122.288878634056,2167.0,-99.13504644103928,19.390261982702075,0.10539817154725517
Benito Juárez,Centro,123.783154154538,0.966947587172413,6246.482836240855,1777.0,-99.1364538275352,19.388556777639323,0.10857150322248252
Benito Juárez,Centro,123.794179663428,0.967033714313792,4238.258877434136,2619.0,-99.13631029121184,19.38606976785437,0.09052287662071994
Benito Juárez,Centro,124.518961068426,0.972695434889399,2425.6993006993007,4576.0,-99.19042728375784,19.37475345703134,0.08259870484680291
Benito Juárez,Centro,124.871274339356,0.975447574060367,3266.627427898764,3398.0,-99.13559478477264,19.397070021498376,0.08324794183067478
Benito Juárez,Centro,124.665008007356,0.973836298815328,6072.210065645514,1828.0,-99.13551835175603,19.3923790956993,0.08746585825367338
Benito Juárez,Centro,126.053185052479,0.984680217388242,1757.998099461514,6314.0,-99.17611179275936,19.39622451048533,0.09840479401604295
Benito Juárez,Centro,124.537655677647,0.972841470167,2793.858545179965,3973.0,-99.15879030516794,19.40115755188428,0.07580676437814732
Benito Juárez,Centro,123.550475799314,0.965129991105257,2667.6279740447007,4161.0,-99.15054714750048,19.4029973092393,0.08704172007314206
Benito Juárez,Centro,124.53522976636,0.972822519857638,2068.579947819605,5366.0,-99.14083434562023,19.402024189926458,0.10584163832563362
Benito Juárez,Centro,124.911844522503,0.97576449311913,1876.9022658099425,5914.0,-99.16279105237892,19.399114267008613,0.09269328005598496
Benito Juárez,Centro,124.972802606048,0.976240674811263,3341.360626128838,3322.0,-99.14077896689513,19.38391921425148,0.07500972414538143
Benito Juárez,Centro,126.529911152183,0.988404222928406,39084.50704225352,284.0,-99.1643136560081,19.36911414284621,0.07382998402450586
Benito Juárez,Centro,124.823723120135,0.975076121765374,1992.818671454219,5570.0,-99.15024385635468,19.386417791613297,0.0973714744403899
Benito Juárez,Centro,123.887522520808,0.967762873716298,21305.18234165067,521.0,-99.1736573371803,19.38341817353673,0.12694437135277895
Benito Juárez,Centro,125.334090005732,0.979062916511161,2906.520031421838,3819.0,-99.18287887886896,19.381263137726805,0.0844604784045507
Benito Juárez,Centro,124.295621508345,0.970950789988278,5721.649484536082,1940.0,-99.15073570568042,19.38289360655198,0.09723836480066947
Benito Juárez,Centro,124.526428502385,0.972753767683542,1400.6309148264984,7925.0,-99.14588579122122,19.366743490630142,0.0979388855207914
Benito Juárez,Centro,123.774041252423,0.966876400598014,4577.319587628866,2425.0,-99.18635377853668,19.383368601774578,0.11175998845067794
Benito Juárez,Centro,124.756781229257,0.974553196814014,2251.521298174442,4930.0,-99.15227616208004,19.3956331138743,0.09203254673824281
Benito Juárez,Centro,124.161081182174,0.969899811406767,1786.5765330758086,6213.0,-99.1480445185602,19.397971023464827,0.10356191169507817
Benito Juárez,Centro,123.407756699963,0.964015123014333,5597.579425113464,1983.0,-99.14768536203832,19.39429657876059,0.12052347936318941
Benito Juárez,Centro,125.038103954619,0.976750784461249,2376.8736616702354,4670.0,-99.18305236239044,19.372151985586573,0.11936809077758109
Benito Juárez,Centro,124.838145346311,0.975188782788578,6419.895893580104,1729.0,-99.18414679949689,19.386649816255265,0.10688770488028346
Benito Juárez,Centro,124.3859941536,0.971656747207359,3685.2589641434265,3012.0,-99.16175969198368,19.369256100865908,0.09315691458382888
Benito Juárez,Centro,123.796469778706,0.967051603835658,2075.930428277539,5347.0,-99.15629621837525,19.377589675674542,0.0987264124597293
Benito Juárez,Centro,124.76833738226,0.974643469148238,1564.4820295983086,7095.0,-99.14874266792926,19.380406534796663,0.09240462761223021
Benito Juárez,Centro,124.052724774088,0.969053371775549,5796.344647519582,1915.0,-99.14611432361606,19.3834205434446,0.10395022443703998
Benito Juárez,Centro,124.866309383939,0.975408789690282,1978.9623818862544,5609.0,-99.15852552216889,19.38510299682396,0.1073297278188569
Benito Juárez,Centro,125.29539637987,0.978760656414284,2634.702112508901,4213.0,-99.17991269440444,19.39182337391597,0.0998909716527651
Benito Juárez,Centro,123.079968708042,0.961454566127117,3517.110266159696,3156.0,-99.17218599395883,19.38067182983228,0.12367296815165416
Benito Juárez,Centro,124.55959375059,0.97301284216705,2569.4444444444443,4320.0,-99.16799988544976,19.38030318589154,0.11210432012936315
Benito Juárez,Centro,125.766199216789,0.982438391646531,2050.240118212043,5414.0,-99.16274551787224,19.37900000971649,0.1192868046581978
Benito Juárez,Centro,124.789534233258,0.974809051000373,1601.0385114668975,6933.0,-99.15121575988552,19.37615254414309,0.09885846668533323
Benito Juárez,Centro,125.151027224705,0.977632898706041,3645.320197044335,3045.0,-99.1713594691193,19.36311513252509,0.10257606254281164
Benito Juárez,Centro,123.945821412812,0.968218282801191,1961.8239660657475,5658.0,-99.14666918845926,19.375453293094203,0.08835443178713956
Benito Juárez,Centro,124.627927679873,0.97354664120048,1990.3173749327595,5577.0,-99.15869309048956,19.36640097361404,0.10524733404942832
Benito Juárez,Centro,124.659483262629,0.973793141581049,1915.774939592682,5794.0,-99.15301677163632,19.36772822235801,0.09124721248115172
Benito Juárez,Centro,125.115654321094,0.977356578846265,2999.1894082680355,3701.0,-99.18355424808226,19.3901346202929,0.10716888936108089
Benito Juárez,Centro,125.616643700075,0.981270120026513,2705.337557884475,4103.0,-99.1757397286404,19.38945683371608,0.11713397758140909
Benito Juárez,Centro,125.297363496596,0.978776022792569,2713.9364303178486,4090.0,-99.1707323233561,19.38743532651944,0.10512417531359365
Benito Juárez,Centro,124.070385524417,0.96919133093514,6397.694524495677,1735.0,-99.18745007291724,19.377114134171823,0.07724656693087205
Benito Juárez,Centro,123.746148647725,0.966658514028584,2692.867540029112,4122.0,-99.18255850397246,19.37594915150736,0.09525418711781636
Benito Juárez,Centro,124.611465074055,0.97341804149656,1429.3072366726758,7766.0,-99.16019781811217,19.391545285979248,0.09758906010737697
Benito Juárez,Centro,124.487877594102,0.972452622442876,1346.1072034926026,8246.0,-99.1550293271754,19.39109501978297,0.0910607163942379
Benito Juárez,Centro,123.99000885072,0.968563458497837,2368.7580025608195,4686.0,-99.14943968719702,19.39021868748919,0.11425298014127389
Benito Juárez,Centro,124.853924878169,0.975312046574839,2179.4620066758293,5093.0,-99.16534860779016,19.374088130858965,0.10125570267875664
Benito Juárez,Centro,125.122963475443,0.977413675219444,4359.780047132757,2546.0,-99.17940697231022,19.386774595718865,0.09896879572109618
Benito Juárez,Centro,123.828928298017,0.967305157618042,1062.4042879019908,10448.0,-99.143889203654,19.38494416279042,0.08607268233694362
Benito Juárez,Centro,125.027914766751,0.976671190346109,2459.0163934426228,4514.0,-99.16447510473812,19.394334604959067,0.08565162986268336
Benito Juárez,Centro,124.83013107469,0.975126178303664,2731.299212598425,4064.0,-99.15770079536514,19.39780185456229,0.08679389186410345
Benito Juárez,Centro,123.409124521469,0.964025807923068,1966.690290574061,5644.0,-99.14419894544882,19.39518560070602,0.09785138133950597
Benito Juárez,Centro,125.379436803455,0.979417148691974,2541.208791208792,4368.0,-99.15449786344035,19.38325096723766,0.10823801522535476
Benito Juárez,Centro,124.74976140862,0.974498360607311,1759.3913456966238,6309.0,-99.15225719386778,19.39992104523342,0.08275880423169887
Benito Juárez,Centro,125.015564732899,0.976574716512356,1831.98547615118,6059.0,-99.17880529806762,19.38136202470502,0.11155341275154773
Benito Juárez,Centro,124.196780507839,0.970178681153235,3904.326415758002,2843.0,-99.14568884890797,19.37087345760621,0.0901942014460666
Benito Juárez,Centro,123.338199565237,0.963471768758637,6267.645398080181,1771.0,-99.18595175412324,19.36969543226977,0.09273107606742072
Benito Juárez,Centro,125.257124942515,0.978461694295729,4190.260475651189,2649.0,-99.18618500797167,19.366375853752377,0.11043887072987443
Benito Juárez,Centro,124.45007486908,0.972157321729319,2187.192118226601,5075.0,-99.14011289170372,19.394901620165967,0.08682323107682523
Benito Juárez,Centro,124.824947892294,0.975085689226244,2880.1245459263105,3854.0,-99.1660319150454,19.362939634866976,0.1103140997841599
Benito Juárez,Centro,124.742244105738,0.974439638255849,1458.4154513204574,7611.0,-99.1465726211966,19.362747287222287,0.1018156701918869
Benito Juárez,Centro,124.306153875278,0.971033064889603,3150.7238149304567,3523.0,-99.16927501678823,19.37516179492385,0.1017797001294991
Benito Juárez,Centro,125.139455939699,0.97754250816628,2006.144948490873,5533.0,-99.16661164225542,19.386184214538744,0.10974043198488882
Benito Juárez,Centro,124.493754087804,0.972498527408259,3686.482896047825,3011.0,-99.16262602333236,19.3846473225306,0.1092050262648818
Benito Juárez,Centro,123.69266629561,0.966240729947325,4592.470004137361,2417.0,-99.1444450112308,19.39057214167365,0.12099365711260646
Benito Juárez,Centro,124.743419781294,0.974448822192463,5027.173913043478,2208.0,-99.14354835528974,19.38799585679104,0.09571247625818077
Benito Juárez,Centro,124.278928179811,0.970820387965012,2870.44220325834,3867.0,-99.14023969361044,19.38982898483789,0.08853613727263973
Benito Juárez,Centro,123.802806227686,0.967101101799211,2482.666070230374,4471.0,-99.17400376270446,19.376867155503245,0.10764217538458959
Benito Juárez,Centro,122.293397749926,0.955310168730838,2200.198216055501,5045.0,-99.17295852668585,19.372107953295803,0.09672429534868275
Benito Juárez,Centro,124.17904442877,0.970040133553774,2723.2580961727185,4076.0,-99.15947180094528,19.3739883670746,0.09460355512714357
Benito Juárez,Centro,124.150997802646,0.969821043826703,1574.6914455951198,7049.0,-99.15122682355162,19.37106276406456,0.10075763668977582
Benito Juárez,Centro,125.016994433927,0.976585884800716,2023.332118118848,5486.0,-99.1759405136056,19.37058513885352,0.07677820996235632
Benito Juárez,Centro,125.624237467282,0.981329439688618,1588.66466294547,6987.0,-99.16958755676984,19.367892598161863,0.08815545787292552
Benito Juárez,Centro,125.237210981119,0.97830613389614,1638.1345926800473,6776.0,-99.168367307944,19.392322491650937,0.09370284360333699
Benito Juárez,Centro,124.508470315629,0.972613485062106,9849.157054126,1127.0,-99.17251750787476,19.39159928585369,0.10464676168642358
Benito Juárez,Centro,123.614925493963,0.965633447954135,4143.337066069429,2679.0,-99.13791735177082,19.378314503842304,0.09326394337707976
Benito Juárez,Centro,124.399399917746,0.97176146801031,3190.572003449267,3479.0,-99.13813812101677,19.37564867215482,0.07768129319220111
Benito Juárez,Centro,123.747625377735,0.966670049689709,1722.532588454376,6444.0,-99.14307730757236,19.37468522138168,0.08929130384518698
Benito Juárez,Centro,124.188297551308,0.970112415477539,3682.813536828136,3014.0,-99.1424876872782,19.379705026575568,0.08767704480924542
Benito Juárez,Centro,124.35508098208,0.971415265102482,2975.073706781024,3731.0,-99.17788545307494,19.36658248996172,0.10810525233660152
Benito Juárez,Centro,123.774052805104,0.966876490843229,9327.731092436976,1190.0,-99.17841628131244,19.37317219058572,0.08089817128383141
Cuauhtémoc,Centro,122.057945742616,0.953470905933586,6459.205020920503,7648.0,-99.12863146799376,19.418415536529864,0.0590726758944635
Cuauhtémoc,Centro,121.736354707762,0.950958757351393,5879.552487502975,8402.0,-99.1258895793366,19.45868073842665,0.05878060531320173
Cuauhtémoc,Centro,120.14514052974,0.93852878882602,8796.296296296296,5616.0,-99.12580662468704,19.44108964423313,0.052731754894191886
Cuauhtémoc,Centro,119.384471232004,0.932586725488674,5000.0,9880.0,-99.12631902261124,19.446397407386943,0.05350968080419835
Cuauhtémoc,Centro,124.601825092908,0.973342737578398,16298.2514021775,3031.0,-99.1611071877754,19.40454530041878,0.08026658521926332
Cuauhtémoc,Centro,123.808811528563,0.967148012957944,15777.706802938355,3131.0,-99.15742114574968,19.40564669264944,0.10017217510413615
Cuauhtémoc,Centro,121.610686846014,0.949977087135186,17642.857142857145,2800.0,-99.12955168302337,19.461165584185256,0.05809009344021521
Cuauhtémoc,Centro,115.603388079935,0.903050321639839,10828.583954405962,4562.0,-99.12690374279988,19.427885757956226,0.05021493071813639
Cuauhtémoc,Centro,123.527512557456,0.964950610870044,10077.519379844962,4902.0,-99.13293862117816,19.46275627537084,0.06747761274936585
Cuauhtémoc,Centro,123.073241689919,0.961402017183867,4481.538601106777,11023.0,-99.16113273498758,19.45187154130433,0.07876713694611986
Cuauhtémoc,Centro,124.068949798498,0.969180115582589,16428.33388759561,3007.0,-99.17295344125652,19.428345745831145,0.10178974014122968
Cuauhtémoc,Centro,118.987512663349,0.929485833991852,58809.52380952381,840.0,-99.15278224855628,19.40916154784412,0.09975523188554168
Cuauhtémoc,Centro,122.297752505561,0.955344186449022,10002.02470135655,4939.0,-99.13005165318732,19.41167738761899,0.08407534814136193
Cuauhtémoc,Centro,121.902315276039,0.952255179083066,24626.12163509472,2006.0,-99.17960177928792,19.41273756603884,0.1198638606910697
Cuauhtémoc,Centro,124.380893896706,0.971616905912872,18740.515933232167,2636.0,-99.18003642598497,19.408286627189423,0.10551800291439695
Cuauhtémoc,Centro,125.050531684569,0.976847865227779,37283.018867924526,1325.0,-99.1701879977209,19.40397641823572,0.09690080774871042
Cuauhtémoc,Centro,123.317574206009,0.963310651185925,14090.131203650884,3506.0,-99.1650472860465,19.40382085292128,0.10729154623145877
Cuauhtémoc,Centro,122.371756190533,0.955922275487992,8207.343412526998,6019.0,-99.1402519214582,19.40554929059436,0.07703921043225728
Cuauhtémoc,Centro,124.251953769888,0.970609673988884,15707.472178060414,3145.0,-99.13394143923152,19.40582003417416,0.0911836084691663
Cuauhtémoc,Centro,123.250654820174,0.962787902035525,13631.346578366449,3624.0,-99.13034042096194,19.40571055175235,0.08764030720680102
Cuauhtémoc,Centro,122.366724879858,0.955882972775515,13856.942496493688,3565.0,-99.12760786202452,19.40639932956291,0.08788243511633567
Cuauhtémoc,Centro,124.825941964337,0.975093454544309,45656.192236598894,1082.0,-99.16982914909588,19.424882133630494,0.1103922031024929
Cuauhtémoc,Centro,123.517828782559,0.964874964851526,50305.49898167006,982.0,-99.17135499023652,19.422524803730944,0.0983940590081399
Cuauhtémoc,Centro,123.745249810275,0.966651492647447,24650.69860279441,2004.0,-99.17365425080234,19.41988107472961,0.11413642276747288
Cuauhtémoc,Centro,122.074157343503,0.953597544881097,16860.068259385665,2930.0,-99.15715158271009,19.46050757256257,0.04857963492508218
Cuauhtémoc,Centro,123.119401517132,0.961762600446206,37226.827430293895,1327.0,-99.14610062398744,19.46222070592209,0.11239255497820352
Cuauhtémoc,Centro,122.559328174771,0.957387517497852,6227.152401361402,7933.0,-99.1407067432586,19.460126691096868,0.06871845645417715
Cuauhtémoc,Centro,122.195209287673,0.954543157279954,9393.420802433922,5259.0,-99.12725140524124,19.45456595920876,0.08619345838376259
Cuauhtémoc,Centro,123.02455914812,0.961021727421086,9429.280397022332,5239.0,-99.15987035597016,19.4571380845832,0.056086609344245586
Cuauhtémoc,Centro,123.878703385681,0.967693981939462,9955.66303909714,4962.0,-99.16132118370236,19.447679258990668,0.09860346967028474
Cuauhtémoc,Centro,123.933061933178,0.968118610530514,10544.290288153685,4685.0,-99.16209492478905,19.444211913023505,0.09256859384005794
Cuauhtémoc,Centro,118.343195822707,0.924452672422416,26877.04026115343,1838.0,-99.12635161620024,19.436149278051843,0.04231881925004217
Cuauhtémoc,Centro,124.361166719689,0.97146280460281,78913.73801916934,626.0,-99.17113924559192,19.42639559743509,0.10567532953286879
Cuauhtémoc,Centro,123.361063226779,0.963650371109766,16411.960132890366,3010.0,-99.17726615334632,19.41705746573905,0.11497971301522646
Cuauhtémoc,Centro,124.012285846457,0.968737478035664,4988.387357366455,9903.0,-99.16579491248348,19.43887552531061,0.0882725839221091
Cuauhtémoc,Centro,123.614309730355,0.96562863783972,10221.39457893648,4833.0,-99.15213259741546,19.42098080442288,0.08874244032046448
Cuauhtémoc,Centro,121.289549100683,0.947468479480782,22182.308037718904,2227.0,-99.13061560597563,19.45821393705508,0.06851731318679243
Cuauhtémoc,Centro,124.517031332718,0.972680360517616,214782.6086956522,230.0,-99.1428698310013,19.45471725661553,0.12386985261658656
Cuauhtémoc,Centro,124.303307036181,0.971010826450009,38443.57976653697,1285.0,-99.14829888666225,19.456005277022857,0.13006136236059396
Cuauhtémoc,Centro,124.757856377531,0.9745615954692,84156.72913117547,587.0,-99.13475451046418,19.449784202573536,0.14396906107300508
Cuauhtémoc,Centro,123.314372310922,0.963285639182068,36701.33729569094,1346.0,-99.1314116782316,19.40974552361762,0.08612505204241434
Cuauhtémoc,Centro,122.232558443619,0.95483491488196,20817.530552043827,2373.0,-99.13584575458034,19.42109167085357,0.06630919563351904
Cuauhtémoc,Centro,124.62777822317,0.973545473700753,47047.619047619046,1050.0,-99.14634013099874,19.45353536306084,0.11969610099603573
Cuauhtémoc,Centro,121.910892342735,0.952322179912087,35693.64161849711,1384.0,-99.13457847441744,19.456561384129987,0.07854993506990293
Cuauhtémoc,Centro,122.302322151601,0.955379882810479,7096.681511277116,6961.0,-99.1520252154506,19.45726378676904,0.0755612528375167
Cuauhtémoc,Centro,121.253830728476,0.947189460949875,28922.716627634654,1708.0,-99.13395027771335,19.43597147885335,0.0468950271804847
Cuauhtémoc,Centro,121.257102153515,0.947215016095647,9334.845049130765,5292.0,-99.13705498756704,19.443560647951,0.05392015965777739
Cuauhtémoc,Centro,124.859586906345,0.975356276215949,14546.525323910484,3396.0,-99.1475129439962,19.454055438390533,0.13415822730016655
Cuauhtémoc,Centro,125.715823026584,0.982044871737447,226605.504587156,218.0,-99.1405056354834,19.452650949130764,0.14803678703866477
Cuauhtémoc,Centro,116.733381102257,0.911877403433955,355395.6834532374,139.0,-99.13714002807608,19.451255335832872,0.1410701945843321
Cuauhtémoc,Centro,124.224726095684,0.970396981607141,35437.58967001435,1394.0,-99.13514498874132,19.45124340847914,0.15958235638389695
Cuauhtémoc,Centro,122.62413902383,0.957893795549559,7288.285629979345,6778.0,-99.15658426146577,19.45355509830777,0.06912449600153209
Cuauhtémoc,Centro,124.075301132186,0.969229729819898,4993.429697766097,9893.0,-99.15534010276176,19.44844637378813,0.09170742841388459
Cuauhtémoc,Centro,123.864351939999,0.967581873826942,7075.336579776568,6982.0,-99.15940308536588,19.43707331181524,0.07772316407949995
Cuauhtémoc,Centro,122.866122758557,0.959784081752293,32036.31647211414,1542.0,-99.1557245117272,19.43610883451825,0.07100175922960289
Cuauhtémoc,Centro,123.273759197067,0.962968384764713,17840.375586854458,2769.0,-99.15135946374065,19.43756633501428,0.06871037671416058
Cuauhtémoc,Centro,122.106573643683,0.953850768863458,6196.688409433015,7972.0,-99.14113523177514,19.41634155131924,0.07362509867402453
Cuauhtémoc,Centro,121.676292612633,0.950489574784819,17611.408199643494,2805.0,-99.13253344804323,19.41551001902873,0.06081459227018593
Cuauhtémoc,Centro,123.987994913364,0.968547726374342,10393.435724805386,4753.0,-99.144530783788,19.4327982149896,0.05184744807881883
Cuauhtémoc,Centro,124.578761630043,0.973162574454245,16133.246244284785,3062.0,-99.17316864830092,19.416443241610366,0.14301698932841958
Cuauhtémoc,Centro,124.536317869295,0.972831019709775,40961.85737976783,1206.0,-99.17041672210796,19.412953234741057,0.17437936508659813
Cuauhtémoc,Centro,123.529185685926,0.964963680722299,26332.62260127932,1876.0,-99.16731672296494,19.414814266948333,0.12528531918109823
Cuauhtémoc,Centro,123.02787716643,0.961047646536012,17892.068091271278,2761.0,-99.1621995540577,19.41362111639682,0.08836702592843787
Cuauhtémoc,Centro,121.725057303088,0.9508705062621,5259.235600979453,9393.0,-99.14723973797474,19.41212733577586,0.07623396120928615
Cuauhtémoc,Centro,122.165406614576,0.954310349972374,15060.975609756097,3280.0,-99.1371520504362,19.4120461666624,0.07455779875057926
Cuauhtémoc,Centro,122.065332399843,0.953528607730182,7697.101900903708,6418.0,-99.14299743125744,19.41076158591037,0.06998791284586144
Cuauhtémoc,Centro,122.063471424107,0.953514070485516,9389.849838433758,5261.0,-99.14047994377542,19.41064938019836,0.06803293323245808
Cuauhtémoc,Centro,122.912724290396,0.960148115445557,30195.599022004888,1636.0,-99.13435634659685,19.41052033863799,0.08191410914184387
Cuauhtémoc,Centro,123.30084331322,0.963179955724779,27752.808988764045,1780.0,-99.16293926596153,19.40912323818515,0.08967895264418738
Cuauhtémoc,Centro,123.769190726798,0.966838510110562,15256.33106856084,3238.0,-99.16097114597102,19.40980346985978,0.10233382738119466
Cuauhtémoc,Centro,123.857904074055,0.967531505515842,84589.04109589041,584.0,-99.15745969120611,19.40952205197792,0.18912344467220532
Cuauhtémoc,Centro,121.690209197138,0.950598285924878,9441.896024464831,5232.0,-99.14794388318217,19.408394593923305,0.07181950515664147
Cuauhtémoc,Centro,121.556021434462,0.949550061437191,21666.666666666668,2280.0,-99.13759197109434,19.409037249092428,0.06322151893437356
Cuauhtémoc,Centro,124.282157795896,0.970845616514911,35260.52819414704,1401.0,-99.17406155587948,19.405749647958924,0.11773451735884961
Cuauhtémoc,Centro,122.972762576326,0.960617112023602,29510.155316606928,1674.0,-99.16835473780122,19.4024357679173,0.096492233989071
Cuauhtémoc,Centro,121.773839865961,0.95125157735201,6691.953400162558,7382.0,-99.14776007576644,19.405526840071342,0.07551789951719277
Cuauhtémoc,Centro,122.662567255618,0.958193982487444,20843.881856540083,2370.0,-99.16728125521811,19.42124301373108,0.10211315460255724
Cuauhtémoc,Centro,123.616451416373,0.965645367887855,7455.478418351946,6626.0,-99.14457304628756,19.45941021767858,0.10621482980787768
Cuauhtémoc,Centro,123.191453529647,0.962325443751731,13460.490463215256,3670.0,-99.13720697931994,19.459286165974905,0.07566605050841117
Cuauhtémoc,Centro,123.85250646406,0.967489341410418,100816.32653061223,490.0,-99.15060788219232,19.454756300015475,0.11652098164855895
Cuauhtémoc,Centro,122.435093155447,0.956417040109406,287209.30232558143,172.0,-99.13678485910332,19.430947687258364,0.03882391120877595
Cuauhtémoc,Centro,120.579764426319,0.94192390774179,10106.382978723404,4888.0,-99.13179355739778,19.449667820000663,0.07568331451089567
Cuauhtémoc,Centro,121.577954212833,0.949721392078031,26906.31808278867,1836.0,-99.15149030777928,19.44673631468001,0.08727555637393977
Cuauhtémoc,Centro,122.191934803127,0.954517578234464,5494.38327216105,8991.0,-99.14847361311142,19.447594915865213,0.08258982595375239
Cuauhtémoc,Centro,121.660051033204,0.950362701656175,5655.409273039496,8735.0,-99.13893112907355,19.44810915595669,0.07028158807202482
Cuauhtémoc,Centro,118.47213657406,0.925459909225039,7227.505486466714,6835.0,-99.1329293243355,19.44484037436384,0.06111063235801201
Cuauhtémoc,Centro,121.968257468102,0.952770294762129,6976.415760485807,7081.0,-99.14547572903764,19.44540779250508,0.05702380248960544
Cuauhtémoc,Centro,122.145081617365,0.954151578715115,4556.775205239369,10841.0,-99.14192073773764,19.44429549432345,0.06604200275834121
Cuauhtémoc,Centro,121.647956235537,0.950268221631804,11509.785647716682,4292.0,-99.14149789420117,19.439087955307457,0.07663549844928658
Cuauhtémoc,Centro,118.994856149048,0.929543198548657,5966.904215484962,8279.0,-99.13508519461762,19.439369821581806,0.05883621165210293
Cuauhtémoc,Centro,119.354131434409,0.93234972236592,11818.181818181818,4180.0,-99.1288207920204,19.439380744272803,0.04775257000572939
Cuauhtémoc,Centro,126.31869274653,0.98675426394079,137604.45682451254,359.0,-99.15346692785036,19.434421498191824,0.0722385260682355
Cuauhtémoc,Centro,117.594822430624,0.918606660089631,52164.73072861668,947.0,-99.13181826962028,19.432928253259185,0.052480815412245925
Cuauhtémoc,Centro,119.054772484445,0.930011242494864,24626.12163509472,2006.0,-99.1263073578676,19.432037630541103,0.04800447833664847
Cuauhtémoc,Centro,124.160521143321,0.969895436593241,16554.959785522788,2984.0,-99.16521603830846,19.4330355101034,0.11775865606110063
Cuauhtémoc,Centro,122.255318396277,0.955012707098172,50718.68583162218,974.0,-99.1580428670089,19.43062337281652,0.08838882043122966
Cuauhtémoc,Centro,124.120062443503,0.969579388400445,27398.7798114254,1803.0,-99.15842535018176,19.42700342404852,0.11043137944605132
Cuauhtémoc,Centro,123.214465443406,0.962505204193592,16672.291596355048,2963.0,-99.15428174219436,19.4295128841614,0.09024183515648489
Cuauhtémoc,Centro,120.265931207573,0.939472360310211,24564.893088015917,2011.0,-99.13941682893386,19.428246937106028,0.05703648424196044
Cuauhtémoc,Centro,118.279498376006,0.923955091852454,24121.09375,2048.0,-99.13494907743308,19.42772747622896,0.05016592892852147
Cuauhtémoc,Centro,123.270914795145,0.962946165363422,59375.0,832.0,-99.14705587899977,19.45578253645452,0.12482803255850054
Cuauhtémoc,Centro,119.068957522758,0.930122050695414,18697.95609386828,2642.0,-99.13068442576946,19.428216922838708,0.04563102154832424
Cuauhtémoc,Centro,122.241369448776,0.954903743150514,11601.69093471113,4258.0,-99.1365777813742,19.415924066703973,0.06950595381001481
Cuauhtémoc,Centro,125.632046143376,0.981390438138368,83164.98316498316,594.0,-99.13940675501236,19.4541729822138,0.12707654727539652
Cuauhtémoc,Centro,125.604741404112,0.98117714375328,210212.76595744683,235.0,-99.1376426012324,19.45382902993548,0.12460483354897442
Cuauhtémoc,Centro,124.117641852688,0.969560479652605,35875.09077705156,1377.0,-99.13464198668372,19.4529779921492,0.12670403555536783
Cuauhtémoc,Centro,123.137219123595,0.961901784907099,5872.563005230623,8412.0,-99.14398460612144,19.449618559440804,0.06515869033661553
Cuauhtémoc,Centro,123.912914725251,0.967961228096484,38563.62217017954,1281.0,-99.141825967537,19.452508882696584,0.1499674901751028
Cuauhtémoc,Centro,124.782228745588,0.974751983269923,8694.12178810278,5682.0,-99.162678869305,19.43800916794942,0.09555069926805924
Cuauhtémoc,Centro,122.596997741484,0.957681778028632,5444.126074498568,9074.0,-99.14653903855611,19.416738335734166,0.06157879270317779
Cuauhtémoc,Centro,122.757157669699,0.95893288733512,7885.075818036712,6265.0,-99.13172547307236,19.42064759581972,0.07162738785318816
Cuauhtémoc,Centro,119.655958006738,0.934707478377637,4550.059869208806,10857.0,-99.12888224062972,19.44824945044663,0.0613059111817906
Cuauhtémoc,Centro,124.70457243036,0.974145361252965,39237.49007148531,1259.0,-99.14149741453564,19.45458156689712,0.11586963805326006
Cuauhtémoc,Centro,123.133310400233,0.961871251425795,11588.083509265776,4263.0,-99.13677175903396,19.4632705743095,0.0636995974950522
Cuauhtémoc,Centro,124.395663460188,0.971732280204871,110267.85714285714,448.0,-99.14333571052232,19.45264321064932,0.13024258438954078
Cuauhtémoc,Centro,123.074762230091,0.961413895073561,133875.33875338754,369.0,-99.14628437788868,19.435341274336697,0.11254346272365512
Cuauhtémoc,Centro,123.443422300349,0.964293729311562,5719.578557369457,8637.0,-99.15206171466136,19.41685306864291,0.07352106284835357
Cuauhtémoc,Centro,124.838584596972,0.975192214050042,14126.39405204461,3497.0,-99.16977291689966,19.40865652257925,0.12549509226913733
Cuauhtémoc,Centro,124.03752520564,0.968934638445984,14928.98156542762,3309.0,-99.16572536957833,19.408430908010725,0.10604872326221322
Cuauhtémoc,Centro,123.490835833883,0.964664106057606,15767.634854771784,3133.0,-99.1505716522608,19.42338078589019,0.06927806413093672
Cuauhtémoc,Centro,124.137707266031,0.969717223138022,38593.75,1280.0,-99.14578293736466,19.45542011102125,0.11971900547273862
Cuauhtémoc,Centro,122.141608100126,0.954124444900853,190000.0,260.0,-99.1385179549099,19.4341061671966,0.044779457121319886
Cuauhtémoc,Centro,122.173075855114,0.954370259203836,66937.66937669377,738.0,-99.1638964448106,19.42491297538552,0.09338315467160688
Cuauhtémoc,Centro,121.353701574148,0.947969614549216,13020.558777016342,3794.0,-99.13772249574284,19.42526002701552,0.05206819202398869
Cuauhtémoc,Centro,119.341448125076,0.932250645109076,20712.78825995807,2385.0,-99.12928648929942,19.42460645693612,0.06262209141402202
Cuauhtémoc,Centro,123.485427095151,0.96462185501866,7349.003272835465,6722.0,-99.14568012707826,19.422031080934183,0.06799171585597623
Cuauhtémoc,Centro,122.796863079535,0.959243051109022,9650.3223285798,5119.0,-99.14051935681395,19.42149550220394,0.05997968279634981
Cuauhtémoc,Centro,123.615844102635,0.965640623780651,54827.968923418426,901.0,-99.16749314959304,19.418248605140924,0.10924263545708468
Cuauhtémoc,Centro,123.909916720078,0.967937808804185,41547.5189234651,1189.0,-99.14470084630048,19.453244395578,0.13030728040477585
Cuauhtémoc,Centro,124.204504113091,0.970239015061453,34837.79971791255,1418.0,-99.136052683245,19.45339069119917,0.1237561300779303
Cuauhtémoc,Centro,124.921873569979,0.975842836277572,45910.78066914498,1076.0,-99.14428244646048,19.455076633686893,0.11540828020977115
Cuauhtémoc,Centro,122.757312351245,0.958934095649355,14293.981481481482,3456.0,-99.133720753414,19.45930574691172,0.07378233443439815
Cuauhtémoc,Centro,122.395161208843,0.956105106715205,19110.251450676984,2585.0,-99.1357235133887,19.4550047227122,0.09162950770542029
Cuauhtémoc,Centro,122.674237283591,0.958285144370237,31748.071979434444,1556.0,-99.13177348833538,19.4552037971704,0.07718726956388751
Cuauhtémoc,Centro,124.494569232585,0.972504895013648,36565.507031828274,1351.0,-99.13330187261768,19.4519120341134,0.12420152592645148
Cuauhtémoc,Centro,124.595505902872,0.973293374435247,71079.13669064749,695.0,-99.1323320772566,19.45271081603064,0.10942095583759731
Cuauhtémoc,Centro,123.742238274723,0.9666279676609,9852.413242919823,5014.0,-99.15680917472534,19.442688227936674,0.07794449525167617
Cuauhtémoc,Centro,122.383042076772,0.956010436599594,4631.105277960064,10667.0,-99.14816345180978,19.441011096897803,0.06801346099096157
Cuauhtémoc,Centro,122.925285141405,0.960246236103888,32999.331997327994,1497.0,-99.14499419489866,19.4389708173446,0.0830936082299002
Cuauhtémoc,Centro,125.484664311437,0.980239146528774,11736.754573532906,4209.0,-99.1691980656688,19.43148846809046,0.10225846113462594
Cuauhtémoc,Centro,124.072794795581,0.969210151258106,67486.3387978142,732.0,-99.16274539294648,19.43029774979496,0.10571001038419564
Cuauhtémoc,Centro,124.722433036202,0.974284881608889,31305.449936628644,1578.0,-99.13926444175527,19.451632198983493,0.13711219639064406
Cuauhtémoc,Centro,124.347487509013,0.971355947738097,30645.16129032258,1612.0,-99.1491935733912,19.454978579552503,0.13024082146789684
Cuauhtémoc,Centro,124.103433136353,0.969449486488221,10885.852798589687,4538.0,-99.15661904784275,19.42221404303295,0.09510769771008969
Cuauhtémoc,Centro,123.876571936403,0.967677331856904,7832.566989059775,6307.0,-99.15667868881592,19.41555692590036,0.08210430979352436
Cuauhtémoc,Centro,124.554924842458,0.972976370407351,25114.387391967462,1967.0,-99.17396175667274,19.40871962299976,0.1264416769906703
Cuauhtémoc,Centro,124.773877518544,0.97468674661559,20773.75946173255,2378.0,-99.17652767877784,19.411287500286075,0.13024830550787408
Cuauhtémoc,Centro,124.539556629091,0.972856319686916,39456.86900958467,1252.0,-99.17410829781144,19.413143997409872,0.11911444712887209
Cuauhtémoc,Centro,120.975672971408,0.945016596848238,27628.635346756157,1788.0,-99.15019732115398,19.42881706373851,0.08596828783427223
Cuauhtémoc,Centro,121.724639344266,0.950867241324496,6198.243412797993,7970.0,-99.1450717304068,19.42810266632822,0.05303499638535483
Cuauhtémoc,Centro,118.219883208433,0.923489400516365,31829.89690721649,1552.0,-99.1622643877526,19.41646568991757,0.09203060986822018
Cuauhtémoc,Centro,123.93739282201,0.968152441810186,18289.52239911144,2701.0,-99.16155153183496,19.420556240627203,0.11395101120927521
Miguel Hidalgo,Centro,122.293828999166,0.955313537488206,7847.222222222222,2880.0,-99.20342333012296,19.46559251079394,0.0984305624280913
Miguel Hidalgo,Centro,123.484093219409,0.964611435281505,73139.15857605178,309.0,-99.18805041748152,19.421563520310347,0.2772803963831199
Miguel Hidalgo,Centro,123.58929904676,0.965433263757349,10886.31984585742,2076.0,-99.18218347691332,19.415098578819656,0.15932836845668708
Miguel Hidalgo,Centro,124.513272130097,0.972650995036269,10282.074613284803,2198.0,-99.18119094135584,19.4309745806515,0.1133137424854456
Miguel Hidalgo,Centro,124.897145253743,0.975649667943141,24944.812362030905,906.0,-99.17942515606585,19.432299213098016,0.11534592547475128
Miguel Hidalgo,Centro,126.167114205051,0.985570189209856,15342.837746096402,1473.0,-99.2226187664118,19.431980829399286,0.10510365934955271
Miguel Hidalgo,Centro,124.333939791425,0.971250118048082,2995.3611663353213,7545.0,-99.16671080411122,19.4459648714163,0.11087175761209118
Miguel Hidalgo,Centro,121.25589568914,0.947205591648312,5237.543453070683,4315.0,-99.18516421697622,19.45979797972792,0.08844271170193235
Miguel Hidalgo,Centro,125.512562697557,0.980457078260513,2804.6661702655747,8058.0,-99.21239958988204,19.45834639323417,0.07403634889002132
Miguel Hidalgo,Centro,125.008080815683,0.976516254957195,9146.094698502631,2471.0,-99.17564429143422,19.429848392555822,0.11475736879019392
Miguel Hidalgo,Centro,124.570383087029,0.973097124417799,9239.574816026165,2446.0,-99.22641573945918,19.42402481361659,0.14981758947068832
Miguel Hidalgo,Centro,123.527040910942,0.96494692654432,9194.46704637917,2458.0,-99.18533761664848,19.41196018616497,0.14248366923499928
Miguel Hidalgo,Centro,124.788431227621,0.974800434733916,2845.6308234701587,7942.0,-99.17894572115632,19.40435557145468,0.09441916476172887
Miguel Hidalgo,Centro,123.743044094061,0.966634262419428,4326.186830015314,5224.0,-99.18139497531168,19.398236938231733,0.07006677705341753
Miguel Hidalgo,Centro,124.637562422434,0.973621904196772,4264.1509433962265,5300.0,-99.17283452239052,19.401104488234,0.09804493235864546
Miguel Hidalgo,Centro,122.42711944538,0.95635475247614,5588.526211671612,4044.0,-99.20606992821524,19.40251188376113,0.127258961566362
Miguel Hidalgo,Centro,121.986514239254,0.9529129098129,7204.335352247371,3137.0,-99.20188205603354,19.404071362369915,0.08386382346185578
Miguel Hidalgo,Centro,121.773544720861,0.951249271789152,3706.133158412594,6098.0,-99.19889467898648,19.40526453597825,0.08671923231113472
Miguel Hidalgo,Centro,123.99846934207,0.968629548683957,6007.4428495481125,3762.0,-99.194591904919,19.405264367445348,0.08490606947780498
Miguel Hidalgo,Centro,123.324348239769,0.963363567397696,2605.187319884726,8675.0,-99.18944186657885,19.40158261860088,0.0930027879115665
Miguel Hidalgo,Centro,125.980996950174,0.984116311000304,33137.82991202346,682.0,-99.24256650080262,19.40900568237306,0.17609487620284248
Miguel Hidalgo,Centro,125.032975991888,0.976710726739145,17879.74683544304,1264.0,-99.24808166208784,19.405090193100047,0.18880752972627082
Miguel Hidalgo,Centro,125.567590309159,0.98088693332948,11863.517060367454,1905.0,-99.22883704342468,19.399638344508176,0.24724611202538613
Miguel Hidalgo,Centro,125.173387369719,0.977807567774846,14496.472097498396,1559.0,-99.25234068391802,19.39999072994519,0.1970773480024019
Miguel Hidalgo,Centro,126.008939443954,0.984334587284545,253932.5842696629,89.0,-99.16890231763809,19.452065508615632,0.14827526328956173
Miguel Hidalgo,Centro,123.307139388063,0.96322913830071,8167.690639681965,2767.0,-99.22012373650114,19.42917103504536,0.13960995254058833
Miguel Hidalgo,Centro,125.839471308241,0.983010765751241,19618.055555555555,1152.0,-99.22095010887186,19.42548639240678,0.16101854291920553
Miguel Hidalgo,Centro,123.386472741602,0.963848860712139,3276.787008844425,6897.0,-99.19259319701104,19.45517971920921,0.08968159063052518
Miguel Hidalgo,Centro,126.160570116013,0.985519069240028,122162.16216216216,185.0,-99.21114255614548,19.42706912540683,0.15195950394453744
Miguel Hidalgo,Centro,125.258717790662,0.978474137028208,8299.669482188763,2723.0,-99.214671154586,19.445739342222744,0.14941375167585866
Miguel Hidalgo,Centro,120.31561167042,0.939860445458044,64756.44699140402,349.0,-99.19681000608128,19.430758723987143,0.13270632964164805
Miguel Hidalgo,Centro,123.418094259407,0.964095876152597,4519.096180763847,5001.0,-99.19436263620337,19.45768018639756,0.08993049302755388
Miguel Hidalgo,Centro,122.75210626806,0.958893427679562,5607.940446650124,4030.0,-99.18862018298802,19.45687579643096,0.09021098270539475
Miguel Hidalgo,Centro,125.912544457059,0.983581585790679,3613.109512390088,6255.0,-99.1864857559524,19.441566470450848,0.09063394819298241
Miguel Hidalgo,Centro,125.530762555191,0.980599248724229,11283.07538691962,2003.0,-99.20936975062098,19.442034313224067,0.12032611668448982
Miguel Hidalgo,Centro,124.917068691662,0.975805302369775,2282.367198545748,9902.0,-99.18020764621282,19.441762023118624,0.08447226718572502
Miguel Hidalgo,Centro,122.791580317686,0.959201784154253,3064.406779661017,7375.0,-99.1880877594411,19.45071652897842,0.0778781158152321
Miguel Hidalgo,Centro,124.758878552458,0.974569580316458,20545.454545454544,1100.0,-99.21289320839227,19.44911354017524,0.17520619039862026
Miguel Hidalgo,Centro,123.210003672554,0.962470350512656,21709.89433237272,1041.0,-99.2095545095032,19.44724291660734,0.11525574261199834
Miguel Hidalgo,Centro,121.823225139427,0.951637356591079,3893.195521102498,5805.0,-99.19778231080772,19.4489491417114,0.07767035192924396
Miguel Hidalgo,Centro,122.089205292904,0.953715093819521,4853.951890034365,4656.0,-99.1974978005351,19.44680324048201,0.08400702669810416
Miguel Hidalgo,Centro,125.085030193551,0.977117354644566,14011.159330440174,1613.0,-99.21178103904305,19.44603462029722,0.17127321353819513
Miguel Hidalgo,Centro,125.12596258906,0.977437103170488,1243.5347199295695,18174.0,-99.2040285393016,19.44225013230246,0.06857772662088159
Miguel Hidalgo,Centro,124.822671416317,0.975067906249488,8544.423440453686,2645.0,-99.17420822936931,19.435501926570705,0.10034265305605466
Miguel Hidalgo,Centro,125.200625332046,0.978020340523537,10240.144993203445,2207.0,-99.19884298798988,19.43493660417025,0.12840965544768357
Miguel Hidalgo,Centro,125.360979513291,0.979272967261863,12951.289398280802,1745.0,-99.17823232918572,19.434477230222708,0.11701991437613425
Miguel Hidalgo,Centro,122.651801696254,0.958109885974288,8245.165997811016,2741.0,-99.20238215689488,19.430604303384023,0.11741566149065624
Miguel Hidalgo,Centro,124.316930812826,0.97111725028486,33984.96240601504,665.0,-99.19823955085155,19.429515518370007,0.15146682002250475
Miguel Hidalgo,Centro,124.703649864191,0.974138154511977,25769.66932725199,877.0,-99.2126959507066,19.42060072871095,0.19219945511515169
Miguel Hidalgo,Centro,125.38902139987,0.979492019965382,289743.5897435897,78.0,-99.209277940633,19.42162002116143,0.17875887933128015
Miguel Hidalgo,Centro,125.958201824259,0.983938244023795,28074.534161490683,805.0,-99.21053222527148,19.418040245169333,0.18839268330318773
Miguel Hidalgo,Centro,124.883742063726,0.975544967248317,12309.368191721132,1836.0,-99.20554402732738,19.422856595312524,0.13620114271790554
Miguel Hidalgo,Centro,123.989633391738,0.968560525553044,2715.693342946407,8322.0,-99.17980880001636,19.40097892995612,0.09731715584312464
Miguel Hidalgo,Centro,125.529162093987,0.980586746521399,6554.524361948956,3448.0,-99.18793209998418,19.4293648286582,0.15139077231319853
Miguel Hidalgo,Centro,120.21103684096,0.939043546101129,11188.118811881188,2020.0,-99.19548571637932,19.408422559230736,0.09442757516203733
Miguel Hidalgo,Centro,124.448050463779,0.972141507834171,8652.373660030627,2612.0,-99.18656195706843,19.433338227307903,0.11140657016340168
Miguel Hidalgo,Centro,124.990809960424,0.976381341511706,17018.072289156626,1328.0,-99.1938236707106,19.428715419703742,0.1265349261492798
Miguel Hidalgo,Centro,124.695968651189,0.97407815175611,40720.72072072072,555.0,-99.21388428132283,19.429964583821214,0.12767635220306792
Miguel Hidalgo,Centro,122.117251383193,0.953934179360841,1453.4696765065278,15549.0,-99.19314712055036,19.44813779826844,0.09763750432403943
Miguel Hidalgo,Centro,125.223589052228,0.978199724495248,16581.071166544385,1363.0,-99.21433105716804,19.42592733826969,0.16720668402796218
Miguel Hidalgo,Centro,123.507329638624,0.964792949475809,31301.939058171745,722.0,-99.2211358982528,19.42149164339348,0.21715487604036735
Miguel Hidalgo,Centro,122.464144059812,0.956643974881524,2766.217870257038,8170.0,-99.19667466882136,19.452054218138528,0.07251811736857967
Miguel Hidalgo,Centro,122.25144837232,0.954982475922103,7822.776047075113,2889.0,-99.20075697891308,19.44962418484712,0.08830312035246368
Miguel Hidalgo,Centro,122.344996559188,0.955713239281578,3145.4418928322893,7185.0,-99.19506404230286,19.46154627264351,0.07736320175525434
Miguel Hidalgo,Centro,125.239222500727,0.978321847133085,272289.156626506,83.0,-99.21438054459496,19.41918582545467,0.17690882487415865
Miguel Hidalgo,Centro,125.937360831262,0.983775442000934,14487.179487179488,1560.0,-99.21627117687862,19.444898777191124,0.11283739960211821
Miguel Hidalgo,Centro,123.600325535191,0.965519398550534,4607.543323139654,4905.0,-99.18503098350764,19.45526907674069,0.1008151327095043
Miguel Hidalgo,Centro,123.567033248731,0.965259331691809,5910.041841004184,3824.0,-99.19760593643552,19.442581551307114,0.10463070297890435
Miguel Hidalgo,Centro,122.774705849173,0.959069967133396,4754.891647380602,4753.0,-99.17018003845855,19.439203360443585,0.0685301377923948
Miguel Hidalgo,Centro,124.223421191802,0.970386788187298,17711.598746081505,1276.0,-99.19718973557544,19.439500524125265,0.1436330422629416
Miguel Hidalgo,Centro,123.205745714692,0.962437088942376,2108.799104226929,10717.0,-99.18690534704554,19.44649455343504,0.08725735940393732
Miguel Hidalgo,Centro,122.035428352688,0.953295008526472,10212.381382738364,2213.0,-99.21786132081576,19.431102912721844,0.11901470274173208
Miguel Hidalgo,Centro,125.104751248064,0.977271408127919,11518.858307849134,1962.0,-99.21477014447385,19.45102592885668,0.1496527248268164
Miguel Hidalgo,Centro,121.510511156251,0.949194552208108,4406.317020861767,5129.0,-99.2079884733665,19.45829712752312,0.09900166307503025
Miguel Hidalgo,Centro,122.964790591721,0.960554837869002,4451.447705337798,5077.0,-99.20300818562868,19.45604988480687,0.09433351935425184
Miguel Hidalgo,Centro,122.565528541391,0.957435952437025,2255.4890219560875,10020.0,-99.2057186711798,19.4533410560039,0.09947243235289949
Miguel Hidalgo,Centro,125.391082880391,0.979508123478251,10645.31323598681,2123.0,-99.21586508657082,19.448249255204946,0.14268501096792688
Miguel Hidalgo,Centro,124.73376542626,0.974373405990886,28900.2557544757,782.0,-99.17511483629836,19.438042802014483,0.09538684689881578
Miguel Hidalgo,Centro,125.860851408004,0.983177779074012,26650.94339622642,848.0,-99.22313329243192,19.40928634195956,0.21833691325484184
Miguel Hidalgo,Centro,125.421933653668,0.979749118151444,14858.645627876396,1521.0,-99.22438459428564,19.416925476486533,0.2012571171499618
Miguel Hidalgo,Centro,123.467928288841,0.964485160905026,20887.24584103512,1082.0,-99.22732989138642,19.41156016207907,0.19271064881993774
Miguel Hidalgo,Centro,124.820049027596,0.975047421132073,35367.76212832551,639.0,-99.21502893743974,19.41134491524802,0.23143880144274606
Miguel Hidalgo,Centro,125.78139585155,0.982557102059237,85283.01886792453,265.0,-99.19952116233245,19.41601859929829,0.21436960071151215
Miguel Hidalgo,Centro,123.483159917331,0.964604144675616,15607.734806629833,1448.0,-99.18603422803626,19.40091295805279,0.08490376130812564
Miguel Hidalgo,Centro,123.110097303454,0.961689919417612,6471.935853379153,3492.0,-99.19230964137404,19.40936818401208,0.09252953466042897
Miguel Hidalgo,Centro,123.81677375462,0.967210210882428,3226.2669521770163,7005.0,-99.18777068233888,19.40872824617856,0.09745517977144945
Miguel Hidalgo,Centro,123.976096907556,0.968454783614188,12397.147558968732,1823.0,-99.18564837866036,19.404620904284773,0.07776144522672886
Miguel Hidalgo,Centro,127.3437831962,0.994761886171071,14151.534126487164,1597.0,-99.21995460366404,19.43384916159166,0.13470865150070574
Miguel Hidalgo,Centro,127.59284856915,0.996707491476308,11938.721605916537,1893.0,-99.21825920972704,19.435028029641373,0.14269086600656813
Miguel Hidalgo,Centro,124.736051835813,0.974391266565009,2503.877686682916,9026.0,-99.178796780911,19.45041078473286,0.0952157633049383
Miguel Hidalgo,Centro,120.347548452111,0.940109923621767,14809.960681520315,1526.0,-99.2025400933036,19.449493950409035,0.09814385093389393
Miguel Hidalgo,Centro,123.064492674395,0.961333673155081,7133.838383838384,3168.0,-99.19200071131525,19.45235133166514,0.08587653297314667
Miguel Hidalgo,Centro,124.225978205102,0.970406762616433,3196.1533022203366,7071.0,-99.18226772429692,19.45254353401702,0.09899178596689603
Miguel Hidalgo,Centro,125.161015970133,0.977710927039997,17532.97129557797,1289.0,-99.17132571682158,19.45081683639087,0.11652488750045663
Miguel Hidalgo,Centro,123.844492567635,0.967426739856399,2956.1805101373448,7645.0,-99.17625299253667,19.44537154810594,0.08951584475330522
Miguel Hidalgo,Centro,125.194328081195,0.977971148761074,6479.357798165138,3488.0,-99.20548407459846,19.434654848312377,0.1441031114241278
Miguel Hidalgo,Centro,126.059645761188,0.984730686022202,5697.000252079657,3967.0,-99.19356229705764,19.434802587403084,0.13244645207086586
Miguel Hidalgo,Centro,125.893863116719,0.983435654164596,5591.291439881247,4042.0,-99.1884224817905,19.43562000070957,0.1072944286558927
Miguel Hidalgo,Centro,124.175005696048,0.970008584488093,26218.097447795823,862.0,-99.21691311609378,19.418177725433395,0.18125607033488442
Miguel Hidalgo,Centro,121.162803213955,0.946478388137639,5274.212368728121,4285.0,-99.19910779240472,19.45590197475256,0.09193226510097229
Miguel Hidalgo,Centro,121.597553454055,0.94987449400163,5543.291636006868,4077.0,-99.19251572916292,19.44383774267546,0.08062637050152119
Miguel Hidalgo,Centro,123.562953773564,0.965227464361423,7227.374480332586,3127.0,-99.18995216338364,19.439380044846708,0.0963948105894613
Miguel Hidalgo,Centro,124.904746029461,0.975709042353098,4787.121372590553,4721.0,-99.20993989740477,19.43708305658213,0.09029737001322373
Miguel Hidalgo,Centro,124.888004659107,0.975578265045153,27196.149217809867,831.0,-99.20716952495312,19.42875120373282,0.11170362811580252
Miguel Hidalgo,Centro,125.539221576719,0.980665327428655,5585.763717251607,4046.0,-99.2126037904542,19.4323733407604,0.11039359242434565
Miguel Hidalgo,Centro,125.625626103177,0.981340287191553,74587.4587458746,303.0,-99.22273238103878,19.43840479570876,0.19364273311360045
Miguel Hidalgo,Centro,121.459914892819,0.948799313169485,2655.3871460462933,8511.0,-99.17307705849284,19.441881615812694,0.06338226418273975
Miguel Hidalgo,Centro,124.742959065858,0.974445223256228,2433.509206417573,9287.0,-99.1725462181901,19.446728251047304,0.08870651462175083
Miguel Hidalgo,Centro,124.362564163874,0.971473720912808,21963.07094266278,1029.0,-99.2399910804648,19.404214261329304,0.14146997704654818
Miguel Hidalgo,Centro,124.631966124033,0.973578188012018,4829.059829059829,4680.0,-99.17566765190548,19.45613615342402,0.11918570713930635
Miguel Hidalgo,Centro,123.529714320877,0.964967810220327,18817.651956702743,1201.0,-99.16822808258271,19.45594254990136,0.14312945479278288
Miguel Hidalgo,Centro,124.880555101775,0.975520071896519,21340.88762983947,1059.0,-99.23402962741376,19.410237348290128,0.20673124541642446
Miguel Hidalgo,Centro,123.707240465213,0.966354577895605,14723.12703583062,1535.0,-99.23079940989518,19.417917283471265,0.18145612666355782
Miguel Hidalgo,Centro,119.949211542406,0.936998265041471,6926.141587496169,3263.0,-99.20232204185838,19.44692142664516,0.07633884052843062
Miguel Hidalgo,Centro,123.370452621539,0.963723717541032,11316.975463194793,1997.0,-99.23482632586398,19.40215649828603,0.16166254220678616
Miguel Hidalgo,Centro,125.401330141763,0.979588171241828,3707.3490813648295,6096.0,-99.24536084856192,19.39432973122295,0.18386575408129988
Venustiano Carranza,Norte,121.635179795449,0.950168416872419,8842.794759825327,3664.0,-99.10063613999772,19.447792192473027,0.07124022686966193
Venustiano Carranza,Norte,124.49243487733,0.97248822223068,7841.239109390126,4132.0,-99.12615185943464,19.416025616504644,0.05299219228981043
Venustiano Carranza,Norte,119.959151522302,0.937075912437376,2385.685884691849,13581.0,-99.12337932865104,19.446938416199043,0.04863605935646382
Venustiano Carranza,Norte,121.789381176324,0.951372980241272,11608.74238624149,2791.0,-99.0798816082435,19.408567874655795,0.0677168594642297
Venustiano Carranza,Norte,121.326505361321,0.94775716793196,6468.356957476542,5009.0,-99.05550083836118,19.42869519100476,0.055032146223401586
Venustiano Carranza,Norte,121.562395635018,0.949599854301904,12166.729252722494,2663.0,-99.09414092147249,19.412461906645643,0.06364025003629564
Venustiano Carranza,Norte,122.352059317999,0.955768410905192,13393.96444811906,2419.0,-99.09261275874675,19.412288602245443,0.05924599317345732
Venustiano Carranza,Norte,121.844016428209,0.951799770343253,8967.616938831996,3613.0,-99.0905421032705,19.412588774565403,0.060550840119609595
Venustiano Carranza,Norte,121.186485041345,0.946663381693591,5682.216766047001,5702.0,-99.12234328829236,19.43918944947623,0.04766428261064799
Venustiano Carranza,Norte,121.746978071927,0.951041743088973,8415.584415584415,3850.0,-99.11257970562076,19.451881523037816,0.08172486671399432
Venustiano Carranza,Norte,122.085705850555,0.953687757488022,9032.617786451074,3587.0,-99.1061993208888,19.45049503523416,0.06501063865066742
Venustiano Carranza,Norte,123.954634520142,0.968287127491131,3152.67101294152,10277.0,-99.11991453472922,19.453081336381647,0.11702949211448004
Venustiano Carranza,Norte,119.948092542704,0.936989523835371,6625.766871165645,4890.0,-99.1216551156289,19.43307683449268,0.06079567246607467
Venustiano Carranza,Norte,118.173313229374,0.923125613301593,88043.47826086957,368.0,-99.12448955531411,19.42543714158583,0.0412159741984067
Venustiano Carranza,Norte,121.989355778442,0.952935106851593,11126.373626373626,2912.0,-99.09494181287312,19.450007034078137,0.0672124804624902
Venustiano Carranza,Norte,122.690457053248,0.958411847129112,11176.267678509832,2899.0,-99.09088764945456,19.44815215412249,0.07128309107924215
Venustiano Carranza,Norte,122.418193096584,0.95628502318632,9803.328290468986,3305.0,-99.09107152413748,19.445952145495248,0.0634518288970816
Venustiano Carranza,Norte,121.224389070185,0.946959473754592,6259.659969088099,5176.0,-99.08322641868324,19.444179174845623,0.08782252710113858
Venustiano Carranza,Norte,120.682597712548,0.942727202815982,10894.41829186281,2974.0,-99.1212869730498,19.44984468089913,0.06470170565926997
Venustiano Carranza,Norte,121.700330285131,0.950677348069329,8833.151581243184,3668.0,-99.08985158956182,19.442330054089325,0.061250585098066856
Venustiano Carranza,Norte,122.010129903415,0.953097386526525,3860.359823662576,8393.0,-99.0635589453247,19.42203257969328,0.055632414356635934
Venustiano Carranza,Norte,119.299554288591,0.931923386166748,10605.56464811784,3055.0,-99.12461206584273,19.42060210749596,0.0560595332873655
Venustiano Carranza,Norte,122.949573525106,0.960435967850315,8075.772681954138,4012.0,-99.0886579401881,19.41129108688213,0.06402067331369898
Venustiano Carranza,Norte,121.847395979065,0.951826170127357,8749.662435862814,3703.0,-99.08609261626178,19.410581543407226,0.06866904061716504
Venustiano Carranza,Norte,121.815532433232,0.9515772640547,13289.581624282198,2438.0,-99.08344384635105,19.40958981337621,0.06370370023921137
Venustiano Carranza,Norte,123.1709950025,0.962165629408684,3180.2120141342757,10188.0,-99.12614857867938,19.411526272818207,0.07205834787863849
Venustiano Carranza,Norte,123.523568579699,0.964919801994615,7297.2972972972975,4440.0,-99.12396220901208,19.40687266050219,0.044597490933844214
Venustiano Carranza,Norte,121.096720313717,0.945962173299075,4771.020468266824,6791.0,-99.11678070781748,19.407808617142702,0.07095998452674865
Venustiano Carranza,Norte,124.186251505278,0.970096432533128,5870.628737090053,5519.0,-99.1096612794571,19.407465254979897,0.09501562920172381
Venustiano Carranza,Norte,124.409900095699,0.971843491463388,20998.05573558004,1543.0,-99.10016355442056,19.41026409112664,0.11360129095282924
Venustiano Carranza,Norte,122.13539143717,0.954075882660805,12324.077596044124,2629.0,-99.10496921379357,19.445924151272205,0.09097722207264917
Venustiano Carranza,Norte,122.829076613803,0.959494691160104,10742.705570291777,3016.0,-99.089613782522,19.41820988355524,0.07970777199799746
Venustiano Carranza,Norte,122.427988301268,0.956361539652559,9299.655568312284,3484.0,-99.08544192819046,19.417004189282856,0.06553505266775607
Venustiano Carranza,Norte,121.219370483124,0.946920270434217,59232.17550274223,547.0,-99.11207038700825,19.409927167798504,0.10436192402314746
Venustiano Carranza,Norte,122.910253329032,0.960128813221883,19612.59079903148,1652.0,-99.10988616368968,19.4471238245657,0.07833885915505714
Venustiano Carranza,Norte,122.395858371362,0.956110552687404,21788.83658372562,1487.0,-99.10769177319578,19.44636802119494,0.07818072715011892
Venustiano Carranza,Norte,121.046809788835,0.945572290992889,22832.980972515856,1419.0,-99.08421388515524,19.436888299319868,0.05988769463667984
Venustiano Carranza,Norte,123.452659366611,0.964365885809722,6636.624334289226,4882.0,-99.10892483782229,19.43096628737941,0.06022802782234225
Venustiano Carranza,Norte,122.305065639526,0.955401313909463,17456.896551724138,1856.0,-99.10644699188076,19.429785702043223,0.0734864489589256
Venustiano Carranza,Norte,122.387171215216,0.956042691880875,14828.37528604119,2185.0,-99.1090570298014,19.442375692224417,0.06995331045671546
Venustiano Carranza,Norte,122.715920696322,0.958610759561093,13382.899628252786,2421.0,-99.11526412595104,19.444185890675342,0.11093506146617059
Venustiano Carranza,Norte,121.412301099726,0.948427372070862,20300.751879699248,1596.0,-99.11191473223562,19.44313018806354,0.09165472665326811
Venustiano Carranza,Norte,121.500016005072,0.949112568022299,9582.9636202307,3381.0,-99.10646440476866,19.44216101880468,0.08314643914644511
Venustiano Carranza,Norte,120.016412930138,0.937523217084951,8923.161663453593,3631.0,-99.10256922315028,19.443379559881464,0.0903060650207727
Venustiano Carranza,Norte,122.912202028291,0.96014403572982,9222.886421861656,3513.0,-99.09794028860676,19.442908161392435,0.0741555777604349
Venustiano Carranza,Norte,122.049473317298,0.953404722523773,9345.255263916932,3467.0,-99.0930143713506,19.4435626322224,0.05986393837298173
Venustiano Carranza,Norte,120.735864395855,0.94314330217338,10721.376571806752,3022.0,-99.08722127052476,19.441080779523045,0.06308796902667335
Venustiano Carranza,Norte,123.487540964579,0.964638367774027,21981.004070556308,1474.0,-99.10982548391796,19.425179483059257,0.0884781832049675
Venustiano Carranza,Norte,120.352194597977,0.940146217571176,4562.095184455083,7102.0,-99.11697529420452,19.4397451112848,0.0578339744423176
Venustiano Carranza,Norte,121.957441229827,0.95268580236432,16804.979253112033,1928.0,-99.11060490797767,19.43979896900694,0.07929404866149532
Venustiano Carranza,Norte,121.127922568616,0.946205913614913,4752.12672337929,6818.0,-99.11824121673423,19.43844651060907,0.05624276593344867
Venustiano Carranza,Norte,122.87844832711,0.959880364472301,13828.42509603073,2343.0,-99.11252291867518,19.436513085894624,0.13474420339127088
Venustiano Carranza,Norte,122.042633431515,0.953351291900691,7645.115620575743,4238.0,-99.09930461337642,19.43039202086538,0.06758112644926842
Venustiano Carranza,Norte,122.330193584676,0.955597603995131,12801.264322402212,2531.0,-99.1084598117972,19.436936793726563,0.09805667608215794
Venustiano Carranza,Norte,121.081112743195,0.94584025281029,5031.837241807734,6439.0,-99.10394284054118,19.438641844668936,0.06433989354509488
Venustiano Carranza,Norte,122.50946857891,0.956998033030074,8297.055057618438,3905.0,-99.09887807491326,19.43981735012321,0.05709036061955675
Venustiano Carranza,Norte,124.132641697227,0.969677652813885,6081.081081081082,5328.0,-99.09949767003464,19.437174158702632,0.04882216639021444
Venustiano Carranza,Norte,122.632795649227,0.95796141786132,9144.792548687552,3543.0,-99.10384071397732,19.43250380895821,0.06583780486042261
Venustiano Carranza,Norte,122.840896205265,0.959587021376796,6011.131725417439,5390.0,-99.0984982702763,19.433774051817387,0.06630852194905096
Venustiano Carranza,Norte,121.955383381765,0.952669727226865,9007.506255212676,3597.0,-99.0907037222538,19.43463815491857,0.06131416726814412
Venustiano Carranza,Norte,116.764870659994,0.91212338805184,16143.497757847534,2007.0,-99.1237167619881,19.430909090066592,0.06492795597409613
Venustiano Carranza,Norte,121.394851805709,0.948291064728697,10374.63976945245,3123.0,-99.12136123254125,19.427946709393527,0.06283720638245752
Venustiano Carranza,Norte,122.553890567157,0.957345040946023,16031.66749134092,2021.0,-99.1071396591283,19.427179967858883,0.07064650416903606
Venustiano Carranza,Norte,121.769163124292,0.951215044399657,6220.003839508543,5209.0,-99.1014223944613,19.42815078019722,0.07420800302216071
Venustiano Carranza,Norte,122.435712925206,0.956421881518375,10441.50821785369,3103.0,-99.09466750576846,19.42806325040393,0.07776115833300151
Venustiano Carranza,Norte,122.394763283398,0.956101998270836,8303.434136340338,3902.0,-99.09298913489822,19.431138228315007,0.08213693396521528
Venustiano Carranza,Norte,118.575392968583,0.926266509462581,16289.592760180996,1989.0,-99.12190827476034,19.4240433921917,0.057725822328829
Venustiano Carranza,Norte,122.78428847632,0.959144823023615,7382.091592617908,4389.0,-99.09724689086325,19.425166460523258,0.07124016225144947
Venustiano Carranza,Norte,121.6317579027,0.950141686329318,9181.07112496458,3529.0,-99.06959234800108,19.42838615787369,0.061968137579892724
Venustiano Carranza,Norte,121.423005660953,0.948510992089436,8546.557636507518,3791.0,-99.06602080686648,19.42708392922219,0.06398279389932983
Venustiano Carranza,Norte,124.264303805595,0.970706147837119,12558.13953488372,2580.0,-99.11397652404996,19.414453976787865,0.09370763889239614
Venustiano Carranza,Norte,123.518988686413,0.964884025585523,25431.711145996866,1274.0,-99.11078842258136,19.412521182388808,0.1130198796042069
Venustiano Carranza,Norte,123.331304778185,0.963417909267421,30623.818525519848,1058.0,-99.1058026482482,19.4121302471448,0.13078354551869453
Venustiano Carranza,Norte,123.832282550781,0.967331359782941,14412.811387900356,2248.0,-99.06145514534664,19.42622209856422,0.08668139403995302
Venustiano Carranza,Norte,121.135585756613,0.946265775566195,6549.423893268648,4947.0,-99.11841187316588,19.435455322898115,0.06668666215274993
Venustiano Carranza,Norte,125.071225188568,0.977009515121892,18859.138533178117,1718.0,-99.11108829556603,19.42174739980104,0.10171340895614925
Venustiano Carranza,Norte,123.167346696844,0.962137130212843,9375.0,3456.0,-99.08900456968009,19.42180497497119,0.07176851423749558
Venustiano Carranza,Norte,121.21627604336,0.946896097831056,7204.803202134756,4497.0,-99.11891676799256,19.41012231243585,0.06683603963352786
Venustiano Carranza,Norte,123.154147731814,0.962034024847046,22689.0756302521,1428.0,-99.11248882538648,19.42570616053598,0.10225724668314036
Venustiano Carranza,Norte,122.48170419637,0.956781148084065,12296.015180265656,2635.0,-99.09559793755052,19.435978043502583,0.06318588283539908
Venustiano Carranza,Norte,119.757206493644,0.935498393593748,23410.404624277457,1384.0,-99.1218365116334,19.41971239801423,0.09361544262299307
Venustiano Carranza,Norte,121.572239760694,0.949676752920583,6616.295691239535,4897.0,-99.09026866533333,19.438105195382573,0.060439246125654225
Venustiano Carranza,Norte,120.463904440079,0.941018852971543,18010.00555864369,1799.0,-99.11050053303472,19.442836577740504,0.07017735812284231
Venustiano Carranza,Norte,121.813740796105,0.951563268457249,10887.09677419355,2976.0,-99.1067018358604,19.44879237103263,0.0699209215078786
Venustiano Carranza,Norte,122.862745456466,0.959757699534695,7201.600355634585,4499.0,-99.09650743009604,19.44681540192045,0.07092927426497941
Venustiano Carranza,Norte,121.557240511518,0.949559584410058,17733.99014778325,1827.0,-99.11491013851897,19.44930045799765,0.06299427939753938
Venustiano Carranza,Norte,121.548789217651,0.949493566071222,14496.644295302014,2235.0,-99.11508884172962,19.448230929423246,0.06648015509292629
Venustiano Carranza,Norte,120.655039111085,0.942511925354586,4220.398593200469,7677.0,-99.1192857289051,19.44417358605373,0.05814531260249753
Venustiano Carranza,Norte,121.039172236385,0.945512629296886,16963.350785340313,1910.0,-99.11580478897405,19.44700071178064,0.08142922521171965
Venustiano Carranza,Norte,121.268770577882,0.947306165451668,10615.989515072084,3052.0,-99.06971596477348,19.4258623563888,0.059189300673485386
Venustiano Carranza,Norte,122.353620628864,0.955780607280249,7295.654131952263,4441.0,-99.07115288345292,19.423588220834745,0.05937457762536768
Venustiano Carranza,Norte,121.681128754295,0.950527352910142,22720.897615708272,1426.0,-99.11912671798908,19.417819767876683,0.1288445262653218
Venustiano Carranza,Norte,122.678370463878,0.958317431224879,190588.23529411765,170.0,-99.11372209137944,19.41853334350688,0.08102763236810424
Venustiano Carranza,Norte,123.807261156001,0.967135902028809,10256.410256410256,3159.0,-99.11159550047851,19.41663645612588,0.10825866359615784
Venustiano Carranza,Norte,122.786663559407,0.959163376282142,7873.633049817739,4115.0,-99.12297274516058,19.415718787117463,0.06421349817111137
Venustiano Carranza,Norte,123.985904865003,0.968531399700219,19036.427732079905,1702.0,-99.11834632573893,19.41552195276942,0.06766768171933499
Venustiano Carranza,Norte,124.600667735884,0.973333696739282,12543.55400696864,2583.0,-99.08171737251185,19.41601029596137,0.08399125490628466
Venustiano Carranza,Norte,121.492406083785,0.949053122170585,8740.221203129217,3707.0,-99.07844008181615,19.4145752400344,0.06367224496090308
Venustiano Carranza,Norte,122.95115771188,0.960448342923392,11726.384364820846,2763.0,-99.12330257677516,19.41111244043254,0.07396425699188888
Venustiano Carranza,Norte,122.947174093057,0.960417224386828,10421.357349630103,3109.0,-99.1182447697913,19.41276445540494,0.07150019000434561
Venustiano Carranza,Norte,122.995587986518,0.960795415569526,11481.218993621544,2822.0,-99.0856902147617,19.419922034168387,0.07469462277507244
Venustiano Carranza,Norte,120.815051074324,0.943761878814162,37674.41860465116,860.0,-99.10804568568932,19.420659476489178,0.08848487428965264
Venustiano Carranza,Norte,124.992263528313,0.976392696239026,50388.802488335925,643.0,-99.10961614840762,19.421297543635056,0.10138829358239215
Venustiano Carranza,Norte,122.273984342239,0.955158518469136,8210.846426761276,3946.0,-99.10313373545772,19.42530871729278,0.07656678427099751
Venustiano Carranza,Norte,122.345936298122,0.955720580169765,13181.448331977215,2458.0,-99.09543689605206,19.415102268172,0.061226079656502765
Venustiano Carranza,Norte,122.481249788233,0.956777598418081,13213.703099510603,2452.0,-99.0942065777922,19.41440502194555,0.060441860796315555
Venustiano Carranza,Norte,124.674471818803,0.973910226561852,25155.279503105587,1288.0,-99.10221981743852,19.421240837064783,0.08576401289990895
Venustiano Carranza,Norte,123.483800084,0.964609145417607,14050.303555941024,2306.0,-99.09712138472466,19.422228880308253,0.06755247031880482
Venustiano Carranza,Norte,120.963324019301,0.944920131464671,14801.279122887165,2189.0,-99.1182566005779,19.43303524031284,0.08870054355228776
Venustiano Carranza,Norte,123.711060714404,0.966384420249865,26710.63478977741,1213.0,-99.1075231231313,19.42364568255925,0.09303347561284508
Venustiano Carranza,Norte,122.226220738866,0.954785407108782,161194.02985074627,201.0,-99.09316856145608,19.421819946035622,0.03853046103054201
Venustiano Carranza,Norte,121.538640905623,0.949414291262813,8077.786088257292,4011.0,-99.05474961504376,19.43500649158587,0.2673823766030884
Venustiano Carranza,Norte,124.133054812286,0.969680879913821,12892.956625547156,2513.0,-99.0609208459363,19.427034708869275,0.08819641493415362
Venustiano Carranza,Norte,120.311885355936,0.939831336886493,23893.805309734515,1356.0,-99.06226409329696,19.42975784934465,0.0686239130150407
Venustiano Carranza,Norte,120.761669182461,0.943344879490717,27434.377646062658,1181.0,-99.06141701220932,19.429490201571188,0.07045044126978803
Venustiano Carranza,Norte,122.427195696468,0.956355348121051,6288.819875776397,5152.0,-99.12116712735512,19.45751433459535,0.06386882080189403
Venustiano Carranza,Norte,121.814854991181,0.95157197213141,6673.532440782698,4855.0,-99.11707291950556,19.455992305752872,0.0665431226548714
Venustiano Carranza,Norte,124.6601263594,0.973798165211894,39754.601226993866,815.0,-99.11310986957238,19.42335141135702,0.10640869996048094
Venustiano Carranza,Norte,122.728482326838,0.958708886308642,33714.880332986475,961.0,-99.11328421505765,19.42121341343213,0.09532105582265482
Venustiano Carranza,Norte,122.883736437443,0.959921673207425,15362.731152204837,2109.0,-99.11582418800252,19.420553899167928,0.11767585071304622
Venustiano Carranza,Norte,121.100754020645,0.945993683105142,11246.09510586602,2881.0,-99.0829984353809,19.440256254901453,0.12361703302069005
Venustiano Carranza,Norte,120.660673095904,0.942555935931504,9529.411764705885,3400.0,-99.07893412406128,19.440361503070395,0.07426083763396275
Venustiano Carranza,Norte,121.641197108203,0.950215421863432,7543.655413271245,4295.0,-99.06161701324126,19.42463034449572,0.07009232900658509
Venustiano Carranza,Norte,124.815456697562,0.975011547571768,88524.59016393442,366.0,-99.10287074245863,19.41869563353761,0.0839867046074399
Venustiano Carranza,Norte,123.708144995309,0.966361643745561,18482.601254991445,1753.0,-99.10376985104487,19.41651336143818,0.0728075866860745
Venustiano Carranza,Norte,124.108292427387,0.969487445447768,66666.66666666666,486.0,-99.10646694507548,19.420078380761183,0.08904109247757544
Venustiano Carranza,Norte,122.792311771811,0.959207497999615,32530.12048192771,996.0,-99.10471110916988,19.41949407968253,0.08352240563808919
Venustiano Carranza,Norte,119.671522944316,0.934829065833851,30027.803521779428,1079.0,-99.0603858158142,19.42841759247294,0.0720266591013537
Venustiano Carranza,Norte,120.849936959181,0.944034394266036,7261.317794710892,4462.0,-99.05727368024316,19.426019853110542,0.06622908606220526
Venustiano Carranza,Norte,109.206492428208,0.853080171355019,36000.0,900.0,-99.05949527731352,19.42714073343385,0.08040068700036206
Venustiano Carranza,Norte,124.308505712606,0.97105143656097,16701.03092783505,1940.0,-99.10277597541136,19.41318699029204,0.09880642155291242
Venustiano Carranza,Norte,121.71562445693,0.950796820404799,24695.121951219517,1312.0,-99.10670291631074,19.416161019295725,0.08937096376015562
Venustiano Carranza,Norte,123.845464121413,0.96743432927022,26513.9116202946,1222.0,-99.10736926961803,19.41393022236324,0.09988207374425567
Venustiano Carranza,Norte,123.249539608727,0.962779190421853,40148.69888475836,807.0,-99.1088887360136,19.41574851818847,0.1069078759420499
Venustiano Carranza,Norte,124.21376966066,0.970311394044905,28546.255506607933,1135.0,-99.10911765378788,19.41858218305522,0.11241887840251599
Venustiano Carranza,Norte,123.467646783451,0.964482961890476,26710.63478977741,1213.0,-99.1101862581747,19.41577610249036,0.11580974344534105
Venustiano Carranza,Norte,123.364786231949,0.96367945383019,15591.915303176133,2078.0,-99.0968739422731,19.41581234929921,0.0780329614479417
Venustiano Carranza,Norte,122.600888593385,0.957712171904787,24942.263279445728,1299.0,-99.0993150061155,19.412315488926545,0.10623891926862829
Venustiano Carranza,Norte,121.996793347394,0.952993206351491,27411.167512690357,1182.0,-99.10022931474752,19.415383337481376,0.09566214513265206
Venustiano Carranza,Norte,124.219907618129,0.970359341467196,36610.16949152543,885.0,-99.0980140752954,19.41927661052656,0.1003911760228461
Venustiano Carranza,Norte,124.502254204674,0.972564927134092,33575.12953367875,965.0,-99.100274771491,19.42038754330068,0.10796948182496972
Venustiano Carranza,Norte,124.11266393826,0.969521594051588,24342.59954921112,1331.0,-99.10043993146743,19.418091139494024,0.10278261505563106
Venustiano Carranza,Norte,124.173456683033,0.969996484179224,15048.769159312586,2153.0,-99.10464659836738,19.422801053966467,0.09207287486169871
Venustiano Carranza,Norte,120.185433332026,0.938843541089498,7575.403320084171,4277.0,-99.07681453062204,19.412542935172013,0.06478047196559401
Venustiano Carranza,Norte,122.049129683512,0.953402038185489,10217.59697256386,3171.0,-99.0728225897768,19.418236523089178,0.04434823223449607
Milpa Alta,Sur,120.270108301415,0.939504990201084,7414.931437277806,1969.0,-98.96943292613278,19.207702803823604,0.18203672138790186
Milpa Alta,Sur,120.32661446827,0.939946395189293,4139.495321803232,3527.0,-98.99871566000702,19.180001623630098,0.25653064367820905
Milpa Alta,Sur,121.07345290652,0.94578041703828,38219.89528795812,382.0,-99.06199577706693,19.184360478795195,0.28044815517653415
Milpa Alta,Sur,118.26344009744,0.92382965060142,4595.530374567202,3177.0,-99.02923780480717,19.197636420628548,0.262360439483026
Milpa Alta,Sur,121.626328404884,0.950099273128196,108955.223880597,134.0,-99.07448484724864,19.191520388078445,0.2930570014474295
Milpa Alta,Sur,117.69418962133,0.919382879325231,7487.179487179488,1950.0,-99.0331809321634,19.173658126639506,0.2195268030629957
Milpa Alta,Sur,119.501115935172,0.933497910173341,4322.084073416223,3378.0,-99.0230091212343,19.191735854891576,0.11525205498387793
Milpa Alta,Sur,118.745956084513,0.92759888457077,5287.939152480985,2761.0,-99.01803477095474,19.18713747539279,0.20398057805849218
Milpa Alta,Sur,115.256520403653,0.900340721412409,35096.153846153844,416.0,-99.02931836240512,19.20254959967763,0.27332144724201923
Milpa Alta,Sur,118.918574875429,0.928947317841167,88484.8484848485,165.0,-98.99646253237655,19.19282198987802,0.2547343035275939
Milpa Alta,Sur,121.204690953372,0.946805599451959,3000.4110152075627,4866.0,-99.0775667272112,19.184372995623168,0.2704068024807566
Milpa Alta,Sur,120.831544872011,0.943890722177259,53090.90909090909,275.0,-99.0041629542121,19.222289456363665,0.2463397400750582
Milpa Alta,Sur,120.664652640036,0.942587022638107,4334.916864608076,3368.0,-99.00166584873136,19.19819491938552,0.2429565738999087
Milpa Alta,Sur,120.142499026603,0.938508154393957,6282.271944922548,2324.0,-99.01926443347296,19.195488717211024,0.19951466031466972
Milpa Alta,Sur,116.171142041032,0.907485402701881,7978.142076502732,1830.0,-99.09818266501986,19.20426780485589,0.2815287726889115
Milpa Alta,Sur,120.413939806047,0.940628547984962,2485.106382978724,5875.0,-99.08936694286398,19.195710932903072,0.2361911491291668
Milpa Alta,Sur,117.814633689521,0.920323743224858,10465.949820788532,1395.0,-99.0464762933915,19.20659028280775,0.26405405812648935
Milpa Alta,Sur,119.439397518248,0.933015789041944,9193.954659949624,1588.0,-99.05125109316256,19.205109465097514,0.2820428632113786
Milpa Alta,Sur,116.292838623288,0.908436050771747,4810.543657331136,3035.0,-99.0535919357358,19.1972427039596,0.2578915984609359
Milpa Alta,Sur,117.201497094151,0.91553415004031,4775.924108603206,3057.0,-99.04702274286946,19.1971969537143,0.2563011167760619
Milpa Alta,Sur,115.363980826789,0.901180161945151,91823.8993710692,159.0,-99.05725720295828,19.202148253778656,0.2882100142499579
Milpa Alta,Sur,119.752387182386,0.935460746941227,2948.3037156704363,4952.0,-99.01081690588184,19.198588933806885,0.23170674988558862
Milpa Alta,Sur,119.449072679738,0.933091367775752,20221.60664819945,722.0,-99.01731891071972,19.202923439524863,0.2556919630692864
Milpa Alta,Sur,119.747099588783,0.935419442242606,1400.748345006236,10423.0,-98.99824320496484,19.22151948167317,0.18155090134164312
Milpa Alta,Sur,120.765925942755,0.943378131706044,6922.712185870081,2109.0,-98.97335547660651,19.21067825592615,0.18278550326461754
Milpa Alta,Sur,119.877750478226,0.936440038002763,3843.116609634114,3799.0,-99.00708556520722,19.19014115252014,0.2204420270594929
Milpa Alta,Sur,115.028441651301,0.898559055718249,12673.611111111111,1152.0,-99.0730709431049,19.176083774934096,0.3282708862643238
Milpa Alta,Sur,119.793270525865,0.935780112291082,1597.0247210676,9142.0,-99.09486099501662,19.192193866509808,0.22541503672518481
Milpa Alta,Sur,121.503996395905,0.949143661343026,1966.065176407218,7426.0,-98.99785704597676,19.21249871023189,0.18298209322093287
Milpa Alta,Sur,121.816780591535,0.951587014199364,4518.724852986691,3231.0,-98.9871686774896,19.21959191623904,0.2693825642052798
Milpa Alta,Sur,120.041340161068,0.937717939266393,2434.1447149049686,5998.0,-99.07060288077098,19.188716304558422,0.252641830773212
Milpa Alta,Sur,120.192725506636,0.938900504823313,3243.003109729009,4502.0,-99.0685039094454,19.181701603875453,0.28158972874536786
Milpa Alta,Sur,120.752692322915,0.943274755629866,8929.66360856269,1635.0,-98.99531016485508,19.18772215705424,0.21521929291202782
Milpa Alta,Sur,118.630636297103,0.926698049631224,15036.045314109168,971.0,-98.98462856936408,19.20796241722428,0.24744444909582058
Milpa Alta,Sur,121.233427503925,0.947030078609966,21439.06020558003,681.0,-99.08331614750342,19.18799212591108,0.3097948867801526
Milpa Alta,Sur,118.536616096603,0.92596359907824,6244.653550042772,2338.0,-99.03390187575891,19.179067115200866,0.2639311274162832
Milpa Alta,Sur,119.942145160126,0.936943065112668,4349.121239201669,3357.0,-99.00385036626464,19.17558434014119,0.25669315718375013
Milpa Alta,Sur,119.182671878015,0.931010344600945,3022.1486234734007,4831.0,-98.99443814860985,19.1712073362636,0.22563773906481244
Milpa Alta,Sur,117.988917907907,0.921685186190189,14792.29989868288,987.0,-99.03343763702276,19.195797870980293,0.22573766680487842
Milpa Alta,Sur,117.843774961911,0.920551383918107,3282.374100719424,4448.0,-99.02940392220366,19.18770989856732,0.2089333888315123
Milpa Alta,Sur,121.456808623985,0.948775048162063,2682.8371922087467,5442.0,-98.98680116020076,19.213228561649867,0.23065506169656824
Milpa Alta,Sur,120.80170521281,0.943657625948109,2959.6594364484085,4933.0,-99.06874638618082,19.206816875763497,0.21380829969647452
Coacalco de Berriozábal,Norte,122.809835687352,0.959344388257147,4237.786933490288,1699.0,-99.079851273867,19.64825784547953,0.12844801499544986
Coacalco de Berriozábal,Norte,122.794867608391,0.959227463236655,5564.142194744977,1294.0,-99.08026387721206,19.65748905297845,0.1501107222817629
Coacalco de Berriozábal,Norte,121.262220017713,0.947254994931787,2760.7361963190183,2608.0,-99.07633356378108,19.64141440397685,0.13344054175116388
Coacalco de Berriozábal,Norte,123.915922789224,0.967984725964348,587.4194337929346,12257.0,-99.0866815502226,19.65149397192539,0.09176081422934237
Coacalco de Berriozábal,Norte,121.825439096458,0.951654651193274,1226.3668880940215,5871.0,-99.11490391120054,19.64818359256842,0.11989899508293397
Coacalco de Berriozábal,Norte,123.997152899758,0.968619265130226,1664.7398843930634,4325.0,-99.12406525166604,19.6353728425344,0.1465394716572257
Coacalco de Berriozábal,Norte,124.295807813364,0.970952245333231,325.64450474898234,22110.0,-99.10279516248691,19.65896568169625,0.10050706171212993
Coacalco de Berriozábal,Norte,123.926136274929,0.96806450988508,3919.43385955362,1837.0,-99.083580707867,19.646218840476045,0.14293156251249584
Coacalco de Berriozábal,Norte,122.905683480614,0.960093115279523,4648.160103292446,1549.0,-99.07952808189192,19.639805282268096,0.0993239968493995
Coacalco de Berriozábal,Norte,121.595173032356,0.94985589903986,2835.762111067349,2539.0,-99.07702510930808,19.6559007775537,0.11768407990926637
Coacalco de Berriozábal,Norte,123.149392464929,0.961996878485153,2201.161724243351,3271.0,-99.083207603112,19.62472117757196,0.07719371266048707
Coacalco de Berriozábal,Norte,123.515803289458,0.964859142458888,3174.6031746031745,2268.0,-99.08531613751524,19.61869021555797,0.083419344674011
Coacalco de Berriozábal,Norte,121.955109562158,0.952667588250761,1640.0911161731208,4390.0,-99.10819109190211,19.632322591038424,0.13969065917382964
Coacalco de Berriozábal,Norte,123.045369273251,0.961184288315751,1053.8641686182668,6832.0,-99.09684379486988,19.657576453659782,0.06498813632379527
Coacalco de Berriozábal,Norte,123.375269507092,0.963761345244852,1178.9749467823808,6107.0,-99.09269802435858,19.656664737599904,0.06386065067954912
Coacalco de Berriozábal,Norte,123.919997562149,0.968016556562583,1143.0385775519924,6299.0,-99.0987405880461,19.6493609072605,0.07187882161247865
Coacalco de Berriozábal,Norte,122.863015489298,0.959759808929934,1440.8645187112268,4997.0,-99.09447797473597,19.649090894387857,0.07833942468160279
Coacalco de Berriozábal,Norte,123.423325849148,0.964136743370042,1597.8695073235683,4506.0,-99.11609055239072,19.637715403312725,0.15207926616522266
Coacalco de Berriozábal,Norte,123.299049805818,0.963165945517444,3817.603393425239,1886.0,-99.1199277361423,19.637062096588945,0.14950180575536945
Coacalco de Berriozábal,Norte,122.068812855253,0.953555795742832,2690.582959641256,2676.0,-99.08353233312133,19.651401581979567,0.17022033539599754
Coacalco de Berriozábal,Norte,123.321012532329,0.963337510101916,1049.7157019973756,6859.0,-99.07544351913975,19.650638277070342,0.20666526089839235
Coacalco de Berriozábal,Norte,122.616162059682,0.957831482496636,1650.240660096264,4363.0,-99.08691976865173,19.62672255653792,0.1385360468009474
Coacalco de Berriozábal,Norte,122.45497144788,0.956572321876426,5669.291338582677,1270.0,-99.08294040581978,19.64012841775676,0.19529753582750778
Coacalco de Berriozábal,Norte,122.728375279639,0.958708050096064,920.951650038373,7818.0,-99.11873617032768,19.650279351529807,0.08454896892408334
Coacalco de Berriozábal,Norte,120.480904001541,0.941151647171615,1788.375558867362,4026.0,-99.09269101693974,19.62250170027104,0.08938210386570301
Coacalco de Berriozábal,Norte,122.978303395894,0.960660394828507,6863.679694947569,1049.0,-99.08553119018543,19.639677405918817,0.156442720139217
Coacalco de Berriozábal,Norte,122.817743732793,0.959406162942971,2011.173184357542,3580.0,-99.08832892799671,19.62202971049237,0.08979889253046966
Coacalco de Berriozábal,Norte,120.599074487649,0.942074750700504,2250.7033447952485,3199.0,-99.11296387733611,19.64659369910421,0.1206555158908537
Coacalco de Berriozábal,Norte,122.57946307566,0.957544803793917,4904.632152588556,1468.0,-99.08245119420488,19.658251955770663,0.1445583814649089
Coacalco de Berriozábal,Norte,125.125943489945,0.977436953975358,12100.840336134454,595.0,-99.11513642551284,19.624723362893523,0.173464608003771
Coacalco de Berriozábal,Norte,122.094695003804,0.953757977382671,3350.395532805956,2149.0,-99.07772726272628,19.65163707663424,0.15003236100883632
Coacalco de Berriozábal,Norte,122.895351560135,0.960012406190742,3119.5840554592723,2308.0,-99.12240081312277,19.64235141277204,0.180678274253492
Coacalco de Berriozábal,Norte,122.051786498099,0.953422792224858,4447.1896232242125,1619.0,-99.08430331967072,19.64872316759409,0.13222753863248826
Coacalco de Berriozábal,Norte,121.802439278183,0.9514749852368,3187.2509960159364,2259.0,-99.08534110716288,19.644977850582706,0.1663742103565985
Coacalco de Berriozábal,Norte,119.589507779661,0.93418839411954,5084.745762711865,1416.0,-99.0830543317028,19.65413556910787,0.16403908762119823
Coacalco de Berriozábal,Norte,122.7046990444,0.95852310022389,4433.4975369458125,1624.0,-99.08277222561254,19.656178679870788,0.14490635694321707
Coacalco de Berriozábal,Norte,125.384419766091,0.979456073727701,24406.77966101695,295.0,-99.11449073671515,19.623423244881824,0.19512142226048748
Coacalco de Berriozábal,Norte,121.857872161775,0.951908006138598,4458.204334365325,1615.0,-99.08001876851012,19.6555971034902,0.13733160566226357
Coacalco de Berriozábal,Norte,122.042111989852,0.95334721859393,3501.9455252918287,2056.0,-99.08077722126916,19.65282819880436,0.13605785487260522
Coacalco de Berriozábal,Norte,122.188432685624,0.954490221005661,4077.010192525481,1766.0,-99.0798379890299,19.64259624167877,0.10926593817353585
Coacalco de Berriozábal,Norte,123.209526395989,0.962466622207084,1049.7157019973756,6859.0,-99.09944385874356,19.64084393339075,0.12385632444494989
Coacalco de Berriozábal,Norte,123.791187968135,0.967010344311914,699.4365649893142,10294.0,-99.09334909810848,19.637955605043203,0.10230306180664366
Coacalco de Berriozábal,Norte,122.950236776526,0.960441148921719,3325.635103926097,2165.0,-99.08111085230068,19.649318874503308,0.13278677620739257
Coacalco de Berriozábal,Norte,123.319342193134,0.963324462038426,4430.769230769231,1625.0,-99.08716954248403,19.640158879369626,0.16433853846273674
Coacalco de Berriozábal,Norte,122.350229722147,0.955754118788412,1528.6624203821657,4710.0,-99.08875083062048,19.65718435980127,0.07221929310005128
Coacalco de Berriozábal,Norte,122.875066304133,0.959853945376913,1302.4602026049204,5528.0,-99.09063942910464,19.648794361864265,0.08765973378859178
Coacalco de Berriozábal,Norte,124.425634668412,0.971966404045674,5361.131794489947,1343.0,-99.11888681791405,19.642545097896456,0.21028287726415967
Coacalco de Berriozábal,Norte,123.257772836094,0.962843505306956,1558.7789564840875,4619.0,-99.0942881387507,19.62991823147326,0.0891301521517113
Coacalco de Berriozábal,Norte,122.779755097628,0.959109409969085,2483.6150396688518,2899.0,-99.09084190272382,19.62756976281636,0.13271634004938518
Coacalco de Berriozábal,Norte,122.282168902249,0.955222453183099,3797.46835443038,1896.0,-99.08194066810378,19.6457935158068,0.16520291862409137
Coacalco de Berriozábal,Norte,123.430624365642,0.964193756644282,6515.837104072399,1105.0,-99.12142367538875,19.629767729904582,0.14609186119356035
Coacalco de Berriozábal,Norte,123.421712472693,0.964124140278118,2720.060445787684,2647.0,-99.08637648678202,19.642382565661507,0.22040334790787086
Coacalco de Berriozábal,Norte,122.327390150476,0.95557570461832,1026.5183917878528,7014.0,-99.10010480281986,19.62994548348337,0.172430810770226
Coacalco de Berriozábal,Norte,120.561647870758,0.941782388002642,849.6577767288176,8474.0,-99.1042035355252,19.623003313945805,0.12180200550564563
Coacalco de Berriozábal,Norte,122.528342463259,0.957145468737755,1827.875095201828,3939.0,-99.10036128660064,19.618047853269896,0.19939435722132268
Coacalco de Berriozábal,Norte,123.885458538515,0.967746750660524,1184.9901250822911,6076.0,-99.09508180923666,19.614003236585347,0.19317101387214783
Coacalco de Berriozábal,Norte,123.502210670673,0.964752962017556,1390.2297740876618,5179.0,-99.08850099743378,19.616398649710213,0.11086683003571356
Coacalco de Berriozábal,Norte,123.168107258431,0.962143071434786,916.7303284950344,7854.0,-99.11924496692085,19.64565222984182,0.10585123157574292
Coacalco de Berriozábal,Norte,122.254529539822,0.955006544847329,3947.368421052631,1824.0,-99.0913247204542,19.616372328603536,0.198830110447791
Coacalco de Berriozábal,Norte,123.590737890809,0.965444503467557,1850.4240555127217,3891.0,-99.09500983893074,19.618338083631706,0.17141222657694682
Coacalco de Berriozábal,Norte,119.134123378591,0.930631101926934,2435.723951285521,2956.0,-99.09839019236384,19.622285156916767,0.1840318192331947
Coacalco de Berriozábal,Norte,124.344085117729,0.971329369533129,1637.4801000682282,4397.0,-99.11071190746804,19.64693773953373,0.11988808873247117
Coacalco de Berriozábal,Norte,123.793078683552,0.967025113871819,9171.974522292992,785.0,-99.12124695710725,19.626618108106264,0.15515649257732553
Coacalco de Berriozábal,Norte,124.338509386804,0.97128581401379,584.3207271546827,12322.0,-99.10468666470511,19.650240426193896,0.23564105388602005
Coacalco de Berriozábal,Norte,124.299324366367,0.970979715326741,579.2903692976104,12429.0,-99.10798965237385,19.640874992492144,0.23204720133141618
Coacalco de Berriozábal,Norte,121.604341562626,0.949927520160548,1446.6546112115732,4977.0,-99.11074745182556,19.625704250716847,0.1532002045277717
Coacalco de Berriozábal,Norte,123.787859064576,0.966984340165502,2881.1524609843937,2499.0,-99.11655481637229,19.629416491594814,0.20717000007245076
Coacalco de Berriozábal,Norte,120.375270214245,0.940326475633148,1558.1043064271803,4621.0,-99.08674471322723,19.634423070917915,0.14045541139534107
Coacalco de Berriozábal,Norte,122.918199482175,0.960190885590786,939.5797990343208,7663.0,-99.0799727208962,19.63298258263197,0.1793910349748464
Ecatepec de Morelos,Norte,117.416214047475,0.917211438370533,66113.16113161133,1626.0,-99.06980838436634,19.65537835169341,0.14303750576285457
Ecatepec de Morelos,Norte,120.145910193494,0.938534801150677,77842.1433743664,1381.0,-99.0883120948158,19.510171356388216,0.06624989397314127
Ecatepec de Morelos,Norte,119.391345437682,0.932640424205914,20617.56808592252,5214.0,-99.06244913147086,19.634124927290088,0.11581448033797791
Ecatepec de Morelos,Norte,120.121579797578,0.938344741220578,24022.346368715083,4475.0,-99.02399873972948,19.59490661376941,0.13610540189005896
Ecatepec de Morelos,Norte,118.677094286704,0.927060962026345,26451.771653543303,4064.0,-99.0656194849766,19.649495645164933,0.09467417855867077
Ecatepec de Morelos,Norte,119.754749012889,0.935479196675535,17800.960423911245,6039.0,-98.98978598347612,19.60507624208735,0.08441808208683271
Ecatepec de Morelos,Norte,118.686597192302,0.927135195161714,35211.2676056338,3053.0,-99.01288868221064,19.63657358029482,0.18693097687106827
Ecatepec de Morelos,Norte,117.041380761034,0.914283381282385,26608.910891089112,4040.0,-99.09140578862628,19.55362806941585,0.12409617773267659
Ecatepec de Morelos,Norte,120.284515772568,0.939617535963575,32804.39426304547,3277.0,-99.00885183970068,19.62881873028749,0.1257071344501645
Ecatepec de Morelos,Norte,123.935716346304,0.968139345810572,37521.81500872601,2865.0,-99.00307299731324,19.648553209825742,0.11323904725444739
Ecatepec de Morelos,Norte,123.263772026362,0.962890368731904,19563.23930846224,5495.0,-99.01620367421944,19.546280537046343,0.05381169311159826
Ecatepec de Morelos,Norte,123.31220139868,0.963268680829629,34367.00767263427,3128.0,-99.022957192939,19.61401404791913,0.22345402869698114
Ecatepec de Morelos,Norte,122.108905604773,0.953868985269114,23183.09251671339,4637.0,-99.02702317629463,19.571244603506084,0.12166837587761928
Ecatepec de Morelos,Norte,122.721499789437,0.958654341344603,23814.79840496234,4514.0,-99.01492315791256,19.62050360534715,0.13314773038423178
Ecatepec de Morelos,Norte,119.980927258426,0.937246016323059,27951.11804472179,3846.0,-99.08640396518156,19.52124727508481,0.04530124536857657
Ecatepec de Morelos,Norte,118.020052941622,0.921928401399346,16270.622067504162,6607.0,-99.08616029232002,19.54136760914682,0.11050490970727297
Ecatepec de Morelos,Norte,120.776576254823,0.943461327950533,87115.07293354943,1234.0,-99.08559215437732,19.50903170637176,0.06717453684374321
Ecatepec de Morelos,Norte,120.715244031998,0.942982223622636,20495.71020019066,5245.0,-98.99042196388396,19.59971009469714,0.07385934035592039
Ecatepec de Morelos,Norte,122.098402519753,0.953786939107119,68340.75015893197,1573.0,-99.0808330767944,19.507067926774923,0.0717720227881347
Ecatepec de Morelos,Norte,119.60137052094,0.934281061406426,23497.26775956284,4575.0,-99.01800781277204,19.498726290180446,0.06163883839707632
Ecatepec de Morelos,Norte,119.267959690545,0.931676581013354,25650.202815557142,4191.0,-99.0237390773916,19.489591937763308,0.07105081300208704
Ecatepec de Morelos,Norte,124.025386869695,0.968839818316909,27649.176954732517,3888.0,-99.07874970016805,19.62212247354726,0.16286582740932734
Ecatepec de Morelos,Norte,122.467488804664,0.956670102774184,22664.97997048282,4743.0,-99.08153757966976,19.61649350264973,0.09299067032870725
Ecatepec de Morelos,Norte,118.289287406281,0.924031560086521,21845.153424100798,4921.0,-99.0846907071022,19.53786866189193,0.06971079869586161
Ecatepec de Morelos,Norte,118.046151325498,0.922132272188469,272842.6395939086,394.0,-99.09807738504048,19.567462192581804,0.25263536321586466
Ecatepec de Morelos,Norte,118.892417122496,0.928742983283229,20696.958028494417,5194.0,-99.0700943884468,19.649291547311066,0.12077666200566341
Ecatepec de Morelos,Norte,123.480409639095,0.964582660533266,23430.6887532694,4588.0,-99.03046252094308,19.61230066897688,0.16596089694275323
Ecatepec de Morelos,Norte,119.453523615776,0.933126136819187,33158.544108574955,3242.0,-99.06593285799336,19.50231436065263,0.06214084017742006
Ecatepec de Morelos,Norte,123.544692660163,0.965084815390632,14001.041938004688,7678.0,-99.01814432568598,19.6172318994956,0.10007734233062861
Ecatepec de Morelos,Norte,120.176455207364,0.938773407346024,31767.13947990544,3384.0,-99.01756819266105,19.50130983279144,0.054683916945913846
Ecatepec de Morelos,Norte,119.392886817284,0.932652464885418,21538.769785614106,4991.0,-99.01668459915186,19.494082814028555,0.06977079293455751
Ecatepec de Morelos,Norte,117.806114762274,0.920257196559417,16752.37649992208,6417.0,-99.01525774621368,19.55818363600111,0.11123334214595844
Ecatepec de Morelos,Norte,121.588169164667,0.94980118745161,39770.62523122456,2703.0,-99.04771715264228,19.49611761983584,0.06975734493669003
Ecatepec de Morelos,Norte,119.787459013473,0.935734714935329,66072.52612169637,1627.0,-99.04997383556407,19.494366176743224,0.11403865688781202
Ecatepec de Morelos,Norte,119.022503530453,0.929759169525671,28804.930332261523,3732.0,-99.071285534445,19.642459134215446,0.11285617877801693
Ecatepec de Morelos,Norte,115.553017052454,0.902656842060011,23984.828201695676,4482.0,-99.08629889471992,19.54485603788242,0.23585596172618067
Ecatepec de Morelos,Norte,121.186575700187,0.946664089886476,45512.27773073666,2362.0,-99.07419456786894,19.629320237620817,0.16909050652283714
Ecatepec de Morelos,Norte,117.601939287332,0.918662254305737,31386.86131386861,3425.0,-98.9987886331782,19.64964298656155,0.07255323207851186
Ecatepec de Morelos,Norte,118.766266249417,0.927757539963604,15285.084601165932,7033.0,-99.06891301168169,19.5057678396036,0.0654181474341054
Ecatepec de Morelos,Norte,124.375636329314,0.971575835767755,15930.646117368107,6748.0,-99.001875418582,19.5882467990356,0.08213037837777933
Ecatepec de Morelos,Norte,123.401433006682,0.96396572469352,123138.60252004582,873.0,-99.07660918418344,19.6286454645958,0.12929386207391358
Ecatepec de Morelos,Norte,117.879522190198,0.920830627861898,31918.052256532064,3368.0,-99.00031638054476,19.644739301720094,0.10265107123924719
Ecatepec de Morelos,Norte,118.750846102363,0.927637083556676,18659.954868946363,5761.0,-99.06252471063688,19.511261763759634,0.064831960731022
Ecatepec de Morelos,Norte,122.241119209489,0.95490178837503,65709.04645476773,1636.0,-99.04101960356788,19.54713924534268,0.07187129757164736
Ecatepec de Morelos,Norte,122.728407818416,0.958708304276792,84247.64890282131,1276.0,-99.04262276445176,19.54537510138678,0.0699630774679466
Ecatepec de Morelos,Norte,122.087740247818,0.953703649436631,22911.338448422848,4692.0,-99.0316176112756,19.51073084976177,0.05551865429883707
Ecatepec de Morelos,Norte,125.098783333821,0.977224789019552,814393.9393939395,132.0,-99.05153781209538,19.58947850947235,0.1820522819054966
Ecatepec de Morelos,Norte,119.260479024954,0.931618144858668,161654.13533834586,665.0,-99.0692199105072,19.612008828247006,0.1279576722262664
Ecatepec de Morelos,Norte,120.844429228307,0.943991369937599,42523.73417721519,2528.0,-99.04741348029762,19.549674154259595,0.113232147808536
Ecatepec de Morelos,Norte,122.368517473729,0.955896975846692,35165.19463526333,3057.0,-99.00715111090771,19.624686966022747,0.13955631037595553
Ecatepec de Morelos,Norte,119.453520214548,0.933126110250064,20578.101071975496,5224.0,-99.06298296457103,19.620476968836588,0.18357005957505768
Ecatepec de Morelos,Norte,121.349161455298,0.947934148843099,61710.67738231917,1742.0,-99.04278652393576,19.54032796460564,0.07332772568575903
Ecatepec de Morelos,Norte,122.220809416098,0.954743135884318,22804.41238862961,4714.0,-99.02789875799076,19.53814116004289,0.04515950367732364
Ecatepec de Morelos,Norte,123.365870099489,0.963687920597016,24515.39338654504,4385.0,-99.0191191993868,19.532004621326053,0.04898037532194806
Ecatepec de Morelos,Norte,124.491926256716,0.972484249077151,26497.411880700023,4057.0,-99.0512232665008,19.592826017877886,0.10982416969781793
Ecatepec de Morelos,Norte,120.400946507789,0.940527049210864,14809.20236947238,7259.0,-99.02250868870792,19.51734540882781,0.05362147867705229
Ecatepec de Morelos,Norte,121.454407440312,0.948756291015544,13435.820522434697,8001.0,-99.02428506366572,19.49858494750955,0.05413103374302724
Ecatepec de Morelos,Norte,120.36756814637,0.940266309966837,19467.584208620065,5522.0,-99.02083566681104,19.495818604493337,0.05435922207154606
Ecatepec de Morelos,Norte,120.297409272645,0.939718255151698,23153.13374973078,4643.0,-99.05632542167038,19.52504218698613,0.04653495073565436
Ecatepec de Morelos,Norte,120.248341607439,0.939334956949263,26549.76537416646,4049.0,-99.06838442923242,19.5141925185473,0.10919215009228561
Ecatepec de Morelos,Norte,117.314140400351,0.916414077312204,31423.560362467117,3421.0,-99.01642483119008,19.56435337232976,0.06935197032127653
Ecatepec de Morelos,Norte,123.908346989578,0.967925546658096,42777.556705133306,2513.0,-99.04530234337568,19.49985723935452,0.04914425726996482
Ecatepec de Morelos,Norte,118.800221389201,0.928022784783961,26073.247635217074,4123.0,-99.0752728645898,19.54717570788415,0.0897261870337586
Ecatepec de Morelos,Norte,118.409973977712,0.924974318330528,22955.370489002777,4683.0,-99.06052315400808,19.5581553037914,0.08235467300331901
Ecatepec de Morelos,Norte,117.090895127237,0.914670168945514,23846.495119787047,4508.0,-99.06653919432551,19.55468968234185,0.11646267489110239
Ecatepec de Morelos,Norte,116.598738399934,0.910825625128331,21203.15581854044,5070.0,-99.0731081598974,19.5728054118696,0.08207758529120604
Ecatepec de Morelos,Norte,117.49215239913,0.917804640300222,25122.6922178079,4279.0,-99.07108626712618,19.56848963393084,0.18801943956001888
Ecatepec de Morelos,Norte,120.946523933302,0.944788895492119,20865.683229813665,5152.0,-99.0326694878718,19.503472727708296,0.08097444991311843
Ecatepec de Morelos,Norte,118.298730534134,0.924105326260558,17904.73017988008,6004.0,-99.06546718388464,19.641274733490103,0.11837055254544464
Ecatepec de Morelos,Norte,120.454560406774,0.940945860886951,27864.17833074132,3858.0,-99.05864139524978,19.61721681201246,0.11671795447138651
Ecatepec de Morelos,Norte,119.393998231827,0.932661146839098,24689.94028479559,4354.0,-99.05286418458068,19.61503151327399,0.12840379275263136
Ecatepec de Morelos,Norte,120.215738960533,0.939080277296157,22650.65318162664,4746.0,-99.04447489884554,19.615598454741537,0.09792073539790953
Ecatepec de Morelos,Norte,123.566928402136,0.965258512669527,23584.90566037736,4558.0,-99.03224928866824,19.606982112733807,0.17260289611759957
Ecatepec de Morelos,Norte,118.369282023201,0.924656448039536,199443.413729128,539.0,-99.0890441700541,19.57160961272237,0.19668937871100264
Ecatepec de Morelos,Norte,121.413053544478,0.94843324988713,34554.805528768884,3111.0,-99.007553342381,19.60648075833586,0.18462583880689998
Ecatepec de Morelos,Norte,121.060523754273,0.94567941934877,53776.88844422212,1999.0,-99.00009894864095,19.61051430733513,0.1308894593713349
Ecatepec de Morelos,Norte,118.248326833684,0.923711591451749,25473.933649289094,4220.0,-99.08000575595442,19.54375092338746,0.12887840395234898
Ecatepec de Morelos,Norte,120.793873261544,0.943596445681446,23369.565217391304,4600.0,-99.06877804852326,19.5467365627322,0.09939956860659517
Ecatepec de Morelos,Norte,120.474295146141,0.941100021271255,20123.549232497196,5342.0,-99.06943632176024,19.54090902072893,0.08071118122799072
Ecatepec de Morelos,Norte,124.867483147808,0.975417958693522,121058.55855855856,888.0,-99.05648956892308,19.58953155259596,0.21871263800748406
Ecatepec de Morelos,Norte,124.633038552124,0.973586565418156,134543.17897371715,799.0,-99.05544140144534,19.58987476148355,0.17975264419599432
Ecatepec de Morelos,Norte,123.557604232247,0.965185675750493,26794.616151545364,4012.0,-99.03837533057929,19.566694620454605,0.11228542390037766
Ecatepec de Morelos,Norte,124.192521615741,0.970145412285053,418287.9377431907,257.0,-99.0427715385606,19.56269191393011,-0.0029646033253518606
Ecatepec de Morelos,Norte,124.126152583647,0.96962696229172,15302.491103202849,7025.0,-99.0110540633361,19.586279388545893,0.08237462022425765
Ecatepec de Morelos,Norte,118.324745808363,0.924308547828285,26942.355889724317,3990.0,-99.02228187744036,19.50380002531145,0.04825225849868907
Ecatepec de Morelos,Norte,119.888183599099,0.936521537631073,12889.68824940048,8340.0,-99.03538846647967,19.49633757700337,0.051662918953063845
Ecatepec de Morelos,Norte,120.870826822117,0.944197578042539,39319.67812728603,2734.0,-99.03962175724538,19.539571842402463,0.05742573326885372
Ecatepec de Morelos,Norte,122.522406292548,0.957099097597957,24895.785085687818,4318.0,-99.02721669935242,19.523235554417496,0.05510938198189009
Ecatepec de Morelos,Norte,118.359470947254,0.924579807592944,29646.99393270822,3626.0,-98.99767721854724,19.63216427708768,0.19300127828702462
Ecatepec de Morelos,Norte,122.561792931435,0.957406771252734,59293.98786541644,1813.0,-99.0409629617786,19.5082311669923,0.0853788533098053
Ecatepec de Morelos,Norte,122.872263198904,0.959832048569899,53669.495756365446,2003.0,-99.04235621702892,19.50589362233174,0.05790723546684022
Ecatepec de Morelos,Norte,121.342496773715,0.947882086849527,56018.75977071392,1919.0,-99.04339533530376,19.503299607837903,0.05183801615828238
Ecatepec de Morelos,Norte,121.172741780712,0.946556024494633,21245.059288537548,5060.0,-99.03886892696124,19.573656989094008,0.13803890611634964
Ecatepec de Morelos,Norte,122.116938755622,0.95393173723148,68514.97769279797,1569.0,-99.035885368113,19.551470658203403,0.07672207987460097
Ecatepec de Morelos,Norte,123.752099567982,0.966705000386304,116720.95548317047,921.0,-99.01679619284684,19.60516129887967,0.0833760308066665
Ecatepec de Morelos,Norte,119.57774426058,0.934096501919273,18986.223949134583,5662.0,-99.05205031273984,19.5166118656444,0.05544274452207927
Ecatepec de Morelos,Norte,119.02975146218,0.929815787650676,19538.34969102145,5502.0,-99.0472168706005,19.51468442127601,0.04879601995733843
Ecatepec de Morelos,Norte,118.094983235079,0.92251372875636,37313.432835820895,2881.0,-99.01652312199668,19.50612148208515,0.06469867040018006
Ecatepec de Morelos,Norte,117.587375102702,0.918548484356319,36941.58075601375,2910.0,-99.01705908394209,19.5037250898446,0.04958174212161481
Ecatepec de Morelos,Norte,122.830265748458,0.95950398023416,18751.09017966161,5733.0,-99.02873257515998,19.51729426790713,0.04893436217373894
Ecatepec de Morelos,Norte,117.86980181588,0.920754695942426,30908.568142610697,3478.0,-98.99239173663672,19.64093364521501,0.0843863398570227
Ecatepec de Morelos,Norte,119.648180612071,0.934646724286669,77338.12949640288,1390.0,-99.07598796208276,19.5229816117184,0.02171824319316781
Ecatepec de Morelos,Norte,117.832322291131,0.92046191994821,40232.03592814371,2672.0,-99.06797927696834,19.521445802211364,0.06700719433929672
Ecatepec de Morelos,Norte,119.213053283079,0.931247672745648,13219.3802262666,8132.0,-99.04876719668596,19.510395199345982,0.051742641330536084
Ecatepec de Morelos,Norte,123.458216525678,0.964409296252671,26635.28245787909,4036.0,-99.01624328076213,19.60916682990776,0.0949250796744916
Ecatepec de Morelos,Norte,119.070215697537,0.930131879085031,33343.67245657568,3224.0,-98.99578500031174,19.64560901039977,0.0876770065775212
Ecatepec de Morelos,Norte,122.455138386898,0.95657362594144,35176.70157068063,3056.0,-99.03648773724863,19.58106045948444,0.18571406554883232
Ecatepec de Morelos,Norte,123.143731780137,0.961952659338059,33688.49890316516,3191.0,-99.05242551021291,19.60582127303467,0.10960152080807518
Ecatepec de Morelos,Norte,121.357011910982,0.947995473659337,52058.11138014528,2065.0,-99.04537179155234,19.601732089001104,0.06872646494811105
Ecatepec de Morelos,Norte,122.333200017814,0.955621089123534,167706.70826833075,641.0,-99.0412165859787,19.59827788800607,0.10624664334031396
Ecatepec de Morelos,Norte,120.385769070383,0.940408488760699,32744.44106000609,3283.0,-99.0559251632214,19.60312645648088,0.07949879431568899
Ecatepec de Morelos,Norte,122.529450784004,0.957154126523845,44979.07949790795,2390.0,-99.05178861798552,19.60013861690161,0.10912463560111273
Ecatepec de Morelos,Norte,122.172458330768,0.95436543533519,52670.2596766291,2041.0,-99.04796172782274,19.597559739862685,0.09551737892887202
Ecatepec de Morelos,Norte,121.852680383469,0.95186744991315,41108.986615678776,2615.0,-99.0382490686538,19.58904265375172,0.0872374006063822
Ecatepec de Morelos,Norte,121.311117535936,0.947636964009791,24370.8909544321,4411.0,-99.05254590097272,19.571647561815148,0.07092059092374037
Ecatepec de Morelos,Norte,121.339300883406,0.947857121752748,25835.135784667145,4161.0,-99.04726446756196,19.571267693785728,0.10320374792349798
Ecatepec de Morelos,Norte,121.965675561227,0.952750125873714,24404.086265607264,4405.0,-99.05014385312404,19.566403958042027,0.08746397770163228
Ecatepec de Morelos,Norte,121.64903590052,0.950276655569822,34577.034416211,3109.0,-99.0413583374839,19.552941967412544,0.1046734310976341
Ecatepec de Morelos,Norte,122.893500793851,0.959997948698492,79453.06725794531,1353.0,-99.03933659589734,19.55185129841187,0.08309707120994109
Ecatepec de Morelos,Norte,121.05822755852,0.945661482328517,34755.900420303915,3093.0,-99.02812547746966,19.54687283172643,0.048166258533542845
Ecatepec de Morelos,Norte,120.150725858846,0.938572419322749,67823.34384858044,1585.0,-99.03853066717755,19.549913155353448,0.08693971040997986
Ecatepec de Morelos,Norte,121.180798547477,0.946618960935677,21655.92264302981,4964.0,-99.02958869356338,19.545653170117983,0.05026522747889252
Ecatepec de Morelos,Norte,118.829334077896,0.928250202192104,10021.441223081942,10727.0,-99.04691444860904,19.5417220066709,0.0660684840314807
Ecatepec de Morelos,Norte,120.094073148468,0.938129869591477,17335.913562328657,6201.0,-99.07668309693692,19.54013663155659,0.08960907756495974
Ecatepec de Morelos,Norte,119.828511913092,0.93605540479417,19145.14692787177,5615.0,-99.03064799557308,19.53226607822326,0.04920976937766453
Ecatepec de Morelos,Norte,120.266700385593,0.939478368840492,19080.58217962371,5634.0,-99.04408415571709,19.529461381106216,0.04467709728712985
Ecatepec de Morelos,Norte,120.724755067409,0.943056520265055,14667.758220766817,7329.0,-99.03658330383053,19.529097296547068,0.04388944754149749
Ecatepec de Morelos,Norte,121.630593923843,0.950132593762925,21979.145369045185,4891.0,-99.03348993636486,19.52551317463272,0.051948487343190526
Ecatepec de Morelos,Norte,119.21614233821,0.931271803286075,229700.8547008547,468.0,-99.06970905186502,19.53023947788813,0.056461276019678444
Ecatepec de Morelos,Norte,120.267928769088,0.939487964511772,21061.912225705328,5104.0,-99.05232963374256,19.52521030826648,0.054058637803172924
Ecatepec de Morelos,Norte,119.736808320009,0.935339050709704,19383.339343671112,5546.0,-99.04796026820246,19.524594124832856,0.05058137111899027
Ecatepec de Morelos,Norte,118.809263669115,0.928093419684199,25589.145441561534,4201.0,-99.04225272852156,19.52420315152024,0.07566372385297306
Ecatepec de Morelos,Norte,120.454925965056,0.940948716491184,20507.439908431897,5242.0,-99.03669957493229,19.520537397190896,0.046891291613303625
Ecatepec de Morelos,Norte,117.968592943009,0.921526415185349,27784.95735332127,3869.0,-99.06962025646996,19.52663905692765,0.02521323256243826
Ecatepec de Morelos,Norte,119.416269497787,0.932835121618059,19169.04422253923,5608.0,-99.07879395766209,19.51971384524441,0.049239511408264866
Ecatepec de Morelos,Norte,118.369553870957,0.924658571612269,14433.404940923738,7448.0,-99.05570157416167,19.51072407317748,0.05455964030847154
Ecatepec de Morelos,Norte,122.451632477327,0.956546239090434,40052.160953800296,2684.0,-99.03776052332556,19.51566806954953,0.05291774667975573
Ecatepec de Morelos,Norte,118.237255048812,0.923625102819753,13669.888097660223,7864.0,-99.06108649707946,19.50573360160192,0.061275413484492953
Ecatepec de Morelos,Norte,118.316098540877,0.924240998617022,16182.447689297003,6643.0,-99.05331550402316,19.50514235793116,0.05641956122593822
Ecatepec de Morelos,Norte,121.088320131103,0.94589655422218,20244.82109227872,5310.0,-98.99788480548838,19.60500173286593,0.1100883593477768
Ecatepec de Morelos,Norte,121.800381044405,0.951458907086267,30401.58371040724,3536.0,-98.99008134886722,19.609038505782525,0.08669666140322506
Ecatepec de Morelos,Norte,122.253196473608,0.954996131433906,48119.96418979409,2234.0,-99.05814232497671,19.607548970470763,0.12700934948857442
Ecatepec de Morelos,Norte,121.675241838083,0.950481366528024,22546.140939597317,4768.0,-99.00880397573988,19.602973152449533,0.0844042480122012
Ecatepec de Morelos,Norte,121.228397042914,0.946990782534749,17263.529789625823,6227.0,-99.0045627933709,19.60182537459329,0.0809388218623732
Ecatepec de Morelos,Norte,121.538769080133,0.949415292514026,21346.30659253376,5036.0,-99.0091235068952,19.595167172726573,0.08517467094115443
Ecatepec de Morelos,Norte,120.944464271066,0.944772806183017,17060.78400253928,6301.0,-99.0023546960824,19.592563964647724,0.07131118988279905
Ecatepec de Morelos,Norte,121.652008978234,0.950299880138158,36073.82550335571,2980.0,-99.02898528396048,19.52108414843458,0.05188634465155461
Ecatepec de Morelos,Norte,118.502488910559,0.925697010297021,45861.77474402731,2344.0,-99.0234253363606,19.57332959855365,0.1079465823162002
Ecatepec de Morelos,Norte,121.492339309995,0.949052600558775,10272.336359292882,10465.0,-99.02783080957934,19.597542169029413,0.08813503659776806
Ecatepec de Morelos,Norte,118.743583712647,0.927580352491284,21543.086172344687,4990.0,-99.08452342944746,19.55727604179797,0.09555347847076809
Ecatepec de Morelos,Norte,119.950514213746,0.937008441021531,24049.217002237136,4470.0,-99.0202229396444,19.558515092606456,0.0755222811399905
Ecatepec de Morelos,Norte,121.629397058815,0.950123244302099,15888.264853680164,6766.0,-99.02402858344976,19.55368283234745,0.06758279906220423
Ecatepec de Morelos,Norte,119.625439470507,0.93446907901567,32914.88058787508,3266.0,-99.06291449539911,19.607676016954454,0.09506738678651937
Ecatepec de Morelos,Norte,119.130587638147,0.930603482048327,34577.034416211,3109.0,-99.03699749886782,19.53860597061558,0.04906838982550276
Ecatepec de Morelos,Norte,122.426169825953,0.956347334405241,25011.63331782224,4298.0,-99.0281324048708,19.550539678140453,0.0670726376771041
Ecatepec de Morelos,Norte,121.844976916196,0.951807273315267,55555.55555555556,1935.0,-99.00748084416573,19.620602243829083,0.1656306835689271
Ecatepec de Morelos,Norte,121.74052415699,0.950991327525412,29696.13259668508,3620.0,-99.08708794965894,19.54830085782405,0.07135142708600128
Ecatepec de Morelos,Norte,124.53316605581,0.972806398924618,24381.94601950556,4409.0,-99.04187768129006,19.568592581717,0.09095520398521412
Ecatepec de Morelos,Norte,119.924226863374,0.936803094096999,33127.88906009245,3245.0,-99.06518142425496,19.61248096102058,0.07823814846083772
Ecatepec de Morelos,Norte,121.027823660267,0.945423978475451,37759.04460835968,2847.0,-99.01294007491012,19.599448258604497,0.08020287658034665
Ecatepec de Morelos,Norte,122.561632531867,0.957405518271454,24157.30337078652,4450.0,-99.0151296499736,19.59634113710909,0.0767711877767626
Ecatepec de Morelos,Norte,119.739184801147,0.935357614889277,32195.26804432465,3339.0,-98.99819242060414,19.596028969688923,0.0736674125787795
Ecatepec de Morelos,Norte,119.804503084075,0.935867856824117,42811.62883313421,2511.0,-99.05586410848684,19.566371796496608,0.14461335004153145
Ecatepec de Morelos,Norte,120.083142009894,0.938044479635623,32262.905162064824,3332.0,-99.05770167759876,19.56302536182712,0.11106514531354185
Ecatepec de Morelos,Norte,121.837163562715,0.951746238327526,42760.540970564834,2514.0,-99.01527665500387,19.53056312564561,0.09263650468637044
Ecatepec de Morelos,Norte,120.359406105706,0.940202551165565,24701.28676470588,4352.0,-99.02690052420476,19.50756282856214,0.05865518817871511
Ecatepec de Morelos,Norte,119.704398659769,0.935085878596067,18524.900913320696,5803.0,-99.030227520655,19.562462405091534,0.12395377118589737
Ecatepec de Morelos,Norte,117.414386321084,0.917197160857287,28544.87519915029,3766.0,-98.98839384211053,19.640003404544668,0.08030626087603789
Ecatepec de Morelos,Norte,118.471898045416,0.92545804592871,23756.906077348067,4525.0,-98.99163398731925,19.645172225754724,0.05630381432909599
Ecatepec de Morelos,Norte,118.793454352677,0.927969923231968,22785.07842306062,4718.0,-99.06307413294871,19.56800601743329,0.07368236846810532
Ecatepec de Morelos,Norte,120.841050776172,0.943964978736282,30522.43043725156,3522.0,-99.05950699318312,19.56804198725389,0.08486555799905354
Ecatepec de Morelos,Norte,120.935458602241,0.944702457274872,15911.782119597396,6756.0,-99.0315626102884,19.55394278290353,0.06851397788534522
Ecatepec de Morelos,Norte,119.56249188497,0.933977356079959,17625.840301688804,6099.0,-99.05349429544076,19.579390716334125,0.08758222365973098
Ecatepec de Morelos,Norte,119.678205306086,0.934881265938414,17672.201216505015,6083.0,-99.0741676521856,19.553541014291845,0.06498585180755721
Ecatepec de Morelos,Norte,118.149306051352,0.922938078228489,14066.998168018845,7642.0,-99.07057732578689,19.55141723369813,0.06229060364119234
Ecatepec de Morelos,Norte,121.815904940536,0.951580173942089,24006.252791424744,4478.0,-99.0242214833356,19.54850026548167,0.05742132896788904
Ecatepec de Morelos,Norte,123.426824331601,0.964164072203192,59261.30099228225,1814.0,-99.0363243682459,19.594044813654044,0.06212065579888258
Ecatepec de Morelos,Norte,122.611285930749,0.95779339200574,22984.819328629463,4677.0,-98.99452314546178,19.61053599725683,0.11895997961034414
Ecatepec de Morelos,Norte,121.381960543281,0.948190363020247,31141.367323290848,3452.0,-98.99981717423486,19.60020261357674,0.08000772823523299
Ecatepec de Morelos,Norte,117.658461443767,0.919103784198558,33751.96232339089,3185.0,-99.06795311977469,19.5703434308726,0.31179545352506277
Ecatepec de Morelos,Norte,116.068248478319,0.906681636770393,30749.427917620134,3496.0,-99.09127051395996,19.56563376578276,0.1215679204674381
Ecatepec de Morelos,Norte,119.907828037529,0.936674992618311,31654.888103651352,3396.0,-99.0521737044073,19.625321356404868,0.1072018968506533
Ecatepec de Morelos,Norte,122.457982929575,0.956595846442262,21439.96808934982,5014.0,-99.01994935967164,19.606515692186303,0.08197498331416077
Ecatepec de Morelos,Norte,123.107912208486,0.961672850275035,29299.53665849005,3669.0,-99.07663253975308,19.616131468062704,0.1347998774556154
Ecatepec de Morelos,Norte,110.770722712866,0.865299351823178,1131578.9473684211,95.0,-99.09168509547602,19.572064946751304,0.2529265429873226
Ecatepec de Morelos,Norte,122.153065763116,0.95421394786803,17654.787321399246,6089.0,-99.02448249790596,19.603178359532844,0.0886302043973666
Ecatepec de Morelos,Norte,121.922970983795,0.952416533727101,28207.819469955397,3811.0,-99.0073276275974,19.60998965602965,0.13922125219336304
Ecatepec de Morelos,Norte,121.64803320121,0.950268822858781,65033.27283726558,1653.0,-99.03367882634856,19.54986583190697,0.0872248688089667
Ecatepec de Morelos,Norte,121.585347012701,0.949779141858634,16849.529780564262,6380.0,-99.03493459395982,19.533094895214585,0.06455763083376946
Ecatepec de Morelos,Norte,120.784001833781,0.943519333789101,63012.89566236812,1706.0,-99.06183460875091,19.611412925298183,0.11661994691055302
Ecatepec de Morelos,Norte,118.874655222017,0.9286042339766,23699.294532627864,4536.0,-99.03259241219652,19.600233872684623,0.16046259980637606
Ecatepec de Morelos,Norte,123.092904115946,0.96155561268347,20348.286958167708,5283.0,-99.02472050394157,19.607640389742624,0.08591804020748478
Ecatepec de Morelos,Norte,121.289243897258,0.947466095346061,53857.71543086172,1996.0,-99.04896715987935,19.57759742368032,0.10110053393703865
Ecatepec de Morelos,Norte,121.61205856309,0.949987802474651,47991.07142857143,2240.0,-99.04475633181708,19.57598247006228,0.07760887096416894
Ecatepec de Morelos,Norte,120.801055490646,0.943652550562179,25341.81989627534,4242.0,-99.04920337769634,19.563217323133504,0.069500640489758
Ecatepec de Morelos,Norte,123.053348881849,0.961246622026128,31150.39119095914,3451.0,-99.03450938580669,19.54375171780569,0.05397288711264745
Ecatepec de Morelos,Norte,121.916235394727,0.952363917830845,19289.431186075723,5573.0,-99.03000459979869,19.541675479326905,0.050693168954773576
Ecatepec de Morelos,Norte,119.148762266072,0.930745455427016,18454.9356223176,5825.0,-99.0547121720389,19.52148031759177,0.04569592487274651
Ecatepec de Morelos,Norte,120.086245942302,0.938068726391761,20914.39688715953,5140.0,-99.04975777551832,19.5206553086586,0.045554288063293764
Ecatepec de Morelos,Norte,119.762854857934,0.935542516497704,28952.329652572047,3713.0,-99.04621184284788,19.519159831104304,0.04440939191080072
Ecatepec de Morelos,Norte,119.183565913996,0.9310173284748,22339.983374896092,4812.0,-99.04191832266926,19.52057113332211,0.04980440951080881
Ecatepec de Morelos,Norte,118.420322238868,0.925055155066556,50469.48356807511,2130.0,-99.0722198467842,19.52460878273889,0.04832618227633139
Ecatepec de Morelos,Norte,120.64573793826,0.942439268079993,12593.720712277413,8536.0,-99.05806404259378,19.57272258981769,0.0626122811014055
Ecatepec de Morelos,Norte,121.783142573804,0.951324246617581,32438.14121907061,3314.0,-99.03412964899876,19.560529120154875,0.11368520049100173
Ecatepec de Morelos,Norte,121.785649499916,0.951343829784385,28185.63188253802,3814.0,-99.02842306252198,19.558218727026016,0.1001282260832879
Ecatepec de Morelos,Norte,118.711985040474,0.927333515512346,17194.49776071657,6252.0,-98.99694266396212,19.64086699826876,0.058759225303562715
Ecatepec de Morelos,Norte,121.43016606496,0.948566926480711,19457.013574660632,5525.0,-99.0330180804158,19.537919046245527,0.052106053173755704
Ecatepec de Morelos,Norte,119.092947858227,0.930309454200809,29549.20285871358,3638.0,-98.99528447834382,19.62468110288538,0.13142101728219882
Ecatepec de Morelos,Norte,120.353574698457,0.940156998398649,21090.83774769472,5097.0,-99.0470043606988,19.608687585258664,0.1557719376737244
Ecatepec de Morelos,Norte,118.276619488195,0.923932603060327,20744.88614434581,5182.0,-99.07570367803156,19.510631131052,0.07258941269223299
Ecatepec de Morelos,Norte,120.731847421354,0.943111923074764,17055.37045851182,6303.0,-99.03847100189,19.53392229816001,0.065436370964285
Ecatepec de Morelos,Norte,119.019764732108,0.929737775059925,26251.52625152625,4095.0,-99.07084005359908,19.51618839808161,0.115947942063563
Ecatepec de Morelos,Norte,117.671296204297,0.919204044535359,12103.129925692412,8882.0,-99.064922185112,19.578197834051807,0.10480723682791887
Ecatepec de Morelos,Norte,118.669820757749,0.927004143945393,20849.495733126456,5156.0,-99.06386938906763,19.57305845081831,0.08409308052328865
Ecatepec de Morelos,Norte,118.569356050611,0.926219351322955,65191.02486355367,1649.0,-99.00208342393232,19.64030544932394,0.18474943206113192
Ecatepec de Morelos,Norte,121.831339488147,0.95170074284077,20601.76312763511,5218.0,-99.04118725964332,19.51409340793821,0.09783555647876764
Ecatepec de Morelos,Norte,122.571681791769,0.95748401932179,39814.81481481482,2700.0,-99.03689819431747,19.517602836874737,0.04858527841876201
Ecatepec de Morelos,Norte,120.253593981114,0.939375986523016,12168.892913742358,8834.0,-99.02912014995584,19.499752334530097,0.06966074868253183
Ecatepec de Morelos,Norte,118.31073957542,0.924199136388237,27167.045741723527,3957.0,-99.08694017240084,19.552651739957263,0.0874181409752933
Ecatepec de Morelos,Norte,120.072407501843,0.937960625683677,18354.10619771214,5857.0,-99.05408230146924,19.498726889483468,0.07311476499598227
Ecatepec de Morelos,Norte,121.977065564377,0.952839100307593,65151.51515151515,1650.0,-99.04230795992316,19.542617064643487,0.07165827852330148
Ecatepec de Morelos,Norte,122.620835266833,0.957867987838663,19710.30436376971,5454.0,-99.02343273487443,19.53871549617024,0.04631413507601292
Ecatepec de Morelos,Norte,122.3036587034,0.955390323451986,52108.57973824527,2063.0,-99.04453679696786,19.548203881268584,0.09369320553028797
Ecatepec de Morelos,Norte,121.18761405638,0.946672201135715,17033.750594200603,6311.0,-99.042335231288,19.49327690114916,0.06399899808081184
Ecatepec de Morelos,Norte,120.94001656652,0.944738062382788,84512.5786163522,1272.0,-99.08326908266687,19.50809547532365,0.06018748449606951
Ecatepec de Morelos,Norte,121.553402872511,0.949529606213077,35016.28664495114,3070.0,-99.03548240193714,19.51088973645764,0.06161119217100081
Ecatepec de Morelos,Norte,121.430583604404,0.948570188142296,12744.516893894486,8435.0,-99.0244262350615,19.51309769973989,0.06300993793741977
Ecatepec de Morelos,Norte,119.714513978745,0.935164895675115,11144.515861496991,9646.0,-99.05890121257816,19.516531146603523,0.07070852760226494
Ecatepec de Morelos,Norte,120.20165661799,0.938970271316449,14287.6129718235,7524.0,-99.017590757745,19.51030995516956,0.045155004619880756
Ecatepec de Morelos,Norte,117.202209917881,0.915539718352019,40201.94465220643,2674.0,-99.07805441909598,19.50696002072297,0.07476115444311329
Ecatepec de Morelos,Norte,118.720094483991,0.927396863444425,39903.48923533779,2694.0,-99.09006196852138,19.54916945341656,0.09110724709744904
Ecatepec de Morelos,Norte,119.532118291458,0.933740088956161,39624.03243641725,2713.0,-99.07467510817018,19.50484505396026,0.09381609118953886
Ecatepec de Morelos,Norte,119.362908157203,0.932418282833511,29054.054054054053,3700.0,-99.05855644469727,19.49922283893203,0.061486361568995306
Ecatepec de Morelos,Norte,120.626193558624,0.942286594714538,30247.608328643782,3554.0,-99.06230705622386,19.50079006368051,0.06798659352381434
Ecatepec de Morelos,Norte,123.661149968674,0.965994536218493,14819.409980700304,7254.0,-99.03633078888365,19.611451219722785,0.09973899323883606
Ecatepec de Morelos,Norte,120.237792099967,0.939252548152483,29541.082715031604,3639.0,-98.9846835172538,19.61201095074388,0.21705738623011228
Ecatepec de Morelos,Norte,122.895199768949,0.960011220454918,24027.715690657133,4474.0,-99.0246529408508,19.53416217587682,0.04155946469927528
Ecatepec de Morelos,Norte,122.180788783279,0.95443050970666,61323.44552196235,1753.0,-99.05384614281606,19.61112662624173,0.1591926937156066
Ecatepec de Morelos,Norte,118.372123317325,0.924678643163872,34170.375079465986,3146.0,-99.07849444846418,19.54803185849025,0.07160578888088107
Ecatepec de Morelos,Norte,122.300346265579,0.955364447929742,32965.34805274456,3261.0,-99.0436832467236,19.59420609450424,0.1110224228813175
Ecatepec de Morelos,Norte,122.250808372425,0.954977476482889,32585.63200969991,3299.0,-99.04519311562382,19.583514082037045,0.10778212656276533
Ecatepec de Morelos,Norte,123.055254972749,0.961261511693539,16875.981161695447,6370.0,-99.03291944330772,19.587676825403868,0.11464753765918816
Ecatepec de Morelos,Norte,121.878701124446,0.952070714185063,22437.904404091005,4791.0,-99.02045213352812,19.54100996325833,0.04507326134195892
Ecatepec de Morelos,Norte,119.740674683865,0.935369253294432,37005.1635111876,2905.0,-99.05180670965647,19.555920908587098,0.0907162928972426
Ecatepec de Morelos,Norte,122.257052213598,0.955026251028975,15622.729254468828,6881.0,-99.01645528415295,19.54140147568997,0.05157671840303179
Ecatepec de Morelos,Norte,118.028547226865,0.921994755570688,40719.696969696975,2640.0,-99.05887048574228,19.535514106755336,0.047048646565757725
Ecatepec de Morelos,Norte,120.740971656675,0.943183198179917,16192.197620123514,6639.0,-99.04177948525512,19.53583489445669,0.06303314359816119
Ecatepec de Morelos,Norte,119.784870715899,0.935714496125173,15857.796135123175,6779.0,-99.07313440839958,19.53350396147891,0.08279965639186922
Ecatepec de Morelos,Norte,120.226522374425,0.939164513282186,23068.669527897,4660.0,-99.04802646401676,19.529294649849707,0.05143643617113708
Ecatepec de Morelos,Norte,119.624239122958,0.934459702350695,25835.135784667145,4161.0,-99.00173479488762,19.62818403022324,0.09490343789749739
Ecatepec de Morelos,Norte,120.144081373016,0.938520515090825,18585.75380359613,5784.0,-99.07307094991386,19.614737780984367,0.10541990754451185
Ecatepec de Morelos,Norte,118.960209835152,0.929272554535296,24146.451033243484,4452.0,-99.06876227601576,19.61443267942693,0.11756362969778855
Ecatepec de Morelos,Norte,121.732728683708,0.950930432211079,27578.2452539764,3898.0,-99.04069575954055,19.605501277322315,0.16665189042012002
Ecatepec de Morelos,Norte,120.317910934604,0.939878406447726,24729.69864274212,4347.0,-98.99532844362793,19.59261219235639,0.12049257667727063
Ecatepec de Morelos,Norte,121.968031620827,0.952768530527899,55128.20512820513,1950.0,-99.04671442879904,19.590993274381866,0.20735918455986851
Ecatepec de Morelos,Norte,120.307138540015,0.939794256540359,14534.883720930233,7396.0,-99.01718830562815,19.51991239359453,0.051372545841463564
Ecatepec de Morelos,Norte,118.574235582441,0.926257468396001,26922.113698973204,3993.0,-99.01832940896988,19.48936778821722,0.09351340029417364
Ecatepec de Morelos,Norte,120.046105209798,0.937755162040395,11798.92437712655,9111.0,-99.03745925224464,19.490725346833525,0.05597714660949024
Ecatepec de Morelos,Norte,119.692980325713,0.934996682851778,10774.781998596773,9977.0,-99.03038623030577,19.48861016434869,0.06108221379456751
Ecatepec de Morelos,Norte,119.402645583735,0.932728696709839,18266.77994902294,5885.0,-99.0819741247891,19.5539904089172,0.0716248720163298
Ecatepec de Morelos,Norte,119.084082801504,0.930240203701685,20225.776105362183,5315.0,-99.08043421033788,19.54990379376013,0.08561263786275992
Ecatepec de Morelos,Norte,120.372776233454,0.940306993590341,14762.427904421862,7282.0,-99.06038362787274,19.52445412976825,0.06053102714413473
Ecatepec de Morelos,Norte,120.974664126384,0.945008716129182,28386.58568787959,3787.0,-99.06462180036056,19.5184309528099,0.07531991570439765
Ecatepec de Morelos,Norte,121.865605176942,0.951968413553548,85657.37051792828,1255.0,-99.0186769650699,19.603356743079217,0.10725190146864194
Ecatepec de Morelos,Norte,118.999779901154,0.929581661053922,20355.993183109254,5281.0,-98.9870207170285,19.635748389468475,0.13168583829756872
Ecatepec de Morelos,Norte,120.159894897479,0.938644044414576,24481.894784787062,4391.0,-99.04725922103404,19.586653248433123,0.13378662326322793
Ecatepec de Morelos,Norte,119.430338180301,0.932945020890739,25216.98334506216,4263.0,-99.05088155659026,19.58377983963704,0.1336506925772963
Ecatepec de Morelos,Norte,119.049851186689,0.929972799162059,42140.33712269698,2551.0,-99.0779696404603,19.5425120394051,0.09775828690861746
Ecatepec de Morelos,Norte,119.758537431107,0.935508790378166,25797.9361651068,4167.0,-99.01667083620583,19.526722792685064,0.0722617492381691
Ecatepec de Morelos,Norte,119.820339652742,0.935991566160544,24803.876326718964,4334.0,-99.02148538770736,19.593656308708887,0.15053225121558944
Ecatepec de Morelos,Norte,118.308098342502,0.924178504067022,15425.455589037165,6969.0,-99.02679055071545,19.56519376103208,0.13796123603989688
Ecatepec de Morelos,Norte,118.37149002975,0.924673696158793,15337.423312883437,7009.0,-99.06367347796102,19.56343380795658,0.07648676844461919
Ecatepec de Morelos,Norte,115.22382704016,0.900085333115335,26969.39287506272,3986.0,-99.06767502992636,19.56102140560426,0.13273226914337463
Ecatepec de Morelos,Norte,118.863155316264,0.928514401024803,30899.68381718885,3479.0,-98.98900971711574,19.64893920787913,0.1380713022985824
Ecatepec de Morelos,Norte,117.062066132052,0.9144449676447,24184.47694038245,4445.0,-99.06034840222767,19.549010251681786,0.2329101174088577
Ecatepec de Morelos,Norte,119.002339460646,0.929601655372955,48271.21688370005,2227.0,-99.05486069851686,19.546032063350022,0.15963694700542497
Ecatepec de Morelos,Norte,120.13713653718,0.93846626463727,34565.91639871382,3110.0,-99.0558667915579,19.57559085259113,0.08351747612342163
Ecatepec de Morelos,Norte,119.199893697207,0.931144874995064,14997.209821428572,7168.0,-99.07814620821044,19.55659956553077,0.07260900520658566
Ecatepec de Morelos,Norte,121.335457850642,0.947827101421758,18783.854621701903,5723.0,-98.99442506062812,19.615800953287323,0.1216720605325966
Ecatepec de Morelos,Norte,120.598330153471,0.942068936240998,31368.543915961483,3427.0,-99.00190800250468,19.613211357809103,0.09171400186199785
Ecatepec de Morelos,Norte,124.089712390656,0.969342305167501,32744.44106000609,3283.0,-99.03438380228646,19.505355285638448,0.07756699920774916
Ecatepec de Morelos,Norte,121.853749540821,0.951875801769499,14611.934212314804,7357.0,-98.98644257654206,19.61955828682938,0.17305854191825742
Ecatepec de Morelos,Norte,119.147688918279,0.930737070836514,16404.700137341675,6553.0,-99.05862334524882,19.62624008371448,0.14034477129469092
Ecatepec de Morelos,Norte,122.120610355267,0.953960418391222,61923.96313364056,1736.0,-99.07371810330136,19.619873962503444,0.16184530262290672
Ecatepec de Morelos,Norte,123.004655869778,0.960866250473506,18379.21012138827,5849.0,-99.03232274493354,19.518463573470346,0.04908497266662154
Ecatepec de Morelos,Norte,120.761602734837,0.943344360426799,17698.386565689823,6074.0,-99.02862769724352,19.50467402830534,0.05580254388121485
Ecatepec de Morelos,Norte,119.780411053439,0.935679658914203,17131.474103585657,6275.0,-99.0166367716605,19.514865888669696,0.05647016029079374
Ecatepec de Morelos,Norte,117.554203887512,0.91828936326096,25736.17428776634,4177.0,-98.99434177398764,19.63694792259928,0.07548011467813306
Ecatepec de Morelos,Norte,118.486604972433,0.925572930928137,18708.66689871215,5746.0,-98.99168808038338,19.633101532482108,0.07744371411432245
Ecatepec de Morelos,Norte,118.339951360337,0.924427327898908,26517.02022693636,4054.0,-99.0839684360104,19.54884109841339,0.06962579210219495
Ecatepec de Morelos,Norte,118.008548818039,0.921838535499441,54902.962206333,1958.0,-99.09290913887492,19.5709355111218,0.1902485199043227
Ecatepec de Morelos,Norte,119.5328140066,0.933745523621988,22886.94911645732,4697.0,-99.08031496480676,19.53461159011125,0.08110729428142532
Ecatepec de Morelos,Norte,119.252016622058,0.931552039740269,365646.25850340136,294.0,-99.07933377393351,19.516228761093355,0.0332089958839147
Ecatepec de Morelos,Norte,121.598828069004,0.949884450815681,20700.94357789332,5193.0,-99.04684157897472,19.50591587827574,0.055127910449627185
Ecatepec de Morelos,Norte,121.101949514657,0.946003021856107,27325.876970005087,3934.0,-99.03768200186012,19.5014297036974,0.07681652046249741
Ecatepec de Morelos,Norte,119.938467727328,0.936914338386526,30574.5164960182,3516.0,-99.04096671439594,19.498114241165787,0.06177110731722062
Ecatepec de Morelos,Norte,117.864514018966,0.920713389655618,23714.97904257666,4533.0,-99.08313053343224,19.51113773515905,0.042299363318589495
Ecatepec de Morelos,Norte,117.071283683757,0.914516971702455,58234.01950162513,1846.0,-99.03611603125076,19.54784823566032,0.07999886659534329
Ecatepec de Morelos,Norte,116.378061906816,0.909101783107793,163871.95121951218,656.0,-99.08543627238735,19.570843386462204,0.21585641328030689
Ecatepec de Morelos,Norte,122.225471317402,0.954779552909302,35084.856396866846,3064.0,-99.02109859510676,19.546609825257047,0.05593564591549431
Ecatepec de Morelos,Norte,120.775050479417,0.943449409165161,44147.84394250513,2435.0,-99.0398394164094,19.59222884554805,0.09993798755121328
Ecatepec de Morelos,Norte,120.908778711759,0.944494043974176,31204.644412191585,3445.0,-99.03442448634604,19.56778508048687,0.14265993078273187
Ecatepec de Morelos,Norte,122.048963430299,0.953400739477724,40443.94281414597,2658.0,-99.04537812036708,19.53241599868096,0.05189669478253119
Ecatepec de Morelos,Norte,120.482292213669,0.941162491364242,20476.19047619048,5250.0,-99.02205172450596,19.52287044053067,0.047824920520824765
Ecatepec de Morelos,Norte,120.358792736336,0.940197759754033,24376.41723356009,4410.0,-99.02587663684542,19.509807660049336,0.05561421381754184
Ecatepec de Morelos,Norte,119.363544071631,0.932423250358578,26399.80353634578,4072.0,-99.00282795676276,19.618157801016945,0.061044182313323626
Ecatepec de Morelos,Norte,120.534774105406,0.941572460224158,24454.0491355778,4396.0,-99.0604573587442,19.539658738766555,0.059127507863967324
Ecatepec de Morelos,Norte,124.04000437195,0.968954004763621,30461.88722017569,3529.0,-99.01863146224298,19.591953285547053,0.09943748060151952
Ecatepec de Morelos,Norte,124.143386127515,0.969761584274616,13363.998010939831,8044.0,-99.01480990546423,19.589690066267966,0.10020255841438923
Ecatepec de Morelos,Norte,118.978608340219,0.929416276758278,22461.34559130798,4786.0,-99.06027251578024,19.57807233315498,0.09222415682645929
Ecatepec de Morelos,Norte,120.505167897633,0.941341187630019,26219.51219512195,4100.0,-99.01240780911397,19.607944218720707,0.09002686528099015
Ecatepec de Morelos,Norte,121.07011815543,0.945754367213147,32635.09411050395,3294.0,-99.03771473717164,19.505535040623982,0.06154680010565219
Ecatepec de Morelos,Norte,122.594012604123,0.957658459254854,37666.43307638402,2854.0,-99.01135177632912,19.62232165582769,0.13736959332383766
Ecatepec de Morelos,Norte,122.312261943247,0.955457528735842,25467.898602226964,4221.0,-99.03145071864203,19.514665903981744,0.05437096247964516
Ecatepec de Morelos,Norte,122.241055495983,0.954901290669018,52464.616886286,2049.0,-99.04014075175196,19.54824625257587,0.08690848366237448
Ecatepec de Morelos,Norte,122.001822273882,0.953032490439599,55526.85950413223,1936.0,-99.03854086927107,19.545104083861627,0.08109458188757447
Ecatepec de Morelos,Norte,122.074983531123,0.953603998749005,62645.68764568764,1716.0,-99.04021560112648,19.54339136815257,0.06696725853203514
Ecatepec de Morelos,Norte,121.007964569335,0.945268846703351,12038.073908174692,8930.0,-99.02833106655406,19.4935162754678,0.0666676757454939
Ecatepec de Morelos,Norte,121.368843565076,0.948087898104783,46637.74403470716,2305.0,-99.02541505303276,19.576735330266025,0.15368755083280233
Ecatepec de Morelos,Norte,119.796257874616,0.935803448339397,40673.47710934544,2643.0,-99.01886199208477,19.56603558066566,0.10629667717329613
Ecatepec de Morelos,Norte,119.722840642908,0.935229940453437,20014.894805436605,5371.0,-99.01676026531504,19.523649115859428,0.05490911924814768
Ecatepec de Morelos,Norte,126.004585124798,0.984300572975972,136594.6632782719,787.0,-99.0547728679958,19.589032141309403,0.17883506099169247
Ecatepec de Morelos,Norte,122.057734889888,0.953469258831134,41780.02331908278,2573.0,-99.02166916035516,19.601004192257843,0.08306275058257367
Ecatepec de Morelos,Norte,119.41463125492,0.932822324279049,26510.480887792848,4055.0,-98.98493055119135,19.638544905566143,0.07780780842053799
Ecatepec de Morelos,Norte,119.18971394261,0.931065354569107,9388.646288209608,11450.0,-99.04976205287234,19.53631281074343,0.062262729164696905
Ecatepec de Morelos,Norte,119.811893904861,0.935925591144867,13642.131979695432,7880.0,-99.05378759511449,19.53156079947789,0.06953515354945225
Ecatepec de Morelos,Norte,121.867387022445,0.951982332662504,40566.03773584906,2650.0,-99.04945047178008,19.50136488771981,0.0554711227834834
Ecatepec de Morelos,Norte,117.847958728121,0.92058406593102,32147.12918660287,3344.0,-99.0644559919318,19.558933481494,0.08002367856396317
Ecatepec de Morelos,Norte,118.792642475894,0.927963581154953,24027.715690657133,4474.0,-99.0704378821792,19.57746112499728,0.1351427463351145
Ecatepec de Morelos,Norte,121.42468889088,0.948524140850495,16569.05055487053,6488.0,-99.02140066959096,19.57057668749928,0.13528654335679846
Ecatepec de Morelos,Norte,120.154243205326,0.938599895514602,22607.78128286015,4755.0,-99.05723907687552,19.63432881650277,0.16723857443361184
Ecatepec de Morelos,Norte,120.44570257678,0.940876666840323,25329.87747408105,4244.0,-99.04973140042976,19.62097428957664,0.12412320994459022
Ecatepec de Morelos,Norte,124.173927236568,0.970000159967003,24918.868799258227,4314.0,-99.02678968855749,19.610141682754165,0.1306416556162296
Ecatepec de Morelos,Norte,117.309052140118,0.916374329731131,46078.01114444921,2333.0,-99.07863887469097,19.612371993177884,0.11491602609904494
Ecatepec de Morelos,Norte,116.828028927119,0.912616756753129,32914.88058787508,3266.0,-99.02081194827691,19.507195563959097,0.0481431741045203
Ecatepec de Morelos,Norte,119.048963764345,0.92996586695145,61358.44748858448,1752.0,-99.03192472625044,19.59248224668928,0.13951750013568903
Ecatepec de Morelos,Norte,124.877956417994,0.975499771953211,131578.94736842107,817.0,-99.05316565151328,19.590155680392723,0.13206897066829743
Ecatepec de Morelos,Norte,120.921639410841,0.944594506933225,19303.28604776441,5569.0,-99.01326444781294,19.612069253769967,0.0697327247699858
Ecatepec de Morelos,Norte,121.70281519386,0.950696759244594,14185.80100290314,7578.0,-99.01717306462156,19.55153622309064,0.059362252438921626
Ecatepec de Morelos,Norte,121.472093717212,0.948894449579132,41521.82309772113,2589.0,-99.07214587781642,19.50908503153533,0.13024914318896816
Ecatepec de Morelos,Norte,120.581909288657,0.941940662602154,41156.20214395099,2612.0,-99.03684053173174,19.541214350809707,0.04913904833155355
Ecatepec de Morelos,Norte,122.22989583628,0.954814115591784,36639.40013633265,2934.0,-99.01856335680849,19.612127348762705,0.16679033145908734
Ecatepec de Morelos,Norte,118.681640711932,0.927096476995522,19282.51121076233,5575.0,-99.06334835968536,19.54343211733039,0.12249724964975926
Ecatepec de Morelos,Norte,117.514955012305,0.917982765764396,27756.26129615285,3873.0,-99.06137205745586,19.64216205301712,0.1140579101550163
Ecatepec de Morelos,Norte,121.651182228985,0.950293421883015,17459.80185155108,6157.0,-99.0511925091838,19.629086157752173,0.10287154417600411
Ecatepec de Morelos,Norte,122.364946530558,0.95586908097758,14385.119764485482,7473.0,-99.01736011759928,19.53577188912981,0.046130417910084404
Ecatepec de Morelos,Norte,118.698635504328,0.92722923394144,20805.10934778401,5167.0,-99.04005829263394,19.527794724359715,0.04692424868281217
Ecatepec de Morelos,Norte,122.69259577183,0.958428553996754,63309.776207302704,1698.0,-99.03950681602085,19.583262122761205,0.07289699598752429
Ecatepec de Morelos,Norte,119.150851293115,0.930761774122986,26277.19384013689,4091.0,-98.99446599389265,19.64839965381165,0.07251361526991965
Ecatepec de Morelos,Norte,119.524653027177,0.933681773110741,55498.1930820857,1937.0,-99.08307076508224,19.5134813379979,0.04197909871739837
Ecatepec de Morelos,Norte,120.487352419897,0.941202019797943,23741.166077738515,4528.0,-98.99478794984816,19.600239527890448,0.07118081972234912
Ecatepec de Morelos,Norte,121.772157727193,0.951238437114679,17824.573039296964,6031.0,-99.0366620642075,19.556421400605725,0.07874721512379308
Ecatepec de Morelos,Norte,121.796318182911,0.951427169535671,22316.79468548889,4817.0,-99.0033018626614,19.5975130060475,0.06543835794963666
Ecatepec de Morelos,Norte,123.976489607373,0.968457851237909,16961.186494162197,6338.0,-99.00897902069714,19.590078914850725,0.08548697532432262
Ecatepec de Morelos,Norte,119.108450703231,0.930430556613113,38120.56737588653,2820.0,-99.05328656877523,19.636618189659632,0.1377662278158945
Ecatepec de Morelos,Norte,121.021216517688,0.945372365955004,18843.12007011393,5705.0,-99.02375836173572,19.52913511178353,0.06992373706273472
Ecatepec de Morelos,Norte,122.673794530287,0.958281685747438,25828.92839980778,4162.0,-99.02816715055746,19.526291621739578,0.059390954082638475
Ecatepec de Morelos,Norte,118.249621989501,0.923721708723365,14302.820649281532,7516.0,-98.9876843154934,19.64492687009517,0.053351915177063204
Ecatepec de Morelos,Norte,118.812231793756,0.928116605560984,9892.334590963466,10867.0,-98.98104713170596,19.64350984189929,0.18540630918055406
Ecatepec de Morelos,Norte,116.750319296597,0.912009718257085,26848.151848151847,4004.0,-99.08718620971466,19.562043644861514,0.11100101841981876
Ecatepec de Morelos,Norte,114.684707444688,0.895873932980966,30881.9304797472,3481.0,-99.08518642661409,19.56363423116898,0.08645566997332237
Ecatepec de Morelos,Norte,117.657785568359,0.919098504513288,41747.57281553398,2575.0,-99.05921465034392,19.58173195152373,0.16584755377935112
Ecatepec de Morelos,Norte,117.811339504224,0.920298010284488,13678.585061712687,7859.0,-99.0848855227384,19.566482293900567,0.12916439710513566
Ecatepec de Morelos,Norte,118.753290982323,0.927656182042208,96067.91778373548,1119.0,-99.06324656632928,19.59813009237304,0.22479011235317975
Ecatepec de Morelos,Norte,118.211605429495,0.923424737611093,59130.913091309136,1818.0,-99.00858087178152,19.64538396087785,0.2645399891290891
Ecatepec de Morelos,Norte,118.568791420905,0.926214940647402,22546.140939597317,4768.0,-99.06958984521208,19.607021826525106,0.11535361551665367
Ecatepec de Morelos,Norte,118.150557651505,0.922947855259592,21521.52152152152,4995.0,-99.06531087916362,19.605175106653288,0.11359239925391214
Ecatepec de Morelos,Norte,119.54317638475,0.933826470634677,26635.28245787909,4036.0,-99.06079164855576,19.602637941411555,0.09329374690400066
Ecatepec de Morelos,Norte,119.756950213739,0.935496391631222,21287.128712871287,5050.0,-99.05938768852631,19.598822992422416,0.12469076291461949
Ecatepec de Morelos,Norte,113.801362698734,0.888973575039895,93641.1149825784,1148.0,-99.07191210180368,19.559068370228736,0.15679308888122817
Ecatepec de Morelos,Norte,119.411477194304,0.932797685940153,22252.121713930865,4831.0,-99.0074735414662,19.638059502088225,0.12227719651603072
Ecatepec de Morelos,Norte,113.302165045375,0.885074030148383,30881.9304797472,3481.0,-99.09244462055128,19.55995917864344,0.29360761379504563
Ecatepec de Morelos,Norte,117.535125968823,0.918140333713518,109359.1047812818,983.0,-99.0654408737138,19.581895433343828,0.2453785656514633
Ecatepec de Morelos,Norte,116.987254457015,0.913860566890304,663580.2469135802,162.0,-99.0751024033872,19.60880429439933,0.22104556623482785
Ecatepec de Morelos,Norte,119.19693625135,0.931121772536945,524390.243902439,205.0,-99.06392729101115,19.60231843425941,0.15192866569134253
Ecatepec de Morelos,Norte,121.697114633318,0.950652228603093,24537.776763296053,4381.0,-99.07080731531973,19.627156199246024,0.2710125077775472
Ecatepec de Morelos,Norte,119.493913964966,0.933441651082502,584239.1304347826,184.0,-99.09627670850672,19.56990490212358,0.2287775841422518
Ecatepec de Morelos,Norte,119.70769824335,0.935111653705806,27727.624451895797,3877.0,-99.06463400712356,19.65630673412397,0.0988381650590824
Ecatepec de Morelos,Norte,118.095849792409,0.922520497977304,23548.74041621029,4565.0,-99.0577431552834,19.644335231484185,0.1417149904612618
Ecatepec de Morelos,Norte,118.677683885129,0.927065567748173,21422.877640494225,5018.0,-99.06191518588663,19.651352723324536,0.09304553448122133
Ecatepec de Morelos,Norte,116.91734143462,0.913314432573575,27914.82731757985,3851.0,-99.09480314099191,19.56888696747329,0.1407893397926825
Ecatepec de Morelos,Norte,119.476872867888,0.933308532421766,26648.4878532474,4034.0,-99.06962943396442,19.637093823557223,0.12068044044146439
Ecatepec de Morelos,Norte,120.266915761493,0.939480051276269,12202.043132803632,8810.0,-99.06831520329578,19.632015566372097,0.10022416930353682
Ecatepec de Morelos,Norte,120.849974943169,0.944034690982708,24370.8909544321,4411.0,-99.06606711938733,19.624034012131656,0.21735161555227267
Ecatepec de Morelos,Norte,125.282333369033,0.978658613071663,9098.603470165044,11815.0,-99.01626967822914,19.583637264933937,0.11480989187506743
Ecatepec de Morelos,Norte,113.197607234573,0.884257263734849,203598.4848484849,528.0,-99.09873113072456,19.573635590019123,0.2928924259555044
Ecatepec de Morelos,Norte,116.230558383137,0.90794954088796,55043.52278545826,1953.0,-99.07490631615504,19.56062987776971,0.23278936706483364
Ecatepec de Morelos,Norte,116.226963878081,0.90792146196224,165130.5683563748,651.0,-99.0728569460449,19.608928110101377,0.19255642788122193
Ecatepec de Morelos,Norte,115.973408475623,0.905940782230046,226315.7894736842,475.0,-99.07097077678732,19.60966480645256,0.16663040400804946
Ecatepec de Morelos,Norte,117.593205309514,0.918594027745869,15024.458420684836,7155.0,-98.98061304610133,19.63419519055984,0.085669433867321
Ecatepec de Morelos,Norte,117.705944450973,0.91947470364687,19786.48996870973,5433.0,-98.98691761432111,19.628800735204827,0.15321700337016558
Naucalpan de Juárez,Norte,121.512586741988,0.949210765905629,168924.30278884462,251.0,-99.21974008484943,19.467418393305028,0.03239491025987639
Naucalpan de Juárez,Norte,121.337292585522,0.947841433682697,10690.872415532023,3966.0,-99.2537955775578,19.477807995298644,0.18643437081672787
Naucalpan de Juárez,Norte,122.506156569617,0.956972160855337,22844.8275862069,1856.0,-99.21841138723298,19.458130147433288,0.12849692870402984
Naucalpan de Juárez,Norte,125.014411015453,0.976565704104264,25103.611604499703,1689.0,-99.25196180434206,19.42586554174529,0.19512580744507468
Naucalpan de Juárez,Norte,126.006542613336,0.984315864142461,47855.53047404063,886.0,-99.23250073906716,19.45204771657485,0.17607589003568422
Naucalpan de Juárez,Norte,121.570718050428,0.949664865890553,12998.160637645617,3262.0,-99.28073631640456,19.44489355214417,0.096702807230366
Naucalpan de Juárez,Norte,126.501310128728,0.988180802457266,30264.097073518915,1401.0,-99.23073611374608,19.457130767655347,0.15224352573787334
Naucalpan de Juárez,Norte,119.595219845425,0.934233014635524,5158.778440199538,8219.0,-99.26375245184828,19.44592136306689,0.0731476301840537
Naucalpan de Juárez,Norte,122.243182454841,0.954917905674102,9948.38104176443,4262.0,-99.24265841959352,19.47588082941068,0.11743083158710738
Naucalpan de Juárez,Norte,120.768914542837,0.943401477529299,7533.759772565743,5628.0,-99.25821824158662,19.45707932134444,0.10504342509522782
Naucalpan de Juárez,Norte,119.936722308582,0.936900703829733,4455.185457602186,9517.0,-99.25359170505972,19.451982154872184,0.10972158364990128
Naucalpan de Juárez,Norte,120.74325655774,0.943201046970298,6820.009650957053,6217.0,-99.2401109788664,19.455898104518315,0.05736048287405459
Naucalpan de Juárez,Norte,125.38470779133,0.979458323672877,41897.23320158103,1012.0,-99.24092368342674,19.4267945738526,0.14504117731128882
Naucalpan de Juárez,Norte,119.811735159218,0.935924351083426,4461.279461279461,9504.0,-99.26441141753423,19.44060132443668,0.0609575723467092
Naucalpan de Juárez,Norte,119.03888049208,0.92988710020928,4468.802698145026,9488.0,-99.25998913780226,19.441649972617128,0.06911685479789886
Naucalpan de Juárez,Norte,120.000305654144,0.937397393084389,24565.469293163384,1726.0,-99.2301925424336,19.481175767157133,0.0357783442077379
Naucalpan de Juárez,Norte,121.263821081282,0.947267501840062,15373.459028281364,2758.0,-99.27490919944964,19.450534136590043,0.08777930046020214
Naucalpan de Juárez,Norte,118.277515303755,0.923939600835588,10126.582278481012,4187.0,-99.2668639036488,19.438824605238423,0.07956316196642577
Naucalpan de Juárez,Norte,123.91220591256,0.967955691117511,17520.661157024795,2420.0,-99.23463816093738,19.480433212578813,0.06395610524182986
Naucalpan de Juárez,Norte,121.449127188704,0.948715043669841,18158.45824411135,2335.0,-99.232074208016,19.47393275833892,0.07810810327624199
Naucalpan de Juárez,Norte,119.313949854284,0.932035838928254,17928.118393234672,2365.0,-99.23557049054963,19.469923399975208,0.051211120081601266
Naucalpan de Juárez,Norte,121.063383881546,0.945701761590611,9046.29827181566,4687.0,-99.25249902695788,19.4676729913202,0.11661775476349838
Naucalpan de Juárez,Norte,119.967958592348,0.937144709966318,6381.69777242625,6644.0,-99.2484358943395,19.47027241268377,0.06565971296771535
Naucalpan de Juárez,Norte,123.848804248432,0.967460421090096,7305.306685044796,5804.0,-99.24298895881452,19.471164770110672,0.055694951779491936
Naucalpan de Juárez,Norte,120.545610982541,0.941657113844995,6979.423868312758,6075.0,-99.25204854231322,19.4628395221292,0.08834135765802077
Naucalpan de Juárez,Norte,119.650395794934,0.934664028464608,44820.29598308668,946.0,-99.24386461407288,19.46623963717123,0.05121279079187056
Naucalpan de Juárez,Norte,121.922966052462,0.952416495205381,22820.23681377825,1858.0,-99.22880088902475,19.46691423350856,0.05086686874078781
Naucalpan de Juárez,Norte,119.699444698404,0.935047180107393,7271.48002057966,5831.0,-99.23393492067652,19.46186436772556,0.04545612736906321
Naucalpan de Juárez,Norte,119.90991968582,0.936691331790491,6339.712918660287,6688.0,-99.24854357248824,19.4455043582279,0.0829792403042011
Naucalpan de Juárez,Norte,119.576419914961,0.934086156627864,5663.149459062375,7487.0,-99.2607819999539,19.437077771908715,0.0826135156416241
Naucalpan de Juárez,Norte,120.735192973655,0.943138057274904,9083.11910882605,4668.0,-99.25780974553574,19.4364547811596,0.14050095384068567
Naucalpan de Juárez,Norte,119.889639777816,0.936532912753206,6637.445209768315,6388.0,-99.26957239101198,19.45875615795765,0.09553418897845727
Naucalpan de Juárez,Norte,120.332280296308,0.939990654513496,7795.55065269351,5439.0,-99.26470511081524,19.459683255400623,0.0980280795515501
Naucalpan de Juárez,Norte,120.884598232434,0.944305155136277,6829.896907216495,6208.0,-99.26043082318968,19.45906331841232,0.07651843622955094
Naucalpan de Juárez,Norte,119.668034075937,0.934801812102247,10438.207779419005,4062.0,-99.2687839785529,19.44578255879353,0.07934831439909994
Naucalpan de Juárez,Norte,119.152255544408,0.930772743607553,8063.902624572081,5258.0,-99.27348846125358,19.43475470589276,0.08923001653433009
Naucalpan de Juárez,Norte,117.87990971217,0.920833655038237,10042.63382283278,4222.0,-99.26978449921585,19.436818178179365,0.08825847420711404
Naucalpan de Juárez,Norte,119.391132387952,0.932638759941309,4563.556129587773,9291.0,-99.25743073773955,19.46233533417226,0.0707748684051857
Naucalpan de Juárez,Norte,121.592542149079,0.949835347566169,10484.668644906034,4044.0,-99.2509561017618,19.457019458851747,0.11126234064999223
Naucalpan de Juárez,Norte,121.406530823509,0.948382296836645,9067.579127459368,4676.0,-99.24322193083654,19.462318042209457,0.06650396268819107
Naucalpan de Juárez,Norte,120.156557651133,0.938617975097433,9925.093632958802,4272.0,-99.27372146565146,19.4599862539188,0.07069838468060011
Naucalpan de Juárez,Norte,118.543436651875,0.92601687869863,10600.0,4000.0,-99.27589586337594,19.4576161339631,0.10114432503276775
Naucalpan de Juárez,Norte,119.514552667305,0.933602872886597,7978.923598042906,5314.0,-99.27129894896326,19.45530790961336,0.08459201919095118
Naucalpan de Juárez,Norte,120.978408593622,0.945037966503236,8605.64237872945,4927.0,-99.24566350027864,19.455405325729505,0.08867345588541446
Naucalpan de Juárez,Norte,120.659522022755,0.94254694417966,6837.606837606838,6201.0,-99.24215584657992,19.44886082597187,0.1043305087016959
Naucalpan de Juárez,Norte,120.032028814577,0.937645202518943,9067.579127459368,4676.0,-99.24709204963564,19.44352945098604,0.07294173202812441
Naucalpan de Juárez,Norte,120.673414994836,0.942655470868324,13842.6379366634,3063.0,-99.28236602294407,19.440873473815486,0.10048022304748104
Naucalpan de Juárez,Norte,120.225319869428,0.939155119764032,9995.285242809996,4242.0,-99.28653489976088,19.448038328467312,0.12615202142491108
Naucalpan de Juárez,Norte,120.941501018534,0.944749658365318,7642.393655371305,5548.0,-99.28677107190182,19.444512750659523,0.10282071838878139
Naucalpan de Juárez,Norte,122.819602845054,0.959420685630874,11572.052401746723,3664.0,-99.24602825305428,19.427895172789466,0.13880860280698729
Naucalpan de Juárez,Norte,119.71353158554,0.935157221587755,5900.3618146395775,7186.0,-99.26243572263311,19.451141585853613,0.0635336563411072
Naucalpan de Juárez,Norte,121.207845008034,0.94683023774435,6257.378984651713,6776.0,-99.25745921630372,19.45385170796401,0.12023237454939013
Naucalpan de Juárez,Norte,120.964812805871,0.944931761307133,13748.378728923475,3084.0,-99.28041840101208,19.45276595219387,0.1177787550907086
Naucalpan de Juárez,Norte,119.893708793338,0.936564698376772,12401.286926001754,3419.0,-99.28132525645334,19.450739234408523,0.08232499089264261
Naucalpan de Juárez,Norte,120.739854941827,0.943174474822241,9067.579127459368,4676.0,-99.28042562995924,19.448485906329864,0.10014307937964373
Naucalpan de Juárez,Norte,126.200844340099,0.985833676377574,22245.540398740817,1906.0,-99.23299729878792,19.45403752591481,0.1382166570976812
Naucalpan de Juárez,Norte,119.489378723584,0.933406223477339,25208.08561236623,1682.0,-99.26839368082165,19.431524665458102,0.11608655087225131
Naucalpan de Juárez,Norte,125.260148736204,0.978485315038239,73229.70639032815,579.0,-99.23875732035174,19.42479706038634,0.14986918751672487
Naucalpan de Juárez,Norte,122.796654564093,0.959241422264576,13730.569948186529,3088.0,-99.236317648271,19.47648716706602,0.08466946192423477
Naucalpan de Juárez,Norte,120.063611925346,0.937891917938027,8802.159020137015,4817.0,-99.24897017212048,19.460289487132155,0.06439562797402247
Naucalpan de Juárez,Norte,119.742584225131,0.935384169914815,9341.26459572593,4539.0,-99.26659751419432,19.436690039080307,0.08936950910610421
Naucalpan de Juárez,Norte,119.568248080691,0.934022321322613,15468.807004742794,2741.0,-99.26821793146372,19.44896240622664,0.06645658670510765
Naucalpan de Juárez,Norte,119.014033527646,0.929693005039613,17186.866639643293,2467.0,-99.266648179326,19.449503162957072,0.06649784552374255
Naucalpan de Juárez,Norte,119.652170319334,0.93467789038385,7281.470032629229,5823.0,-99.24406934938048,19.45043763804304,0.06551839836771572
Naucalpan de Juárez,Norte,121.641652824675,0.950218981749644,7619.04761904762,5565.0,-99.22579239359744,19.46060941041069,0.042958554745412644
Naucalpan de Juárez,Norte,123.356418509862,0.963614088322768,39515.377446411934,1073.0,-99.23478189721152,19.431136425217414,0.1913410088486498
Naucalpan de Juárez,Norte,120.088014518586,0.938082541846549,3929.9286310130688,10789.0,-99.21310685480871,19.47011103879529,0.07210595528092625
Naucalpan de Juárez,Norte,120.375078017197,0.940324974261879,3639.484978540772,11650.0,-99.23702076866388,19.455162406646533,0.07549092286721557
Naucalpan de Juárez,Norte,119.177501519569,0.930969955699415,4004.155255453773,10589.0,-99.25798553469173,19.44721914687274,0.0726244751659699
Naucalpan de Juárez,Norte,121.128575682377,0.946211015494729,6148.491879350348,6896.0,-99.26805583105276,19.45363605116588,0.1046271974143009
Naucalpan de Juárez,Norte,117.466859115111,0.917607058649298,6416.464891041162,6608.0,-99.25237573486996,19.4468972578448,0.12170243766034133
Naucalpan de Juárez,Norte,123.697236227915,0.966276428544971,18166.2382176521,2334.0,-99.2223878576256,19.481988952843817,0.06616731392846842
Naucalpan de Juárez,Norte,120.035382412734,0.937671399570297,20763.956904995102,2042.0,-99.22542661117038,19.475669104553884,0.031241465308991346
Naucalpan de Juárez,Norte,125.280593178638,0.978645019356793,19405.03432494279,2185.0,-99.23896148524774,19.48035572790845,0.09949869713646453
Naucalpan de Juárez,Norte,119.456625516654,0.933150367705773,5817.782656421515,7288.0,-99.25420420657836,19.4420200857419,0.07987574346169264
Naucalpan de Juárez,Norte,121.873183781043,0.952027614767154,10995.85062240664,3856.0,-99.23967637789735,19.46216046267181,0.05767402222235529
Naucalpan de Juárez,Norte,121.046270215807,0.945568076050708,10578.842315369262,4008.0,-99.28024956942969,19.45549252964917,0.152347054355199
Naucalpan de Juárez,Norte,119.026731791703,0.929792199117153,9157.667386609071,4630.0,-99.27129627533768,19.44429935459176,0.10281638363131532
Naucalpan de Juárez,Norte,120.367544803981,0.940266127624844,14175.860916081578,2991.0,-99.284837820924,19.44243324766751,0.10671087528831914
Naucalpan de Juárez,Norte,121.208637998314,0.946836432287075,8312.095667516172,5101.0,-99.24584481715227,19.45841531414773,0.0710494095166841
Naucalpan de Juárez,Norte,118.936479322265,0.929087180666492,12052.302444570778,3518.0,-99.27546144329663,19.447782567610943,0.08033237137435148
Naucalpan de Juárez,Norte,119.060954946084,0.930059537567045,13988.782580006598,3031.0,-99.27497174094484,19.44528722792803,0.07659630052080936
Naucalpan de Juárez,Norte,119.518098242352,0.93363056958943,6989.779096604022,6066.0,-99.27572674905645,19.45329915047017,0.08834066885090402
Naucalpan de Juárez,Norte,120.58026289885,0.941927801622301,6149.383611312545,6895.0,-99.24764742739438,19.451477837313263,0.08182881577189775
Naucalpan de Juárez,Norte,119.123408385895,0.930547400421632,13216.95760598504,3208.0,-99.26533609353946,19.45122279878677,0.07008533300090297
Naucalpan de Juárez,Norte,126.604230737454,0.988984779662064,38615.66484517304,1098.0,-99.23065571873832,19.455021135330465,0.18092521498854883
Naucalpan de Juárez,Norte,126.919904664793,0.991450706018991,49187.93503480278,862.0,-99.23471461955056,19.45241657314788,0.16590897881015418
Naucalpan de Juárez,Norte,120.488665655695,0.941212278303594,10536.779324055666,4024.0,-99.2712810192378,19.448315003812173,0.08512835903385775
Naucalpan de Juárez,Norte,125.898149848635,0.983469140506999,53670.88607594936,790.0,-99.23406746902012,19.45485736718348,0.10851641406496348
Naucalpan de Juárez,Norte,118.747192178142,0.927608540470718,9506.726457399103,4460.0,-99.28842144071704,19.44011563511156,0.10392890361349888
Naucalpan de Juárez,Norte,120.733805809597,0.943127221269412,13383.838383838383,3168.0,-99.25190663497676,19.4386365960315,0.14678686414755984
Naucalpan de Juárez,Norte,118.192876699553,0.923278435795211,18482.99912816042,2294.0,-99.27777353826752,19.469063913334253,0.18328206614839412
Naucalpan de Juárez,Norte,119.647609970245,0.934642266646696,11890.072910824454,3566.0,-99.28006301585184,19.462679302166432,0.085051724100595
Naucalpan de Juárez,Norte,119.532248180934,0.933741103604051,16072.78241091736,2638.0,-99.26180133970524,19.46388582843073,0.10024393686131493
Naucalpan de Juárez,Norte,118.878787968369,0.928636517441507,6969.099276791585,6084.0,-99.2966084717703,19.451665197534336,0.23153723700222256
Naucalpan de Juárez,Norte,119.291919090675,0.931863742863482,6488.14078041316,6535.0,-99.25991439902224,19.46552842931404,0.10710031804517799
Naucalpan de Juárez,Norte,119.895490340914,0.936578615158438,11240.721102863205,3772.0,-99.29246609915106,19.445839852694576,0.12184634000171381
Naucalpan de Juárez,Norte,118.549829209059,0.926066814958426,10035.50295857988,4225.0,-99.33587032933252,19.441787807957457,0.28944772691992593
Naucalpan de Juárez,Norte,120.559417784583,0.941764967405622,47694.03824521935,889.0,-99.2677693828703,19.47027985787208,0.22764457862679136
Naucalpan de Juárez,Norte,119.822368753145,0.936007416732069,11490.514905149052,3690.0,-99.27222957426402,19.46727438743316,0.08250752747154776
Naucalpan de Juárez,Norte,117.806583721319,0.920260859891637,7445.127304653204,5695.0,-99.34661972624365,19.44122680459689,0.2197676749907065
Naucalpan de Juárez,Norte,119.432023967767,0.932958189630336,7856.216416527701,5397.0,-99.28646545211284,19.45756688370343,0.0888724409711801
Naucalpan de Juárez,Norte,119.239310961335,0.931452787882748,9372.236958443857,4524.0,-99.28146862912628,19.45825106763996,0.07792512331794467
Naucalpan de Juárez,Norte,118.736961274859,0.927528620490403,14585.483316133472,2907.0,-99.28271076343624,19.46025202846649,0.09685566424808134
Naucalpan de Juárez,Norte,121.244196734143,0.947114203798461,5502.206073189722,7706.0,-99.2342531507032,19.41998832599772,0.15784167355069256
Naucalpan de Juárez,Norte,124.262388419392,0.970691185558288,7968.426987408382,5321.0,-99.23310267122436,19.42585529246044,0.12683009924807212
Naucalpan de Juárez,Norte,118.228149112685,0.923553970661037,11794.158553546593,3595.0,-99.34140202406232,19.47516868993046,0.30299063012557903
Naucalpan de Juárez,Norte,120.141007747906,0.938496505083935,10905.349794238684,3888.0,-99.26925227334402,19.46728533809081,0.09398795169322728
Naucalpan de Juárez,Norte,119.355824196743,0.932362945590562,8907.563025210084,4760.0,-99.27084547388864,19.44126986031035,0.13347676163956237
Naucalpan de Juárez,Norte,121.010782416401,0.945290858668066,12488.954344624448,3395.0,-99.27842230343272,19.443437576202147,0.09470889564729988
Naucalpan de Juárez,Norte,121.859351120533,0.951919559209875,13058.207576224208,3247.0,-99.28152723349643,19.43875308446555,0.10849804574275157
Naucalpan de Juárez,Norte,119.185931343448,0.931035806322755,9009.774755631108,4706.0,-99.28988636487686,19.46373256762997,0.23141465846859957
Naucalpan de Juárez,Norte,120.906194699097,0.944473858636147,10239.07268775658,4141.0,-99.25426549514196,19.431035232351025,0.2536129890120004
Naucalpan de Juárez,Norte,120.622134972557,0.942254890561966,8006.042296072507,5296.0,-99.24835121552375,19.4391446500776,0.13411340871560978
Naucalpan de Juárez,Norte,120.120703378887,0.938337894966379,27040.81632653061,1568.0,-99.26176980621594,19.468394432399737,0.22176706351904785
Naucalpan de Juárez,Norte,120.373986270333,0.94031644594473,10863.438380732769,3903.0,-99.28280341184708,19.46385420996808,0.1563068935925014
Naucalpan de Juárez,Norte,117.691262759402,0.919360015777287,11038.791981254884,3841.0,-99.27567665902676,19.442526617502374,0.08966716836945629
Naucalpan de Juárez,Norte,120.542981402048,0.94163657254816,7984.934086629001,5310.0,-99.26714344339432,19.462561849487145,0.11109851540428457
Naucalpan de Juárez,Norte,120.246227556302,0.939318442774453,16214.149139579353,2615.0,-99.27296533885836,19.484068875607665,0.20058932242178729
Naucalpan de Juárez,Norte,123.351581437041,0.963576302923572,12488.954344624448,3395.0,-99.26480947079556,19.47961093764497,0.1773790666928199
Naucalpan de Juárez,Norte,124.96548797419,0.976183535649845,8838.857619345425,4797.0,-99.27744610339712,19.477945297899485,0.16002625468114223
Naucalpan de Juárez,Norte,125.439282459473,0.979884640517373,13362.748187834855,3173.0,-99.266525850777,19.47345908841005,0.18865469374356497
Naucalpan de Juárez,Norte,119.880459249291,0.936461197906656,8840.70058381985,4796.0,-99.28992677728831,19.456298271937595,0.11083524096060117
Naucalpan de Juárez,Norte,119.057150083353,0.93002981540604,10495.049504950495,4040.0,-99.27675676085248,19.46199690622945,0.0716943864485997
Naucalpan de Juárez,Norte,119.606369010188,0.934320107730219,11916.8071950534,3558.0,-99.29063306754963,19.43651272517831,0.117486362398308
Naucalpan de Juárez,Norte,118.275054652344,0.923920379149403,8979.246082168573,4722.0,-99.29456013148916,19.438904249770925,0.15503038485666476
Naucalpan de Juárez,Norte,119.92083309038,0.93677658321488,8488.488488488489,4995.0,-99.26913214643992,19.43315983977305,0.1113405584027082
Naucalpan de Juárez,Norte,120.89815006161,0.944411016944474,9275.869612776198,4571.0,-99.27270627762594,19.43056871432061,0.12542215344096955
Naucalpan de Juárez,Norte,120.735892252954,0.94314351978259,15229.885057471263,2784.0,-99.27461495635627,19.46701785800294,0.07552676738294699
Naucalpan de Juárez,Norte,118.817784637211,0.928159982291991,7843.137254901961,5406.0,-99.27232666027548,19.46330352829944,0.08035371808360345
Naucalpan de Juárez,Norte,119.409904743266,0.932785402542241,9946.047384471029,4263.0,-99.28774548123296,19.43658491117029,0.0994019004888573
Naucalpan de Juárez,Norte,119.341478133649,0.932250879524796,8121.049607354913,5221.0,-99.27381616758996,19.43765437076664,0.06738466101484335
Naucalpan de Juárez,Norte,120.718518351598,0.943007801379627,17564.20878210439,2414.0,-99.27679013027848,19.467472129899555,0.09272075451252068
Naucalpan de Juárez,Norte,121.152971479637,0.946401586315601,12183.908045977012,3480.0,-99.29139322530904,19.44405512267845,0.10917961816742443
Naucalpan de Juárez,Norte,121.339956413409,0.947862242507335,10995.85062240664,3856.0,-99.24881303361056,19.43330233542933,0.13561906306270125
Naucalpan de Juárez,Norte,117.956622446152,0.921432906152296,22529.22422954304,1882.0,-99.29748223924813,19.446014464069084,0.2289402836887362
Naucalpan de Juárez,Norte,120.001683780668,0.93740815849206,76258.9928057554,556.0,-99.25949137391062,19.432492176461828,0.2257663664507875
Naucalpan de Juárez,Norte,121.9874931913,0.952920557019225,6188.877536126113,6851.0,-99.2590292039971,19.475616139231704,0.11548760568562144
Naucalpan de Juárez,Norte,119.866281211417,0.936350444390909,11748.406760875589,3609.0,-99.27696614010216,19.438025330966106,0.1485616806625131
Naucalpan de Juárez,Norte,124.841414520183,0.975214320349071,6385.542168674699,6640.0,-99.2627260634167,19.518515280084724,0.14953960013876477
Naucalpan de Juárez,Norte,124.255466762739,0.970637116171816,19360.730593607303,2190.0,-99.2632633482549,19.484894087837983,0.1315286020992605
Naucalpan de Juárez,Norte,125.00425662688,0.976486381828167,15213.491209185504,2787.0,-99.23771599048406,19.51826162721817,0.13043541242348583
Naucalpan de Juárez,Norte,121.551121535884,0.949511785266741,5918.481295365717,7164.0,-99.21775821840812,19.490896343559992,0.07749806836057344
Naucalpan de Juárez,Norte,124.855759586537,0.975326378628675,11940.298507462689,3551.0,-99.2338789327724,19.498212647832,0.12452590414954032
Naucalpan de Juárez,Norte,123.03355941635,0.961092034141802,13770.70477427736,3079.0,-99.26531276886368,19.48817798581197,0.13233401445092824
Naucalpan de Juárez,Norte,123.785213777806,0.966963676177118,11134.453781512606,3808.0,-99.254425062542,19.48973438045856,0.13019772849740952
Naucalpan de Juárez,Norte,124.776505817187,0.974707277899091,10045.013030087655,4221.0,-99.24823983031824,19.492184172644908,0.08355978965596553
Naucalpan de Juárez,Norte,123.519302735518,0.964886478819376,13686.24919302776,3098.0,-99.24045842365062,19.489065047707868,0.15139323872398902
Naucalpan de Juárez,Norte,122.607754693651,0.957765807305588,15767.94347341019,2689.0,-99.25913406155284,19.49954001501128,0.21754096093176892
Naucalpan de Juárez,Norte,125.154961223997,0.977663629633437,20394.420394420395,2079.0,-99.23128224096055,19.50369047689755,0.10587186372745654
Naucalpan de Juárez,Norte,124.771740833154,0.974670055630478,52152.521525215256,813.0,-99.24620688362695,19.49686241621381,0.0998724251038207
Naucalpan de Juárez,Norte,125.036582463953,0.976738899146651,21957.534955981355,1931.0,-99.24117153885774,19.49697306381629,0.1097702144259043
Naucalpan de Juárez,Norte,124.622367263129,0.973503205309774,17549.668874172185,2416.0,-99.22156921184084,19.486198560413087,0.09922760937255512
Naucalpan de Juárez,Norte,124.734855571496,0.974381921796712,9355.692850838484,4532.0,-99.25292613991611,19.51013696796372,0.16876284162423624
Naucalpan de Juárez,Norte,125.392421109891,0.979518577225327,11800.723629279157,3593.0,-99.25083366378011,19.50506169424842,0.12035898700301084
Naucalpan de Juárez,Norte,125.140259349593,0.977548784103131,17943.29242488362,2363.0,-99.244236679188,19.51208826691101,0.12056671205747348
Naucalpan de Juárez,Norte,125.527257206347,0.980571866253407,16042.37608777904,2643.0,-99.24201243786996,19.501379430424592,0.13064507927231614
Naucalpan de Juárez,Norte,124.540194612698,0.972861303375637,19539.170506912444,2170.0,-99.22697398097245,19.50180545125612,0.13154602296543436
Naucalpan de Juárez,Norte,124.596927135385,0.973304476570736,33570.863024544735,1263.0,-99.25188250291824,19.49565983148329,0.09962628611829373
Naucalpan de Juárez,Norte,123.551932343766,0.965141369084383,11108.200157191512,3817.0,-99.23037902775816,19.49400361216278,0.11562811623848672
Naucalpan de Juárez,Norte,121.659467131544,0.950358140435344,12562.962962962962,3375.0,-99.26998690164412,19.491188283657696,0.12163636509954874
Naucalpan de Juárez,Norte,119.178748334207,0.930979695347864,8909.434755200673,4759.0,-99.27537499288776,19.504358450638467,0.1004374723052054
Naucalpan de Juárez,Norte,125.90171245629,0.983496970262178,17427.044800657623,2433.0,-99.27253746153627,19.516702265442543,0.1602818018328078
Naucalpan de Juárez,Norte,126.514804163231,0.988286212795147,451063.829787234,94.0,-99.26831236957754,19.514500540092023,0.12033338709579158
Naucalpan de Juárez,Norte,125.841339250527,0.983025357415984,32048.37490551776,1323.0,-99.22586301894756,19.48846310559273,0.12458318311736832
Naucalpan de Juárez,Norte,125.021788563739,0.976623334745222,21105.02737680438,2009.0,-99.2391953257283,19.51233089621204,0.1362537421120605
Naucalpan de Juárez,Norte,125.24351847905,0.978355405704949,33125.0,1280.0,-99.27446087265564,19.520950093895888,0.18935501595151258
Naucalpan de Juárez,Norte,124.722855342126,0.974288180504414,23373.759647188534,1814.0,-99.27398924250426,19.51840188249036,0.11060138056458638
Naucalpan de Juárez,Norte,121.886276173034,0.952129887624334,6443.768996960486,6580.0,-99.25607619876838,19.502507337612165,0.1162076158098088
Naucalpan de Juárez,Norte,126.087407168845,0.984947547729543,14825.174825174823,2860.0,-99.24325631500878,19.505336614190856,0.13871699991777361
Naucalpan de Juárez,Norte,122.035020824895,0.953291825072154,47427.29306487696,894.0,-99.24821218317165,19.48327574757464,0.13252757415069585
Naucalpan de Juárez,Norte,124.035887318238,0.968921843883732,6245.396965679776,6789.0,-99.26069773716816,19.4962452270272,0.12789467236017463
Naucalpan de Juárez,Norte,124.444090104541,0.972110570992757,15295.815295815297,2772.0,-99.219778201169,19.500905562258303,0.21073256179096148
Naucalpan de Juárez,Norte,125.016745128398,0.9765839373194,9137.93103448276,4640.0,-99.25590208593437,19.51423862605408,0.18120233998760066
Naucalpan de Juárez,Norte,124.215571157899,0.970325466665854,9243.514279485502,4587.0,-99.24767648900966,19.51596841025981,0.09356010404540022
Naucalpan de Juárez,Norte,124.694301163175,0.974065125964976,14441.416893732969,2936.0,-99.22624754083957,19.5123040040772,0.11894595090052766
Naucalpan de Juárez,Norte,123.450073099465,0.964345682860509,18088.737201365188,2344.0,-99.22893638381676,19.50866738532284,0.12588343394812637
Naucalpan de Juárez,Norte,126.037678793974,0.984559088310943,465934.065934066,91.0,-99.23398702682454,19.51000938051161,0.062301673127440456
Naucalpan de Juárez,Norte,124.497090954977,0.972524593763441,12304.120719674986,3446.0,-99.22363544978768,19.49299480994221,0.11524088593236198
Naucalpan de Juárez,Norte,123.784903171884,0.966961249840119,19878.10595405532,2133.0,-99.23263341243631,19.489453308745603,0.13294810674182353
Naucalpan de Juárez,Norte,123.666884273328,0.966039330456349,16478.818499805675,2573.0,-99.22973432530564,19.485604596990125,0.07609409110578313
Naucalpan de Juárez,Norte,120.389334093727,0.94043633738634,6043.32953249715,7016.0,-99.26620529934874,19.505202153036603,0.12272953523293288
Naucalpan de Juárez,Norte,118.729084965077,0.92746709371164,11957.134799774394,3546.0,-99.27864732781386,19.48994742763246,0.16384069963304526
Naucalpan de Juárez,Norte,120.281941924184,0.939597430025081,8911.307271963009,4758.0,-99.28339730061238,19.501795558444083,0.15550920138109506
Naucalpan de Juárez,Norte,119.377423515732,0.932531671371738,4701.707695719671,9018.0,-99.27569220316812,19.49677373937936,0.1910386670299149
Naucalpan de Juárez,Norte,124.525959850702,0.972750106752317,11509.229098805645,3684.0,-99.2648056161924,19.492983273609035,0.1538822963257058
Naucalpan de Juárez,Norte,117.767832773374,0.919958152016145,10810.810810810812,3922.0,-99.28709192574898,19.48857859261299,0.13197541303425075
Naucalpan de Juárez,Norte,125.143711375847,0.977575750037872,38510.445049954586,1101.0,-99.27555547576311,19.52537232717705,0.17238381214712345
Naucalpan de Juárez,Norte,125.584547033081,0.981019392898761,30881.281864530225,1373.0,-99.27265895566794,19.51303965868421,0.23491202902969907
Naucalpan de Juárez,Norte,121.512429004064,0.949209533716117,47694.03824521935,889.0,-99.275432717255,19.510187911825803,0.18264585806944034
Naucalpan de Juárez,Norte,124.938532746668,0.975972971519433,8640.717342571837,4907.0,-99.26839429352977,19.509358837106884,0.23838371136600697
Naucalpan de Juárez,Norte,117.775301296015,0.920016493314658,6787.257883784216,6247.0,-99.27771573619393,19.506705908351496,0.10530843949338334
Naucalpan de Juárez,Norte,119.19663005274,0.931119380628211,95067.26457399102,446.0,-99.28560142159488,19.503907626727862,0.2106261341360334
Naucalpan de Juárez,Norte,120.114487727166,0.938289340625719,13320.76657241596,3183.0,-99.27477384554804,19.50155312643016,0.14064802501833631
Naucalpan de Juárez,Norte,118.228576529677,0.923557309482319,10497.6479326566,4039.0,-99.28345885692823,19.493557791776905,0.16107577446504018
Naucalpan de Juárez,Norte,126.03015609075,0.984500323774032,20009.43841434639,2119.0,-99.27809066220014,19.51684388457292,0.16169493130580392
Naucalpan de Juárez,Norte,125.167515186973,0.97776169648504,30769.23076923077,1378.0,-99.26700877815668,19.49658524003472,0.1487380432958334
Naucalpan de Juárez,Norte,118.761819414332,0.927722802955284,8313.725490196077,5100.0,-99.27429661294944,19.491900486399125,0.07884551539116456
Naucalpan de Juárez,Norte,121.190268399053,0.946692935865417,17131.31313131313,2475.0,-99.27118338412583,19.48703741130732,0.11231621372839004
Naucalpan de Juárez,Norte,124.611623562613,0.973419279549747,21000.495294700348,2019.0,-99.22971069110488,19.43457308244344,0.1175641311782096
Naucalpan de Juárez,Norte,123.269176741518,0.962932588340182,29608.93854748604,1432.0,-99.23368746015792,19.44365204263891,0.264715633271065
Nezahualcóyotl,Centro,119.693295280736,0.934999143162327,10386.27985254047,6239.0,-98.99917678057555,19.37853373211659,0.057700449497183025
Nezahualcóyotl,Centro,120.219115983915,0.939106657336584,15905.743740795286,4074.0,-99.00524345291574,19.38197335381748,0.04835004616480059
Nezahualcóyotl,Centro,123.808346216952,0.967144378118108,13822.525597269623,4688.0,-99.05399429269362,19.4668869845391,0.08293979478268973
Nezahualcóyotl,Centro,123.159922870957,0.962079138068614,16522.18255991841,3922.0,-99.05125630289892,19.46246920397649,0.07872553647546274
Nezahualcóyotl,Centro,123.828107392504,0.967298745011974,12214.891611687088,5305.0,-99.04221699967022,19.474278220435504,0.17848547838124995
Nezahualcóyotl,Centro,121.234613904045,0.947039346322862,8904.768448536484,7277.0,-99.0316150543543,19.39374716179911,0.050752712727613
Nezahualcóyotl,Centro,119.18150354659,0.93100121803392,12335.808109651627,5253.0,-99.03810772192097,19.431774273337936,0.05157277426203262
Nezahualcóyotl,Centro,120.186783590666,0.938854088803708,9890.10989010989,6552.0,-99.0357609489485,19.43114960685193,0.058054302833918874
Nezahualcóyotl,Centro,119.960986709242,0.937090248229641,8293.869192371687,7813.0,-99.05373514612717,19.406352459402303,0.05189433764041227
Nezahualcóyotl,Centro,120.695038337807,0.942824384315837,13019.89150090416,4977.0,-99.04904173158792,19.40151516358651,0.05140102299889551
Nezahualcóyotl,Centro,119.074641547549,0.930166452165827,8712.019360043021,7438.0,-99.00154704244731,19.37917284279204,0.05351511491315822
Nezahualcóyotl,Centro,121.544039704274,0.94945646465357,6879.711221998089,9419.0,-99.0187288846672,19.385372050070814,0.04808258310821957
Nezahualcóyotl,Centro,120.253122325004,0.939372302122332,9451.575262543756,6856.0,-99.01321449828592,19.38325559816329,0.051804880447213666
Nezahualcóyotl,Centro,119.864008271813,0.93633268903897,7530.505520046485,8605.0,-99.00315224265908,19.381377661038307,0.04929439101665599
Nezahualcóyotl,Centro,116.780994474686,0.912249341246508,14784.394250513347,4383.0,-98.971515355944,19.38897005765084,0.09230816624219923
Nezahualcóyotl,Centro,119.314636669629,0.932041204072203,13875.802997858673,4670.0,-99.05335965594398,19.413311812902705,0.04875022143070169
Nezahualcóyotl,Centro,120.386508441503,0.940414264450661,7656.859269762496,8463.0,-98.99586274303356,19.413775274988648,0.06516316994224866
Nezahualcóyotl,Centro,120.139754010272,0.938486711355634,8819.926500612495,7347.0,-98.99562069145956,19.376443402239985,0.05393703988948148
Nezahualcóyotl,Centro,120.518809473447,0.941447750505303,14301.478702273227,4531.0,-99.0609339903037,19.484404022613337,0.057169153913574966
Nezahualcóyotl,Centro,119.974012146985,0.937191998065337,8159.153865525057,7942.0,-99.02426565782632,19.418100162210983,0.04975604559419416
Nezahualcóyotl,Centro,119.186770700783,0.931042363067535,10473.573622110878,6187.0,-98.9917496627237,19.374541991529096,0.04940971430526843
Nezahualcóyotl,Centro,120.859084825171,0.944105853965111,9667.31314336864,6703.0,-99.04296538701163,19.397702084815023,0.04821692187542489
Nezahualcóyotl,Centro,120.536425166257,0.941585357692454,16572.89002557545,3910.0,-99.05254823781446,19.45745772980236,0.09563640146058511
Nezahualcóyotl,Centro,119.612437114347,0.934367509484647,15614.4578313253,4150.0,-99.06464291908496,19.485098943105985,0.051386120864284866
Nezahualcóyotl,Centro,120.644269897406,0.942427800295293,13432.83582089552,4824.0,-99.051958817283,19.40180714297204,0.05253767527182659
Nezahualcóyotl,Centro,120.743635140782,0.943204004319072,13281.41012502562,4879.0,-98.97099985518356,19.37398535732061,0.048960823217310406
Nezahualcóyotl,Centro,120.88229682155,0.944287177377376,9693.343305908753,6685.0,-99.054262672634,19.41051036001016,0.050494685593779315
Nezahualcóyotl,Centro,118.911860693516,0.928894869169576,12791.156731148836,5066.0,-99.05279682796495,19.42582208751286,0.05975525585625153
Nezahualcóyotl,Centro,120.572445697981,0.941866736580212,9432.31441048035,6870.0,-99.0345674613564,19.39491582144671,0.055206917787726954
Nezahualcóyotl,Centro,119.943456624223,0.936953309778457,10058.98789195902,6442.0,-99.00849096586435,19.38428961966397,0.06735682101601519
Nezahualcóyotl,Centro,120.008319455498,0.937459993895754,13455.14950166113,4816.0,-99.04402336981128,19.433424681781805,0.06093463759856643
Nezahualcóyotl,Centro,121.357129013372,0.947996388419298,9614.243323442137,6740.0,-99.03711110177083,19.396224787850954,0.05851823392681436
Nezahualcóyotl,Centro,120.869194426797,0.944184826382371,7303.877366997295,8872.0,-99.02820738425956,19.39236376668454,0.052994595666203514
Nezahualcóyotl,Centro,119.916476352488,0.936742550012049,13519.716252868766,4793.0,-99.00682057812466,19.38267541747812,0.05403239740042221
Nezahualcóyotl,Centro,119.599671836836,0.934267791923131,10867.013248364916,5963.0,-98.99369856682722,19.375302937151663,0.05211268134983116
Nezahualcóyotl,Centro,120.429311202826,0.940748623573015,10121.836925960635,6402.0,-98.99014249950427,19.37288483305173,0.05111341795027428
Nezahualcóyotl,Centro,122.245252297424,0.954934074508257,17603.911980440098,3681.0,-99.06374736725564,19.49564871542353,0.05309374385314173
Nezahualcóyotl,Centro,119.471503576795,0.93326658953299,22153.84615384616,2925.0,-99.04928952508,19.450191975139365,0.1452968232718829
Nezahualcóyotl,Centro,120.335090490619,0.940012606697759,6548.762001010612,9895.0,-99.00363401657243,19.41539172730736,0.0661224758611748
Nezahualcóyotl,Centro,117.002477408274,0.913979482877621,25194.40124416796,2572.0,-99.04634854327094,19.455740444937,0.06659942357462224
Nezahualcóyotl,Centro,120.601129734411,0.942090805517581,9794.437726723096,6616.0,-99.0197738253653,19.409226939716824,0.05401611199996963
Nezahualcóyotl,Centro,120.588646246075,0.941993289187444,10600.359888761655,6113.0,-99.02175638772056,19.410054495970165,0.052549634388243366
Nezahualcóyotl,Centro,120.561169119064,0.941778648173915,6798.153587914393,9532.0,-99.00763248356007,19.40404406239441,0.0627588120409589
Nezahualcóyotl,Centro,119.224047038193,0.931333551838439,13027.744270205068,4974.0,-99.04006753108386,19.432309901486303,0.05157939022920728
Nezahualcóyotl,Centro,119.262257000024,0.931632033733257,8850.040972411909,7322.0,-99.0328694317645,19.431060443345533,0.05288691848358151
Nezahualcóyotl,Centro,120.360764152063,0.940213159714502,11226.611226611229,5772.0,-99.03957535710984,19.422557557962804,0.057824158447318794
Nezahualcóyotl,Centro,120.476645164066,0.941118378730131,15443.27931363203,4196.0,-99.0343680579214,19.42195538871017,0.07718602265608529
Nezahualcóyotl,Centro,120.944914436911,0.944776322709802,10717.82997022825,6046.0,-99.03129393880312,19.419169256661306,0.04826421169777821
Nezahualcóyotl,Centro,120.750036321127,0.943254007939773,6277.85312923852,10322.0,-99.00611624540788,19.411205039264047,0.047318895320605785
Nezahualcóyotl,Centro,120.498664748187,0.941290387464933,7741.935483870968,8370.0,-98.99810407514548,19.40995055815189,0.04997674767597411
Nezahualcóyotl,Centro,117.389924390686,0.917006073429135,8892.548373816386,7287.0,-98.99258206018,19.407275822723857,0.05767665213174927
Nezahualcóyotl,Centro,120.948049337434,0.944800811377244,11863.786158916148,5462.0,-99.0324892555766,19.41628515776173,0.05280285530207988
Nezahualcóyotl,Centro,120.255172855543,0.939388320098046,7844.0866723157,8261.0,-99.02446598003036,19.414892827330004,0.0453610643316936
Nezahualcóyotl,Centro,120.564516905132,0.941804799823414,6857.142857142858,9450.0,-99.0103867579473,19.40832523979133,0.04699822628283747
Nezahualcóyotl,Centro,120.634044824244,0.942347925857691,7027.437371217872,9221.0,-99.00022169568282,19.406012263685703,0.04694435631436157
Nezahualcóyotl,Centro,121.278251870691,0.947380229756033,7113.843451531453,9109.0,-99.0371872553409,19.413864090939,0.04671884905879257
Nezahualcóyotl,Centro,121.404829482397,0.948369006597806,8283.267288763902,7823.0,-99.03214329612648,19.41091372281723,0.057290732053977195
Nezahualcóyotl,Centro,121.115045804008,0.946105325157996,9981.5157116451,6492.0,-99.03737455905704,19.410230453238505,0.06870290491106064
Nezahualcóyotl,Centro,120.949059888293,0.944808705421646,8952.749378281293,7238.0,-99.0312785535327,19.403860698098608,0.04982576732018872
Nezahualcóyotl,Centro,120.850450088613,0.944038402640756,8515.111695137977,7610.0,-99.02886096928144,19.408408888460084,0.055194131420697394
Nezahualcóyotl,Centro,119.84060312623,0.936149856817544,6195.028680688337,10460.0,-99.01273220685428,19.402738638277462,0.05059297036519417
Nezahualcóyotl,Centro,120.282252029244,0.939599852449534,8884.014258294488,7294.0,-99.00228924733806,19.40215059810592,0.051881089186887414
Nezahualcóyotl,Centro,120.037725950897,0.937689706411702,8873.065863343832,7303.0,-98.99656070540796,19.399365166669607,0.058569701482572234
Nezahualcóyotl,Centro,120.548626008414,0.941680666096617,10751.617720258835,6027.0,-98.99164306897788,19.396965254842723,0.05044918938386915
Nezahualcóyotl,Centro,120.381628793227,0.940376146467974,10534.872378475044,6151.0,-98.98767421889325,19.39429384873677,0.057590765575225605
Nezahualcóyotl,Centro,120.350219642642,0.940130789960618,9558.931995869598,6779.0,-98.98426922591048,19.39314751812737,0.04861623608950335
Nezahualcóyotl,Centro,120.187232786584,0.938857597753791,9677.41935483871,6696.0,-98.98187348131096,19.39193486550988,0.047116414803056776
Nezahualcóyotl,Centro,121.159973393342,0.946456282640062,6798.153587914393,9532.0,-99.00459315963911,19.398310704306205,0.0465665834212756
Nezahualcóyotl,Centro,119.891316726291,0.936546012445914,7559.496033597759,8572.0,-98.99258182833978,19.392287520592543,0.04629637941326401
Nezahualcóyotl,Centro,119.459279127105,0.933171096715628,12207.987942727956,5308.0,-99.04875656072748,19.410340244907097,0.054041665696038126
Nezahualcóyotl,Centro,119.92683465891,0.936823465217916,9391.304347826086,6900.0,-99.04451745820542,19.407185069262468,0.054229946668264604
Nezahualcóyotl,Centro,120.208882400801,0.93902671642243,13067.15063520871,4959.0,-99.02932763454172,19.40180004004368,0.050334333418242436
Nezahualcóyotl,Centro,120.343749050138,0.940080244118157,10521.188504627376,6159.0,-99.02634031064706,19.40133836701278,0.04931782397893789
Nezahualcóyotl,Centro,119.193309891228,0.931093444771393,10379.625180201829,6243.0,-99.0211356090937,19.39994176759451,0.046387651625693284
Nezahualcóyotl,Centro,120.989493458543,0.945124557311678,7542.777325107671,8591.0,-99.01834599921436,19.39756261536267,0.05571310478421715
Nezahualcóyotl,Centro,120.456278091955,0.940959278799531,8113.1839238763,7987.0,-99.01266420239644,19.39737106495168,0.04742275458294165
Nezahualcóyotl,Centro,120.739080240754,0.94316842314794,10121.836925960635,6402.0,-99.00846878079668,19.393856548035505,0.05259324486361106
Nezahualcóyotl,Centro,120.351370475191,0.940139779832979,12026.72605790646,5388.0,-98.99954981191216,19.389396190576225,0.050492791539453144
Nezahualcóyotl,Centro,123.397754956445,0.963936993144173,8545.430568376632,7583.0,-99.0350595353123,19.48415028403469,0.0629778321388762
Nezahualcóyotl,Centro,121.355757660837,0.947985675927493,4658.184170800087,13911.0,-99.03825267266836,19.47954692617804,0.05592718063298724
Nezahualcóyotl,Centro,123.208925309415,0.962461926744155,26266.720713417108,2467.0,-99.04733315389248,19.4898944446304,0.07765329321467129
Nezahualcóyotl,Centro,121.283334614251,0.947419934242927,9436.435124508518,6867.0,-98.98531381469564,19.401234381658604,0.11984177146392694
Nezahualcóyotl,Centro,119.751093199762,0.935450638834148,15308.291991495393,4233.0,-99.04773667456666,19.4241166684134,0.05963733679703394
Nezahualcóyotl,Centro,118.966399742697,0.929320907772107,12509.652509652513,5180.0,-99.05087519970434,19.417119412714943,0.05245806922364701
Nezahualcóyotl,Centro,119.253105352647,0.931560544495398,8637.696614236203,7502.0,-99.04504698468612,19.41505847003977,0.05163784575286101
Nezahualcóyotl,Centro,120.841308728192,0.943966993760744,12305.35510824155,5266.0,-99.03562149149911,19.40362180451552,0.05684370081203441
Nezahualcóyotl,Centro,120.504996628955,0.941339849743329,11352.487736510162,5708.0,-99.044979390985,19.42374397431879,0.05440088189033249
Nezahualcóyotl,Centro,123.53860820426,0.965037285902508,22492.19021173204,2881.0,-99.0402647220032,19.48672338020761,0.06498014428686245
Nezahualcóyotl,Centro,120.315167549604,0.939856976152754,7157.057654075546,9054.0,-99.041992134797,19.41389169534364,0.0496358439010003
Nezahualcóyotl,Centro,121.017551251569,0.945343734270392,9458.473215588963,6851.0,-98.98689965701423,19.38833601850817,0.04763750032775922
Nezahualcóyotl,Centro,119.941280257048,0.936936308814123,17381.974248927036,3728.0,-98.97470360069184,19.3926565071129,0.08376147673549653
Nezahualcóyotl,Centro,118.239377830736,0.923641685196193,20454.545454545456,3168.0,-98.97445277813404,19.38373283355717,0.05783724990779466
Nezahualcóyotl,Centro,120.596108274602,0.942051579756378,9648.600357355568,6716.0,-99.05466928785904,19.48329849233509,0.05370344790272793
Nezahualcóyotl,Centro,121.27367516704,0.947344478263171,9057.86972323176,7154.0,-99.0155901093066,19.4070000342328,0.05664441881299571
Nezahualcóyotl,Centro,120.446218050578,0.940880693528355,12693.437806072478,5105.0,-99.02984812563167,19.422435573716083,0.0494621664561338
Nezahualcóyotl,Centro,120.215501238955,0.939078420304321,12776.02523659306,5072.0,-98.98261457654706,19.378862739411662,0.05099266867357373
Nezahualcóyotl,Centro,120.043221057617,0.937732632124985,13300.492610837438,4872.0,-99.04377538536416,19.400267458920773,0.05192663601268138
Nezahualcóyotl,Centro,119.682587688441,0.93491549946618,6772.57525083612,9568.0,-98.98300206385431,19.38320673996847,0.04713144345066689
Nezahualcóyotl,Centro,118.645327503168,0.926812811824469,11907.386990077175,5442.0,-98.97721201676892,19.380482035926804,0.04596262414234061
Nezahualcóyotl,Centro,124.533469663329,0.972808770592719,16159.600997506235,4010.0,-99.05000121883448,19.47571275544842,0.07453226912421677
Nezahualcóyotl,Centro,119.641667775303,0.934595848447857,17170.111287758347,3774.0,-99.03931143299366,19.468656683259464,0.07303937760388012
Nezahualcóyotl,Centro,120.635533448644,0.942359554433338,7612.781954887218,8512.0,-99.01532424285836,19.417401633044623,0.047089095184543524
Nezahualcóyotl,Centro,120.712547119781,0.942961156355618,7113.062568605928,9110.0,-99.01117276507364,19.415422708422955,0.054155774621342155
Nezahualcóyotl,Centro,120.356172911244,0.940177294662727,13138.68613138686,4932.0,-99.04242867831326,19.423149517010327,0.05308853500532735
Nezahualcóyotl,Centro,120.406634084795,0.94057147842985,9325.082745718808,6949.0,-99.04616935189104,19.43447931535065,0.05952177847234984
Nezahualcóyotl,Centro,120.119663710994,0.938329773470625,9292.98723648358,6973.0,-99.04891212721049,19.434639259667804,0.09751700079074499
Nezahualcóyotl,Centro,120.37664208967,0.94033719220958,11749.773345421578,5515.0,-99.04202562766524,19.43283120643927,0.056520017143251215
Nezahualcóyotl,Centro,120.436576001168,0.940805373453694,8368.849283223557,7743.0,-99.02164087659465,19.420838899128107,0.05515098427922806
Nezahualcóyotl,Centro,120.639466122035,0.942390275003291,14145.383104125736,4581.0,-98.99381049960176,19.385215346328447,0.050397143333455685
Nezahualcóyotl,Centro,121.155519135336,0.946421487646668,12237.960339943344,5295.0,-98.9912068694194,19.385291438317925,0.05171108818740595
Nezahualcóyotl,Centro,119.801454680585,0.935844043839063,9992.289899768695,6485.0,-99.04694492091606,19.40053252103034,0.052500748554214056
Nezahualcóyotl,Centro,120.808324734129,0.94370933516663,11507.725093233885,5631.0,-99.03957284120916,19.397228280545,0.05347225732703183
Nezahualcóyotl,Centro,120.353671081027,0.940157751303151,8313.021167415009,7795.0,-99.04516225657213,19.45560709287236,0.08427710760791912
Nezahualcóyotl,Centro,118.878138320516,0.928631442636067,6439.431581039451,10063.0,-98.97127221501736,19.37846006633215,0.06896151463858614
Nezahualcóyotl,Centro,124.556110755975,0.972985634319084,7223.274997213243,8971.0,-99.04618624007313,19.46546097694237,0.07517377147054077
Nezahualcóyotl,Centro,120.195448797201,0.938921778148094,31289.2322549493,2071.0,-98.9794081763272,19.3888521760248,0.06321187213074157
Nezahualcóyotl,Centro,123.543154693995,0.96507280137559,24071.322436849925,2692.0,-99.05632406666749,19.48928812479285,0.06593701218873532
Nezahualcóyotl,Centro,119.962150578131,0.937099339936999,11686.20378719567,5545.0,-99.04794693969605,19.416065837548395,0.06468548040163599
Nezahualcóyotl,Centro,120.619974798823,0.942238016094724,9409.031508639466,6887.0,-99.05408885862808,19.41871653563404,0.05279111040761063
Nezahualcóyotl,Centro,122.513222837359,0.9570273598894,11918.337318374102,5437.0,-99.05951138346552,19.49170189347961,0.051189132107940384
Nezahualcóyotl,Centro,123.31443497065,0.96328612865637,16826.798234224876,3851.0,-99.04380246527543,19.487473742562976,0.06482149742876026
Nezahualcóyotl,Centro,119.479366405199,0.933328011000283,8590.746387379026,7543.0,-99.02601068368747,19.41137890926977,0.05166808988194028
Nezahualcóyotl,Centro,120.862334965336,0.944131242841426,7639.707616128272,8482.0,-98.99825044264068,19.395245512891098,0.06290079592325605
Nezahualcóyotl,Centro,117.51641410509,0.917994163650135,13064.516129032258,4960.0,-98.98726426435798,19.42481538412531,0.07113188328139453
Nezahualcóyotl,Centro,118.499479330794,0.925673500588347,10177.477618972827,6367.0,-99.05550700465685,19.402510652160853,0.043123567651057
Nezahualcóyotl,Centro,120.688565286602,0.942773819266926,15517.241379310346,4176.0,-99.00511235395196,19.392764465610973,0.07167388430795095
Nezahualcóyotl,Centro,120.590440179876,0.942007302725656,16923.47871506921,3829.0,-99.00212959138275,19.390971361769928,0.06583495634229948
Nezahualcóyotl,Centro,120.742140236013,0.943192326683536,21357.943309162823,3034.0,-99.06144680852404,19.47939795933714,0.05032972597664922
Nezahualcóyotl,Centro,120.811669676941,0.943735464605675,9594.314480307963,6754.0,-99.02394998296283,19.39903134701376,0.0516124425682946
Nezahualcóyotl,Centro,120.360629934868,0.940212111260097,12125.748502994013,5344.0,-99.0498347148076,19.42569852371181,0.0544686221344064
Nezahualcóyotl,Centro,121.185138863057,0.946652865853563,8841.58821121572,7329.0,-99.01777895828344,19.40800542249381,0.053683594511336814
Nezahualcóyotl,Centro,117.591301481588,0.918579155755956,10275.92768791627,6306.0,-98.99026505533378,19.41102678015164,0.07468102989981355
Nezahualcóyotl,Centro,120.511629304648,0.941391661718884,13149.35064935065,4928.0,-99.03696227112096,19.42174042097889,0.06350355419396926
Nezahualcóyotl,Centro,120.07888688651,0.93801124020722,9869.022235759974,6566.0,-98.9944890530077,19.40324174754336,0.06368187071202223
Nezahualcóyotl,Centro,119.850011293457,0.936223349892286,11211.07266435986,5780.0,-98.990091697645,19.4025832149342,0.05225308142575528
Nezahualcóyotl,Centro,121.107410705031,0.946045682627605,13790.168120876784,4699.0,-98.997446378011,19.38807939738999,0.04677063080776781
Nezahualcóyotl,Centro,120.679896717831,0.942706103658007,14757.458437713503,4391.0,-98.99550999092936,19.38707107776364,0.046490553665594285
Nezahualcóyotl,Centro,120.696714431547,0.942837477331675,11631.663974151856,5571.0,-98.98881421019549,19.38348367915573,0.046221174959189405
Nezahualcóyotl,Centro,119.952336695995,0.937022677569515,13311.421528348395,4868.0,-98.98131713087758,19.376264894045228,0.049168587485516065
Nezahualcóyotl,Centro,120.847339497443,0.944014103868869,12085.042894442371,5362.0,-98.97644098020412,19.375792155669853,0.04924909352538252
Nezahualcóyotl,Centro,121.35168887023,0.947953892060881,20250.0,3200.0,-99.04955455357396,19.407562921683247,0.052203006071018916
Nezahualcóyotl,Centro,120.8324163737,0.943897530021681,7100.591715976331,9126.0,-99.01462542904424,19.39325294265188,0.05335230931201489
Nezahualcóyotl,Centro,120.472109419973,0.941082947197974,8845.208845208845,7326.0,-99.0166663379252,19.389329424964977,0.05052091214669507
Nezahualcóyotl,Centro,118.853353348693,0.928437831729434,12305.35510824155,5266.0,-99.01023596309469,19.388149567478568,0.05014855518152153
Nezahualcóyotl,Centro,120.509918371718,0.94137829655236,11143.59415305245,5815.0,-98.99755896277118,19.37736818155327,0.053299931075859716
Nezahualcóyotl,Centro,120.954519566696,0.944851354382192,8115.216030056356,7985.0,-99.02249250198916,19.389638590767245,0.05441023242143898
Nezahualcóyotl,Centro,120.767340894686,0.94338918477999,9884.075655887737,6556.0,-99.02544384670068,19.390638448830888,0.046704154894575786
Nezahualcóyotl,Centro,119.893824425042,0.936565601648289,9337.175792507203,6940.0,-98.9880565371784,19.37197819433422,0.053776199244753416
Nezahualcóyotl,Centro,120.850761084579,0.944040832024636,10531.44807411019,6153.0,-98.980696789219,19.371935821371466,0.05306707606534927
Nezahualcóyotl,Centro,120.939234903404,0.944731956323614,15828.041035661943,4094.0,-98.97552657787762,19.37247444639152,0.05365176374913269
Nezahualcóyotl,Centro,119.633585107257,0.934532709675719,10379.625180201829,6243.0,-99.04346331455967,19.460538481298265,0.06210120965856649
Nezahualcóyotl,Centro,120.084573979443,0.938055665644814,14506.3801208865,4467.0,-99.03390669168851,19.47763591028678,0.11542071361865403
Nezahualcóyotl,Centro,123.996139540672,0.968611349149005,25145.518044237488,2577.0,-99.05108393213426,19.49172150003573,0.09444723886839851
Nezahualcóyotl,Centro,123.737017465862,0.966587184659645,25562.13017751479,2535.0,-99.05236084362652,19.48823577008012,0.059723713269605905
Nezahualcóyotl,Centro,124.468001190747,0.972297355432624,16778.871051268772,3862.0,-99.05156093730436,19.471323944243004,0.07834898196339343
Nezahualcóyotl,Centro,120.525144072212,0.941497234015669,11487.324942386102,5641.0,-98.9849821089692,19.37170350754921,0.06127386261701173
Nezahualcóyotl,Centro,114.435337893303,0.893925951547844,105024.31118314424,617.0,-99.03955391852664,19.4625738295527,0.12747105844541443
Nezahualcóyotl,Centro,120.01073830263,0.937478889022586,17349.397590361445,3735.0,-99.05809005837598,19.48345750177742,0.05133847224702911
Nezahualcóyotl,Centro,124.283787240444,0.970858345124756,12778.544665746402,5071.0,-99.0451937946478,19.47017355821555,0.0775528851663654
Nezahualcóyotl,Centro,122.943373375517,0.9603875346065,13679.544015199494,4737.0,-99.04224232628684,19.470734647832508,0.07576332533577693
Nezahualcóyotl,Centro,121.007102673669,0.945262113897582,8733.153638814016,7420.0,-99.04653309305816,19.481476074552607,0.04695800734707212
Nezahualcóyotl,Centro,120.326341961465,0.939944266468314,11855.10428100988,5466.0,-99.0497368024256,19.459121203352,0.05944621620049418
Nezahualcóyotl,Centro,121.170481815503,0.9465383704938,8183.884819398839,7918.0,-99.03995295752404,19.40525387444728,0.05910563288177166
Nezahualcóyotl,Centro,120.807932744963,0.943706273094244,13688.212927756656,4734.0,-98.98678929483228,19.38064725275186,0.05091446485390305
Nezahualcóyotl,Centro,117.300505336266,0.916307565304105,14794.520547945203,4380.0,-99.03928952337787,19.46590041790653,0.1012202844743079
Nezahualcóyotl,Centro,119.793106066759,0.935778827598208,13734.633319203052,4718.0,-98.9763040760254,19.385991210229747,0.049137848886470145
Nezahualcóyotl,Centro,122.413486549525,0.95624825740544,12806.324110671938,5060.0,-99.0644666813475,19.489677486871297,0.07227757486865247
Nezahualcóyotl,Centro,121.018496497276,0.945351118175431,8218.135700697527,7885.0,-99.04323716057236,19.48054548178824,0.046251607172009435
Nezahualcóyotl,Centro,117.76447047613,0.919931887010784,15104.895104895106,4290.0,-98.98798452686188,19.419996142151938,0.18519898260507572
Nezahualcóyotl,Centro,122.115059390386,0.95391705633493,18701.298701298703,3465.0,-99.06173821897455,19.493941230269765,0.05562582472835852
Nezahualcóyotl,Centro,123.253644535669,0.962811256571961,19594.79891140006,3307.0,-99.05564004713668,19.49357056404475,0.07670484260977757
Nezahualcóyotl,Centro,120.312889311577,0.939839179411526,18325.791855203617,3536.0,-99.05586319464032,19.47830720248276,0.049965465448305026
Nezahualcóyotl,Centro,120.325606172981,0.939938518764567,11966.759002770084,5415.0,-99.0577301058136,19.47084373253625,0.07192045687614874
Nezahualcóyotl,Centro,120.758208744033,0.943317847843227,9851.01854667072,6578.0,-99.05067703115574,19.48216343195441,0.07706185374193766
Nezahualcóyotl,Centro,121.805338744021,0.951497634776759,38388.62559241706,1688.0,-99.04868518588182,19.486964489946445,0.06255939200114075
Nezahualcóyotl,Centro,120.403970508079,0.940550671567269,6993.308871141809,9266.0,-99.05790259303096,19.475575079046088,0.05471370358335209
Nezahualcóyotl,Centro,118.214765010419,0.923449419072569,10684.253915910964,6065.0,-99.02173729855576,19.42643641333624,0.14836569674933903
Tlalnepantla de Baz,Norte,124.312117243332,0.971079648484844,8611.599297012302,3414.0,-99.21098328020898,19.557733320012428,0.21492843290002875
Tlalnepantla de Baz,Norte,124.570221859535,0.973095864969065,7867.273213807867,3737.0,-99.24448560391616,19.523071519421723,0.09211754522691078
Tlalnepantla de Baz,Norte,121.12459246457,0.946179900090742,5340.599455040871,5505.0,-99.16009349736,19.53339331702677,0.08038782308534771
Tlalnepantla de Baz,Norte,122.066388010965,0.953536853768458,7792.207792207792,3773.0,-99.16793099670058,19.53140061823797,0.10645652826522187
Tlalnepantla de Baz,Norte,121.396578801006,0.948304555368411,4269.532384548359,6886.0,-99.16009978176255,19.529765326890992,0.08251079262645492
Tlalnepantla de Baz,Norte,122.364977900531,0.955869326028049,12384.161752316764,2374.0,-99.2417304010613,19.522578373716943,0.08533103949965538
Tlalnepantla de Baz,Norte,122.864656131544,0.959772625011992,6185.567010309279,4753.0,-99.19608999959576,19.513390938013007,0.14641426070164346
Tlalnepantla de Baz,Norte,122.808218377376,0.959331754438037,6849.953401677541,4292.0,-99.1749341839978,19.524348444689025,0.07050335035804971
Tlalnepantla de Baz,Norte,120.134928473469,0.938449016071486,20865.862313697657,1409.0,-99.18411808898628,19.511379612927588,0.11760584320584552
Tlalnepantla de Baz,Norte,121.73844119672,0.950975056220798,15580.286168521465,1887.0,-99.17651280207842,19.50938793028369,0.08398196977972502
Tlalnepantla de Baz,Norte,122.715627500483,0.958608469225137,7829.560585885487,3755.0,-99.2216480070257,19.549636751275155,0.12489840467293468
Tlalnepantla de Baz,Norte,125.473066032114,0.980148545119534,10440.340909090908,2816.0,-99.21445788707166,19.547137956123244,0.09495447226583285
Tlalnepantla de Baz,Norte,120.619418499523,0.942233670493176,3571.428571428571,8232.0,-99.15776649211796,19.539537610641773,0.13111635535797353
Tlalnepantla de Baz,Norte,122.568334176523,0.957457869006693,4478.976234003657,6564.0,-99.217090958204,19.510684304309272,0.06168577437974223
Tlalnepantla de Baz,Norte,122.666820949431,0.958227210748569,11212.814645308925,2622.0,-99.19461788804873,19.515046902132447,0.177715260133861
Tlalnepantla de Baz,Norte,119.519121178005,0.933638560379196,9614.12688031393,3058.0,-99.08906272840645,19.53537447044925,0.07953966252493802
Tlalnepantla de Baz,Norte,124.668577962773,0.973864185968473,6843.575418994413,4296.0,-99.10431610738424,19.524529863969875,0.1158651587516855
Tlalnepantla de Baz,Norte,123.127526476053,0.961826069578806,10698.689956331878,2748.0,-99.2011740341438,19.517047216518872,0.15002989710119946
Tlalnepantla de Baz,Norte,120.112734668065,0.938275646385342,11980.44009779951,2454.0,-99.0910456405587,19.53833010044572,0.0654631018008045
Tlalnepantla de Baz,Norte,125.165938391215,0.977749379147803,15806.451612903224,1860.0,-99.21508506018236,19.55501876220387,0.10570941396981184
Tlalnepantla de Baz,Norte,122.077033231095,0.953620010236639,6882.0224719101125,4272.0,-99.2146216763262,19.56471927313326,0.07800510444438788
Tlalnepantla de Baz,Norte,122.213770381728,0.954688149587139,16554.054054054053,1776.0,-99.16629891418192,19.515508841748343,0.24503387848661198
Tlalnepantla de Baz,Norte,120.368331099797,0.940272269872936,14504.19338924519,2027.0,-99.08932555054427,19.52204294946783,0.07152405387367224
Tlalnepantla de Baz,Norte,119.990105003303,0.937317709424797,4734.299516908213,6210.0,-99.09510781945636,19.513977353983584,0.07023243454310568
Tlalnepantla de Baz,Norte,124.447944344346,0.972140678868951,13757.60411792232,2137.0,-99.16030865564164,19.50605274979386,0.09052139270318878
Tlalnepantla de Baz,Norte,121.114006578223,0.946097207115826,8460.431654676258,3475.0,-99.15361301102293,19.54355252742775,0.065140743874358
Tlalnepantla de Baz,Norte,116.830048916985,0.912632536156552,2521.440823327616,11660.0,-99.09707647467069,19.55239707746404,0.13151496262766338
Tlalnepantla de Baz,Norte,119.869248199109,0.93637362138627,4658.53272064649,6311.0,-99.0946702690596,19.53360217681656,0.08500052235325016
Tlalnepantla de Baz,Norte,123.605878019701,0.965562772477594,4388.71473354232,6699.0,-99.2192365216422,19.542639832332576,0.07644387358630678
Tlalnepantla de Baz,Norte,118.08430813776,0.92243033889878,58333.333333333336,504.0,-99.09977712907796,19.55735206102129,0.2390294793769151
Tlalnepantla de Baz,Norte,120.562597493028,0.94178980609575,7716.535433070866,3810.0,-99.15951191490414,19.5468417916936,0.08177255966304306
Tlalnepantla de Baz,Norte,122.81567513789,0.959390003855221,13363.636363636364,2200.0,-99.1698734543825,19.53559466008493,0.14144308750261675
Tlalnepantla de Baz,Norte,123.212432059821,0.962489320163452,32096.06986899564,916.0,-99.2247871738254,19.53490758104883,0.12433378543142067
Tlalnepantla de Baz,Norte,122.183746399248,0.954453613493643,8371.29840546697,3512.0,-99.17972819320032,19.52914233715372,0.08203235577904823
Tlalnepantla de Baz,Norte,123.458054306823,0.964408029059799,9760.956175298805,3012.0,-99.17910738147576,19.544826143451107,0.06900329642502434
Tlalnepantla de Baz,Norte,117.249614252671,0.915910023240911,2257.197696737044,13025.0,-99.19840571318628,19.574674186720948,0.07052070876537822
Tlalnepantla de Baz,Norte,123.383856310757,0.963828422135422,4471.48288973384,6575.0,-99.17703938813486,19.53452161437872,0.11169866924078609
Tlalnepantla de Baz,Norte,124.51867698312,0.97269321572151,9432.146294513956,3117.0,-99.23332342581637,19.535256195777908,0.1084085004428089
Tlalnepantla de Baz,Norte,123.018091416671,0.960971203928112,10579.345088161208,2779.0,-99.23424011341646,19.52089439818216,0.07639380098302397
Tlalnepantla de Baz,Norte,125.459053140948,0.980039081667943,14916.28614916286,1971.0,-99.22656425758449,19.515117972895403,0.07371598882566989
Tlalnepantla de Baz,Norte,121.847682301039,0.951828406767264,9035.033804548248,3254.0,-99.18915136005596,19.51385151799671,0.15012526298653356
Tlalnepantla de Baz,Norte,120.207913585563,0.939019148401049,4351.043362438952,6757.0,-99.16920077242776,19.50944856029771,0.06485369713280663
Tlalnepantla de Baz,Norte,123.65808800326,0.96597061729278,7956.698240866035,3695.0,-99.16446911513025,19.50772984226392,0.0942851644879872
Tlalnepantla de Baz,Norte,118.553755556651,0.926097486113618,8072.487644151564,3642.0,-99.11472658524772,19.55121967074047,0.20234454988244743
Tlalnepantla de Baz,Norte,119.92789266817,0.936831729989554,5244.381020335355,5606.0,-99.09279751186746,19.51708593643897,0.09688014631495462
Tlalnepantla de Baz,Norte,123.245794922571,0.96274993833769,8048.17957842869,3653.0,-99.20249185804856,19.51566339118052,0.12759212440563977
Tlalnepantla de Baz,Norte,121.429334214346,0.948560428375624,4331.172657631114,6788.0,-99.18714119057788,19.510778195953485,0.08570423133348304
Tlalnepantla de Baz,Norte,118.7484145424,0.927618089121972,8477.50865051903,3468.0,-99.23171402584718,19.53891785310426,0.07189093361781301
Tlalnepantla de Baz,Norte,120.278942344239,0.939573998431254,25609.756097560978,1148.0,-99.17985396199455,19.509124550899863,0.07835021926775887
Tlalnepantla de Baz,Norte,119.539687689815,0.933799218257948,4272.6347914547305,6881.0,-99.22919375127672,19.542733307947422,0.06176045665303549
Tlalnepantla de Baz,Norte,118.842535194791,0.928353324367463,9268.60025220681,3172.0,-99.10593650646706,19.511982700182102,0.0979708513669138
Tlalnepantla de Baz,Norte,116.667266770449,0.911360943063754,41350.21097046413,711.0,-99.09862171433288,19.55837562954833,0.23677401659593048
Tlalnepantla de Baz,Norte,118.417907012993,0.925036288227621,8431.316317751649,3487.0,-99.11612719662604,19.545908223090883,0.08552940391504141
Tlalnepantla de Baz,Norte,119.808973678289,0.935902779429842,10308.555399719497,2852.0,-99.1136910671084,19.54757284530624,0.09888200869051368
Tlalnepantla de Baz,Norte,123.369412507183,0.963715592557675,18125.77065351418,1622.0,-99.16977056123211,19.55063104132925,0.1358157966329414
Tlalnepantla de Baz,Norte,120.234117474504,0.939223843356184,11094.33962264151,2650.0,-99.1196917528798,19.53271535515991,0.06989216829932067
Tlalnepantla de Baz,Norte,116.752699765395,0.912028313586768,189677.4193548387,155.0,-99.09876237411262,19.55928622595643,0.26646131897817626
Tlalnepantla de Baz,Norte,121.600042020494,0.949893933749549,8936.170212765957,3290.0,-99.17868774471336,19.55833278822369,0.10974258721356735
Tlalnepantla de Baz,Norte,123.240246831485,0.962706598730406,8672.566371681416,3390.0,-99.20507790619212,19.573551161452013,0.23403245455706806
Tlalnepantla de Baz,Norte,119.27501754641,0.931731714336994,7550.077041602465,3894.0,-99.19428348053547,19.578859277633924,0.09151547303658786
Tlalnepantla de Baz,Norte,120.794116312143,0.943598344301587,4857.898215465962,6052.0,-99.2077007748449,19.56389281860529,0.12205355879781227
Tlalnepantla de Baz,Norte,126.193401196282,0.985775533328915,61506.276150627615,478.0,-99.18254804510538,19.563278770676032,0.2891402722899503
Tlalnepantla de Baz,Norte,123.367386989184,0.963699769970547,20013.61470388019,1469.0,-99.21096623007256,19.524657079509733,0.08987092534546323
Tlalnepantla de Baz,Norte,123.687857288418,0.9662031637863,10929.368029739777,2690.0,-99.21634003784554,19.5521707468188,0.10811455823691643
Tlalnepantla de Baz,Norte,121.911757796835,0.952328940515012,6899.788781976062,4261.0,-99.19136834808349,19.54950347010859,0.07941545377854982
Tlalnepantla de Baz,Norte,121.92795884588,0.952455497035488,9872.39758226998,2978.0,-99.19038066829978,19.54359521287233,0.07091349004423277
Tlalnepantla de Baz,Norte,123.514129991207,0.964846071280359,8395.202741290692,3502.0,-99.18437368436612,19.544882837576413,0.09400336842452674
Tlalnepantla de Baz,Norte,121.602965753212,0.949916772853274,7577.3195876288655,3880.0,-99.1562930212222,19.544739646072674,0.07313331115642718
Tlalnepantla de Baz,Norte,122.574161745696,0.957503391791998,28739.00293255132,1023.0,-99.18793988346208,19.537531674149,0.07209179909882735
Tlalnepantla de Baz,Norte,123.494668232808,0.964694043321025,8246.844319775597,3565.0,-99.18037469996445,19.539398003068776,0.09705891138137197
Tlalnepantla de Baz,Norte,124.408007368492,0.971828706188132,14685.314685314685,2002.0,-99.2295770887442,19.53398704839844,0.10615009793687173
Tlalnepantla de Baz,Norte,124.942021885877,0.976000227366665,13303.16742081448,2210.0,-99.21674195174766,19.53817589476824,0.06908036529669329
Tlalnepantla de Baz,Norte,124.108179747088,0.969486565231521,24915.254237288136,1180.0,-99.21553042917508,19.5361440476128,0.0881823591131807
Tlalnepantla de Baz,Norte,125.035494335475,0.976730399094979,47495.96122778676,619.0,-99.22680536782892,19.53297210414619,0.10847299210557666
Tlalnepantla de Baz,Norte,124.383025090719,0.971633554001399,48675.49668874172,604.0,-99.22235962746372,19.531347952327817,0.0967427566499334
Tlalnepantla de Baz,Norte,124.915196093358,0.975790674333958,17223.198594024605,1707.0,-99.2147256651898,19.53087527848357,0.0837988954710483
Tlalnepantla de Baz,Norte,123.382323327315,0.963816447043575,7969.639468690702,3689.0,-99.1992446425296,19.53339612081524,0.06656765416209538
Tlalnepantla de Baz,Norte,124.60557769324,0.97337205148513,11011.23595505618,2670.0,-99.22458744046486,19.523832271077403,0.07711031812225541
Tlalnepantla de Baz,Norte,124.678676861967,0.973943074782345,13243.243243243243,2220.0,-99.189719363373,19.53145405868056,0.1736098831064803
Tlalnepantla de Baz,Norte,125.155376219257,0.977666871420802,25021.27659574468,1175.0,-99.21819214634765,19.525975045007183,0.11492199950101219
Tlalnepantla de Baz,Norte,123.600789214816,0.965523020641908,9453.37620578778,3110.0,-99.19270705751028,19.52870103618056,0.06902855763644873
Tlalnepantla de Baz,Norte,124.431165130232,0.972009605939734,5157.894736842105,5700.0,-99.18663795951204,19.5231914992233,0.14385507328221556
Tlalnepantla de Baz,Norte,125.122685560765,0.977411504254179,11170.212765957447,2632.0,-99.2269822967978,19.519505065397247,0.07609945998111158
Tlalnepantla de Baz,Norte,123.77196633537,0.966860192124001,15840.51724137931,1856.0,-99.22157911388828,19.52089177292791,0.09984433261227475
Tlalnepantla de Baz,Norte,120.985238816107,0.945091321640264,13148.479427549197,2236.0,-99.21915216564926,19.522614530852984,0.09786335584382248
Tlalnepantla de Baz,Norte,124.527031619575,0.972758479008884,11793.020457280383,2493.0,-99.21489275771803,19.521104917328376,0.1081234083730583
Tlalnepantla de Baz,Norte,123.876092011391,0.967673582862658,13900.709219858156,2115.0,-99.19301460379432,19.52485045371808,0.07437404493315418
Tlalnepantla de Baz,Norte,124.960023225516,0.97614084708223,18047.882136279928,1629.0,-99.19021781250768,19.52400495554632,0.12337678407662396
Tlalnepantla de Baz,Norte,118.714289326019,0.927351515727015,16065.573770491805,1830.0,-99.09675948283927,19.540530662631728,0.11032550065549059
Tlalnepantla de Baz,Norte,120.85252163514,0.944054584785491,11081.79419525066,2653.0,-99.09504605748728,19.54001564208848,0.06965890186794585
Tlalnepantla de Baz,Norte,120.606417633891,0.942132112605597,7160.253287871407,4106.0,-99.1188115692316,19.54238881332497,0.07926398715295462
Tlalnepantla de Baz,Norte,118.466026598212,0.92541218038468,8990.825688073395,3270.0,-99.11301543466938,19.54048166555544,0.09801097065021681
Tlalnepantla de Baz,Norte,119.530169334174,0.933724864432628,6310.367031551835,4659.0,-99.1230526913671,19.539774849928385,0.08722641583136416
Tlalnepantla de Baz,Norte,119.070623539663,0.930135064994795,7123.818754543251,4127.0,-99.11853241244953,19.53886937818036,0.07515302316439476
Tlalnepantla de Baz,Norte,118.920240856772,0.928960331862752,8670.008846947803,3391.0,-99.09705936239874,19.536307600176148,0.0850832276669676
Tlalnepantla de Baz,Norte,118.885031079145,0.928685286282002,9262.759924385631,3174.0,-99.11021458419128,19.54453487376051,0.23367986611106306
Tlalnepantla de Baz,Norte,118.061605326029,0.92225299304607,23576.58380112269,1247.0,-99.18007263870288,19.572094468823952,0.31081536592668985
Tlalnepantla de Baz,Norte,118.832034555093,0.928271297307411,64615.38461538462,455.0,-99.16637066226669,19.560430028685914,0.2732828899877152
Tlalnepantla de Baz,Norte,122.988331791425,0.960738732894205,20000.0,1470.0,-99.20072212024286,19.55856618772667,0.1332713967431703
Tlalnepantla de Baz,Norte,120.684087553973,0.942738840898573,11685.214626391096,2516.0,-99.20127029520609,19.55639909986744,0.09474515808350423
Tlalnepantla de Baz,Norte,123.258691713833,0.962850683235315,2495.120088262752,11783.0,-99.17152482247388,19.54291597104879,0.13511849819464783
Tlalnepantla de Baz,Norte,119.722694120763,0.935228795877376,5946.601941747573,4944.0,-99.22485222774486,19.539953362753906,0.05862418713517147
Tlalnepantla de Baz,Norte,123.035367411639,0.961106157523085,9545.454545454546,3080.0,-99.19897740659545,19.51588887404856,0.12805977181860057
Tlalnepantla de Baz,Norte,123.794451022987,0.967035834072925,103521.12676056338,284.0,-99.20314536190264,19.547215651171584,0.036790295341522616
Tlalnepantla de Baz,Norte,123.824345302712,0.967269356977136,8146.300914380715,3609.0,-99.20630777550078,19.536438735921333,0.06702595088415474
Tlalnepantla de Baz,Norte,121.437037629478,0.948620604566201,4597.3416731821735,6395.0,-99.16604963706114,19.546513212868824,0.09025884124489425
Tlalnepantla de Baz,Norte,121.268871658605,0.947306955056375,7333.499625841856,4009.0,-99.2104759678468,19.52982585563947,0.05251858348471815
Tlalnepantla de Baz,Norte,121.716946743528,0.950807149611909,7978.290366350067,3685.0,-99.19602226091162,19.530992205352742,0.09345890586731714
Tlalnepantla de Baz,Norte,120.35124802472,0.940138823295814,5782.848151062156,5084.0,-99.16348746288804,19.539817944360323,0.26841111979312327
Tlalnepantla de Baz,Norte,120.667665594973,0.942610558712358,5105.0529605834345,5759.0,-99.1645684263552,19.53403348061428,0.11804649983501489
Tlalnepantla de Baz,Norte,120.844101069331,0.943988806482721,8249.158249158249,3564.0,-99.17149577269994,19.561936619397123,0.13180353278032458
Tlalnepantla de Baz,Norte,120.667492987347,0.942609210366303,7450.582868727825,3946.0,-99.17560561646656,19.561444304261844,0.10715785227512013
Tlalnepantla de Baz,Norte,123.777771787457,0.966905542138918,11990.21207177814,2452.0,-99.19022624489452,19.558689783767537,0.11213554110445269
Tlalnepantla de Baz,Norte,119.793018672707,0.935778144908638,21151.07913669065,1390.0,-99.19436309265616,19.55660433249537,0.042222746972851
Tlalnepantla de Baz,Norte,123.374301803147,0.963753785904483,20247.93388429752,1452.0,-99.16944299531684,19.55325581346405,0.1351424646754484
Tlalnepantla de Baz,Norte,119.450211301614,0.933100262262918,11238.532110091744,2616.0,-99.21920815300592,19.51756601708964,0.06444766620668493
Tlalnepantla de Baz,Norte,124.059805756372,0.969108685754103,21135.87347232207,1391.0,-99.21408369103432,19.524723921500403,0.0953834805514176
Tlalnepantla de Baz,Norte,121.600075153819,0.949894192574656,10451.475293281192,2813.0,-99.08384022859936,19.5291737565698,0.06870468339614183
Tlalnepantla de Baz,Norte,124.730087474278,0.97434467520907,6749.31129476584,4356.0,-99.21029448920166,19.573527405269854,0.054488311455961724
Tlalnepantla de Baz,Norte,117.449946702274,0.917474945221609,12049.180327868851,2440.0,-99.10030042006484,19.54296441028812,0.32409635344205945
Tlalnepantla de Baz,Norte,118.150052687391,0.922943910669266,11788.291900561348,2494.0,-99.18840442792347,19.56696824191082,0.294914257067709
Tlalnepantla de Baz,Norte,123.599913763097,0.965516181941335,10392.36479321315,2829.0,-99.17734586899,19.548211607661536,0.08719449128594593
Tlalnepantla de Baz,Norte,118.871068297156,0.928576214264522,7035.175879396985,4179.0,-99.10266147014116,19.51394107058326,0.0692349132895782
Tlalnepantla de Baz,Norte,123.39873186787,0.96394462440993,62420.38216560509,471.0,-99.17818478593853,19.53128633848177,0.09647323953298205
Tlalnepantla de Baz,Norte,120.510096418203,0.94137968738474,8966.148215919487,3279.0,-99.19244085621408,19.570032385221023,0.13112406408010696
Tlalnepantla de Baz,Norte,123.195754669044,0.962359042639964,23463.687150837988,1253.0,-99.17557183474752,19.546428744682814,0.09566496097446126
Tlalnepantla de Baz,Norte,118.486953256204,0.925575651590366,14073.719483006222,2089.0,-99.08997301762258,19.54222095850725,0.10313096006431227
Tlalnepantla de Baz,Norte,119.813610234459,0.935938998468146,11081.79419525066,2653.0,-99.161856056585,19.545696548405,0.07813116442034516
Tlalnepantla de Baz,Norte,119.40393381502,0.932738759889612,6020.888797870161,4883.0,-99.12063496620208,19.544396452654755,0.07995103652985541
Tlalnepantla de Baz,Norte,123.017479125562,0.960966420939547,10671.506352087114,2755.0,-99.1689488923655,19.544924448048416,0.11499394968340954
Tlalnepantla de Baz,Norte,124.414324031239,0.971878049589049,21745.562130177517,1352.0,-99.21803891822437,19.532970747463697,0.08616518303170519
Tlalnepantla de Baz,Norte,122.020454184227,0.953178035937088,9010.113392583513,3263.0,-99.19852483651044,19.53982312345569,0.051522212468551896
Tlalnepantla de Baz,Norte,120.236485328139,0.939242340140942,16351.50166852058,1798.0,-99.1916620102303,19.53799435281663,0.0610533141702259
Tlalnepantla de Baz,Norte,120.478320167499,0.941131463228901,17615.33852606351,1669.0,-99.18367149727416,19.51225656553813,0.141827822597881
Tlalnepantla de Baz,Norte,122.001061656613,0.953026548782686,11470.93250097542,2563.0,-99.22558061201931,19.51729105481552,0.0611338175749571
Tlalnepantla de Baz,Norte,120.78430704509,0.943521717985402,8911.791451955138,3299.0,-99.2221824684567,19.51567996263758,0.06105028489085619
Tlalnepantla de Baz,Norte,121.047705579708,0.945579288575303,38033.63518758085,773.0,-99.19502023067646,19.540793459634347,0.0610011095422982
Tlalnepantla de Baz,Norte,122.360553010997,0.955834760450142,8030.592734225621,3661.0,-99.19391762939662,19.574967927558788,0.08639076909444034
Tlalnepantla de Baz,Norte,119.747297127081,0.935420985337718,8917.197452229299,3297.0,-99.1882566578716,19.57236355498712,0.09829110319053218
Tlalnepantla de Baz,Norte,119.704062088257,0.935083249425611,8453.133985048878,3478.0,-99.18579329067326,19.57017488498715,0.11688300504902924
Tlalnepantla de Baz,Norte,120.889594596403,0.944344184858192,8037.17878622198,3658.0,-99.2041563270756,19.55828413590609,0.07367581876825126
Tlalnepantla de Baz,Norte,121.888459650636,0.952146944132653,7000.000000000001,4200.0,-99.18698414254492,19.55607146144092,0.08542435414821967
Tlalnepantla de Baz,Norte,125.049111341635,0.976836770041345,16065.573770491805,1830.0,-99.21633209630544,19.548474802881152,0.0993498219115454
Tlalnepantla de Baz,Norte,125.371437856105,0.979354663914522,14134.615384615385,2080.0,-99.21229049473766,19.549704683209708,0.10129071490587412
Tlalnepantla de Baz,Norte,123.724850083449,0.966492137630458,6300.900128589798,4666.0,-99.2309989709792,19.52706813193901,0.08671088974157316
Tlalnepantla de Baz,Norte,123.223667447573,0.962577086799807,27814.56953642384,1057.0,-99.17379651991877,19.528167136967703,0.07663242989170699
Tlalnepantla de Baz,Norte,124.456246887131,0.972205535220109,16657.22379603399,1765.0,-99.2276020331684,19.529597582847533,0.0958533742775031
Tlalnepantla de Baz,Norte,122.60687829557,0.957758961212388,22205.438066465256,1324.0,-99.22109044522132,19.52928934063464,0.081468086104337
Tlalnepantla de Baz,Norte,124.460692942073,0.972240266134242,16189.427312775331,1816.0,-99.21772128864384,19.529642909245563,0.08036676840812845
Tlalnepantla de Baz,Norte,122.354699989653,0.955789038842018,12574.850299401196,2338.0,-99.20577060670064,19.52827426372909,0.05991522252049861
Tlalnepantla de Baz,Norte,121.018392850936,0.945350308529086,16925.73402417962,1737.0,-99.20446437694702,19.52819719003912,0.053942957662630846
Tlalnepantla de Baz,Norte,123.891359313304,0.967792845300657,17753.6231884058,1656.0,-99.23718778285432,19.52417641401021,0.10823146123099807
Tlalnepantla de Baz,Norte,123.097576713499,0.961592113263543,14605.067064083458,2013.0,-99.2305388728605,19.52144716902427,0.06550257479687568
Tlalnepantla de Baz,Norte,119.518852763278,0.933636463623991,14418.83276115743,2039.0,-99.21570571261672,19.516922599356608,0.05623304322347159
Tlalnepantla de Baz,Norte,123.871500541489,0.967637716021375,9962.724500169434,2951.0,-99.19168969333788,19.520775571138607,0.07527904565673013
Tlalnepantla de Baz,Norte,123.287826712626,0.963078274921578,9895.658027600137,2971.0,-99.18772395729674,19.51898663790085,0.10072500041755891
Tlalnepantla de Baz,Norte,124.7228057732,0.974287793290556,12039.31203931204,2442.0,-99.18974611718882,19.516564199091142,0.11397741938302046
Tlalnepantla de Baz,Norte,124.349403559747,0.971370915207996,13267.148014440432,2216.0,-99.18637045768124,19.515922294633462,0.13238282793454573
Tlalnepantla de Baz,Norte,121.991646655532,0.952953002324444,6830.85501858736,4304.0,-99.17350935765816,19.519400989198825,0.09606863961187065
Tlalnepantla de Baz,Norte,119.438788229573,0.93301102950727,9213.412723284237,3191.0,-99.11656727648034,19.537016080360743,0.09325848207733653
Tlalnepantla de Baz,Norte,118.869785687755,0.928566195000802,5198.019801980197,5656.0,-99.09413074483632,19.54376436562992,0.09469695297168126
Tlalnepantla de Baz,Norte,118.720786851283,0.9274022719581,8153.078202995008,3606.0,-99.11447997746224,19.542384572894257,0.08200607892002108
Tlalnepantla de Baz,Norte,119.313965587935,0.932035961833636,6764.841233317993,4346.0,-99.12302787673536,19.536406381083783,0.09398470388156567
Tlalnepantla de Baz,Norte,120.080350653613,0.938022674606987,9339.263024142312,3148.0,-99.1222692405174,19.533655903401204,0.07572151209251105
Tlalnepantla de Baz,Norte,119.777857255109,0.93565970959921,7069.006972830007,4159.0,-99.1225659053063,19.529809522548263,0.07953912277623543
Tlalnepantla de Baz,Norte,118.885729225361,0.928690739938471,6530.430919591293,4502.0,-99.12374446792757,19.52728686258961,0.07792562532956986
Tlalnepantla de Baz,Norte,120.286854556801,0.939635805669065,4034.5821325648417,7287.0,-99.10509126997236,19.51947991981009,0.07101540834902227
Tlalnepantla de Baz,Norte,123.448669572642,0.964334719035224,11611.374407582938,2532.0,-99.17150450731552,19.551316619238648,0.12218373749030742
Tlalnepantla de Baz,Norte,123.768046084842,0.966829568596788,6963.524396020843,4222.0,-99.17434007642136,19.539790184086,0.11029502339081032
Tlalnepantla de Baz,Norte,121.658860559183,0.950353402119492,5902.429231078097,4981.0,-99.16548849464564,19.552421831713016,0.23433486337459827
Tlalnepantla de Baz,Norte,121.042886442927,0.945541643285727,3932.584269662921,7476.0,-99.1879899199671,19.57487278546388,0.13502723114460602
Tlalnepantla de Baz,Norte,121.864279749932,0.951958059814725,9915.682967959528,2965.0,-99.184070226113,19.55086298041425,0.07452794438987301
Tlalnepantla de Baz,Norte,121.696515938859,0.950647551826461,8270.042194092828,3555.0,-99.20323436209868,19.5212221527604,0.03735083102379298
Tlalnepantla de Baz,Norte,122.150794446484,0.954196205194135,10710.382513661203,2745.0,-99.17703503946434,19.518758161381463,0.0926832185582032
Tlalnepantla de Baz,Norte,120.107865008699,0.93823760643228,7882.037533512063,3730.0,-99.10754658632328,19.515266409848223,0.06454658368119436
Tlalnepantla de Baz,Norte,122.131092513752,0.954042301082966,5538.809344385832,5308.0,-99.17403953670257,19.512209218524088,0.08649072137588337
Tlalnepantla de Baz,Norte,121.533709683205,0.949375770402271,7018.381475292433,4189.0,-99.16934973507055,19.51223214139738,0.10481910556364164
Tlalnepantla de Baz,Norte,124.166424994476,0.969941555264784,8571.42857142857,3430.0,-99.19170797655336,19.562156327876032,0.146122422573069
Tlalnepantla de Baz,Norte,124.959899424522,0.976139879995289,12821.63105102486,2293.0,-99.2209100149665,19.53567121377481,0.08781261032921577
Tlalnepantla de Baz,Norte,117.947829697059,0.921364220493269,9404.990403071017,3126.0,-99.12008474077686,19.547768164515144,0.09809257159771169
Tlalnepantla de Baz,Norte,118.971154713326,0.929358051819758,8164.398778117189,3601.0,-99.09972050428806,19.534226019881977,0.08027934875016718
Tlalnepantla de Baz,Norte,117.300827507856,0.916310081987763,6780.442804428044,4336.0,-99.10379482578804,19.537746606047868,0.26860889193948484
Tlalnepantla de Baz,Norte,122.785464127337,0.959154006768541,11511.354737666406,2554.0,-99.10707839788944,19.5304233639421,0.29129889687529004
Tlalnepantla de Baz,Norte,120.415905572475,0.940643903815222,10974.24412094065,2679.0,-99.09305484180466,19.53932494642756,0.06992420649926376
Tlalnepantla de Baz,Norte,123.194946621283,0.962352730473842,45300.46224961479,649.0,-99.11478998062488,19.531846722873706,0.11630247554139635
Tlalnepantla de Baz,Norte,118.452931052173,0.925309882889264,158918.9189189189,185.0,-99.10860973882308,19.539526707153108,0.35917536871732314
Tlalnepantla de Baz,Norte,119.731722336428,0.935299320912984,5753.424657534247,5110.0,-99.10948627831402,19.514408269506355,0.07250253794986364
Tlalnepantla de Baz,Norte,118.698670629948,0.927229508329616,5783.98583513673,5083.0,-99.11652044264396,19.517254045431294,0.23030614751987677
Tlalnepantla de Baz,Norte,119.221786037978,0.931315889752537,4254.703328509407,6910.0,-99.11176926921428,19.515694110197547,0.08055134059291247
Tlalnepantla de Baz,Norte,117.870290817717,0.920758515841424,5664.739884393063,5190.0,-99.12672823215772,19.535084596068348,0.299485761202973
Tlalnepantla de Baz,Norte,119.709020282249,0.935121980977982,5188.845746558419,5666.0,-99.12499114183817,19.524273772946668,0.08149547178854351
Tlalnepantla de Baz,Norte,124.865415124482,0.975401804070713,11648.177496038035,2524.0,-99.22145708680318,19.556362853406323,0.2299408976746912
Tlalnepantla de Baz,Norte,124.094498543519,0.969379692799076,8941.60583941606,3288.0,-99.2243373223224,19.552641961343863,0.18358418488143471
Tlalnepantla de Baz,Norte,121.230250963934,0.947005264670618,7471.410419313849,3935.0,-99.17519474138696,19.55420777833464,0.08698144583001252
Tlalnepantla de Baz,Norte,123.581811665595,0.965374775143117,11515.863689776732,2553.0,-99.16949137768188,19.55661190824443,0.15125192558780298
Tlalnepantla de Baz,Norte,121.399257754849,0.948325482351349,6472.919418758256,4542.0,-99.17325929862572,19.558250289338723,0.08398372608784196
Tlalnepantla de Baz,Norte,122.790705202159,0.959194948079886,17406.749555950264,1689.0,-99.17960177084804,19.55247953209225,0.07124736976398821
Tlalnepantla de Baz,Norte,122.728277908542,0.958707289469561,10982.44303324617,2677.0,-99.21150323622794,19.50896016547852,0.07768045907186073
Tlalnepantla de Baz,Norte,124.757481205328,0.974558664764616,20164.60905349794,1458.0,-99.17393083946672,19.548588760718555,0.09210811255317017
Tlalnepantla de Baz,Norte,118.75358302617,0.927658463379241,6058.108386565012,4853.0,-99.09949952711648,19.53090461558734,0.08941354338095181
Tlalnepantla de Baz,Norte,119.486293001666,0.93338211897472,4409.779511024449,6667.0,-99.0946927865815,19.528646042637373,0.2244084248434705
